TimeQuest Timing Analyzer report for az5
Sat Aug 15 15:36:59 2026
Quartus II 64-Bit Version 13.0.1 Build 232 06/12/2013 Service Pack 1 SJ Web Edition


---------------------
; Table of Contents ;
---------------------
  1. Legal Notice
  2. TimeQuest Timing Analyzer Summary
  3. Parallel Compilation
  4. Clocks
  5. Slow 1200mV 85C Model Fmax Summary
  6. Timing Closure Recommendations
  7. Slow 1200mV 85C Model Setup Summary
  8. Slow 1200mV 85C Model Hold Summary
  9. Slow 1200mV 85C Model Recovery Summary
 10. Slow 1200mV 85C Model Removal Summary
 11. Slow 1200mV 85C Model Minimum Pulse Width Summary
 12. Slow 1200mV 85C Model Setup: 'clk'
 13. Slow 1200mV 85C Model Hold: 'clk'
 14. Slow 1200mV 85C Model Minimum Pulse Width: 'clk'
 15. Setup Times
 16. Hold Times
 17. Clock to Output Times
 18. Minimum Clock to Output Times
 19. Slow 1200mV 85C Model Metastability Report
 20. Slow 1200mV 0C Model Fmax Summary
 21. Slow 1200mV 0C Model Setup Summary
 22. Slow 1200mV 0C Model Hold Summary
 23. Slow 1200mV 0C Model Recovery Summary
 24. Slow 1200mV 0C Model Removal Summary
 25. Slow 1200mV 0C Model Minimum Pulse Width Summary
 26. Slow 1200mV 0C Model Setup: 'clk'
 27. Slow 1200mV 0C Model Hold: 'clk'
 28. Slow 1200mV 0C Model Minimum Pulse Width: 'clk'
 29. Setup Times
 30. Hold Times
 31. Clock to Output Times
 32. Minimum Clock to Output Times
 33. Slow 1200mV 0C Model Metastability Report
 34. Fast 1200mV 0C Model Setup Summary
 35. Fast 1200mV 0C Model Hold Summary
 36. Fast 1200mV 0C Model Recovery Summary
 37. Fast 1200mV 0C Model Removal Summary
 38. Fast 1200mV 0C Model Minimum Pulse Width Summary
 39. Fast 1200mV 0C Model Setup: 'clk'
 40. Fast 1200mV 0C Model Hold: 'clk'
 41. Fast 1200mV 0C Model Minimum Pulse Width: 'clk'
 42. Setup Times
 43. Hold Times
 44. Clock to Output Times
 45. Minimum Clock to Output Times
 46. Fast 1200mV 0C Model Metastability Report
 47. Multicorner Timing Analysis Summary
 48. Setup Times
 49. Hold Times
 50. Clock to Output Times
 51. Minimum Clock to Output Times
 52. Board Trace Model Assignments
 53. Input Transition Times
 54. Signal Integrity Metrics (Slow 1200mv 0c Model)
 55. Signal Integrity Metrics (Slow 1200mv 85c Model)
 56. Signal Integrity Metrics (Fast 1200mv 0c Model)
 57. Setup Transfers
 58. Hold Transfers
 59. Report TCCS
 60. Report RSKM
 61. Unconstrained Paths
 62. TimeQuest Timing Analyzer Messages



----------------
; Legal Notice ;
----------------
Copyright (C) 1991-2013 Altera Corporation
Your use of Altera Corporation's design tools, logic functions 
and other software and tools, and its AMPP partner logic 
functions, and any output files from any of the foregoing 
(including device programming or simulation files), and any 
associated documentation or information are expressly subject 
to the terms and conditions of the Altera Program License 
Subscription Agreement, Altera MegaCore Function License 
Agreement, or other applicable license agreement, including, 
without limitation, that your use is for the sole purpose of 
programming logic devices manufactured by Altera and sold by 
Altera or its authorized distributors.  Please refer to the 
applicable agreement for further details.



+----------------------------------------------------------------------------------------+
; TimeQuest Timing Analyzer Summary                                                      ;
+--------------------+-------------------------------------------------------------------+
; Quartus II Version ; Version 13.0.1 Build 232 06/12/2013 Service Pack 1 SJ Web Edition ;
; Revision Name      ; az5                                                               ;
; Device Family      ; Cyclone IV GX                                                     ;
; Device Name        ; EP4CGX15BF14C6                                                    ;
; Timing Models      ; Final                                                             ;
; Delay Model        ; Combined                                                          ;
; Rise/Fall Delays   ; Enabled                                                           ;
+--------------------+-------------------------------------------------------------------+


Parallel compilation was disabled, but you have multiple processors available. Enable parallel compilation to reduce compilation time.
+-------------------------------------+
; Parallel Compilation                ;
+----------------------------+--------+
; Processors                 ; Number ;
+----------------------------+--------+
; Number detected on machine ; 16     ;
; Maximum allowed            ; 1      ;
+----------------------------+--------+


+---------------------------------------------------------------------------------------------------------------------------------------------------------------------------------+
; Clocks                                                                                                                                                                          ;
+------------+------+--------+------------+-------+-------+------------+-----------+-------------+-------+--------+-----------+------------+----------+--------+--------+---------+
; Clock Name ; Type ; Period ; Frequency  ; Rise  ; Fall  ; Duty Cycle ; Divide by ; Multiply by ; Phase ; Offset ; Edge List ; Edge Shift ; Inverted ; Master ; Source ; Targets ;
+------------+------+--------+------------+-------+-------+------------+-----------+-------------+-------+--------+-----------+------------+----------+--------+--------+---------+
; clk        ; Base ; 1.000  ; 1000.0 MHz ; 0.000 ; 0.500 ;            ;           ;             ;       ;        ;           ;            ;          ;        ;        ; { clk } ;
+------------+------+--------+------------+-------+-------+------------+-----------+-------------+-------+--------+-----------+------------+----------+--------+--------+---------+


+-----------------------------------------------------------------------------------------------------------+
; Slow 1200mV 85C Model Fmax Summary                                                                        ;
+------------+-----------------+------------+---------------------------------------------------------------+
; Fmax       ; Restricted Fmax ; Clock Name ; Note                                                          ;
+------------+-----------------+------------+---------------------------------------------------------------+
; 310.27 MHz ; 250.0 MHz       ; clk        ; limit due to minimum period restriction (max I/O toggle rate) ;
+------------+-----------------+------------+---------------------------------------------------------------+
This panel reports FMAX for every clock in the design, regardless of the user-specified clock periods.  FMAX is only computed for paths where the source and destination registers or ports are driven by the same clock.  Paths of different clocks, including generated clocks, are ignored.  For paths between a clock and its inversion, FMAX is computed as if the rising and falling edges are scaled along with FMAX, such that the duty cycle (in terms of a percentage) is maintained. Altera recommends that you always use clock constraints and other slack reports for sign-off analysis.


----------------------------------
; Timing Closure Recommendations ;
----------------------------------
HTML report is unavailable in plain text report export.


+-------------------------------------+
; Slow 1200mV 85C Model Setup Summary ;
+-------+--------+--------------------+
; Clock ; Slack  ; End Point TNS      ;
+-------+--------+--------------------+
; clk   ; -2.223 ; -25.224            ;
+-------+--------+--------------------+


+------------------------------------+
; Slow 1200mV 85C Model Hold Summary ;
+-------+-------+--------------------+
; Clock ; Slack ; End Point TNS      ;
+-------+-------+--------------------+
; clk   ; 0.355 ; 0.000              ;
+-------+-------+--------------------+


------------------------------------------
; Slow 1200mV 85C Model Recovery Summary ;
------------------------------------------
No paths to report.


-----------------------------------------
; Slow 1200mV 85C Model Removal Summary ;
-----------------------------------------
No paths to report.


+---------------------------------------------------+
; Slow 1200mV 85C Model Minimum Pulse Width Summary ;
+-------+--------+----------------------------------+
; Clock ; Slack  ; End Point TNS                    ;
+-------+--------+----------------------------------+
; clk   ; -3.000 ; -22.000                          ;
+-------+--------+----------------------------------+


+----------------------------------------------------------------------------------------------------------------------------------------------------------+
; Slow 1200mV 85C Model Setup: 'clk'                                                                                                                       ;
+--------+-------------------------------------+-------------------------------------+--------------+-------------+--------------+------------+------------+
; Slack  ; From Node                           ; To Node                             ; Launch Clock ; Latch Clock ; Relationship ; Clock Skew ; Data Delay ;
+--------+-------------------------------------+-------------------------------------+--------------+-------------+--------------+------------+------------+
; -2.223 ; ControlUnit:control_unit|shift_M[1] ; Datapath:datapath|result[7]         ; clk          ; clk         ; 1.000        ; -0.065     ; 3.153      ;
; -2.215 ; ControlUnit:control_unit|shift_M[0] ; Datapath:datapath|result[7]         ; clk          ; clk         ; 1.000        ; -0.065     ; 3.145      ;
; -2.204 ; Datapath:datapath|M_extended[0]     ; Datapath:datapath|result[7]         ; clk          ; clk         ; 1.000        ; -0.065     ; 3.134      ;
; -2.200 ; Datapath:datapath|M_extended[0]     ; Datapath:datapath|result[6]         ; clk          ; clk         ; 1.000        ; -0.065     ; 3.130      ;
; -2.189 ; ControlUnit:control_unit|shift_M[1] ; Datapath:datapath|result[6]         ; clk          ; clk         ; 1.000        ; -0.065     ; 3.119      ;
; -2.151 ; Datapath:datapath|M_extended[1]     ; Datapath:datapath|result[7]         ; clk          ; clk         ; 1.000        ; -0.065     ; 3.081      ;
; -2.107 ; ControlUnit:control_unit|shift_M[1] ; Datapath:datapath|result[5]         ; clk          ; clk         ; 1.000        ; -0.065     ; 3.037      ;
; -2.107 ; Datapath:datapath|M_extended[2]     ; Datapath:datapath|result[7]         ; clk          ; clk         ; 1.000        ; -0.065     ; 3.037      ;
; -2.100 ; Datapath:datapath|M_extended[2]     ; Datapath:datapath|result[6]         ; clk          ; clk         ; 1.000        ; -0.065     ; 3.030      ;
; -2.088 ; Datapath:datapath|M_extended[0]     ; Datapath:datapath|result[5]         ; clk          ; clk         ; 1.000        ; -0.065     ; 3.018      ;
; -2.084 ; Datapath:datapath|M_extended[0]     ; Datapath:datapath|result[4]         ; clk          ; clk         ; 1.000        ; -0.065     ; 3.014      ;
; -2.073 ; ControlUnit:control_unit|shift_M[1] ; Datapath:datapath|result[4]         ; clk          ; clk         ; 1.000        ; -0.065     ; 3.003      ;
; -2.035 ; Datapath:datapath|M_extended[1]     ; Datapath:datapath|result[5]         ; clk          ; clk         ; 1.000        ; -0.065     ; 2.965      ;
; -2.029 ; Datapath:datapath|M_extended[1]     ; Datapath:datapath|result[6]         ; clk          ; clk         ; 1.000        ; -0.065     ; 2.959      ;
; -2.027 ; ControlUnit:control_unit|shift_M[0] ; Datapath:datapath|result[5]         ; clk          ; clk         ; 1.000        ; -0.065     ; 2.957      ;
; -2.021 ; ControlUnit:control_unit|shift_M[0] ; Datapath:datapath|result[6]         ; clk          ; clk         ; 1.000        ; -0.065     ; 2.951      ;
; -1.991 ; ControlUnit:control_unit|shift_M[1] ; Datapath:datapath|result[3]         ; clk          ; clk         ; 1.000        ; -0.065     ; 2.921      ;
; -1.984 ; Datapath:datapath|M_extended[2]     ; Datapath:datapath|result[4]         ; clk          ; clk         ; 1.000        ; -0.065     ; 2.914      ;
; -1.978 ; Datapath:datapath|M_extended[2]     ; Datapath:datapath|result[5]         ; clk          ; clk         ; 1.000        ; -0.065     ; 2.908      ;
; -1.975 ; Datapath:datapath|Q_out[0]          ; ControlUnit:control_unit|shift_M[1] ; clk          ; clk         ; 1.000        ; -0.064     ; 2.906      ;
; -1.972 ; Datapath:datapath|M_extended[0]     ; Datapath:datapath|result[3]         ; clk          ; clk         ; 1.000        ; -0.065     ; 2.902      ;
; -1.968 ; Datapath:datapath|M_extended[0]     ; Datapath:datapath|result[2]         ; clk          ; clk         ; 1.000        ; -0.065     ; 2.898      ;
; -1.939 ; Datapath:datapath|Q_out[3]          ; ControlUnit:control_unit|shift_M[1] ; clk          ; clk         ; 1.000        ; -0.064     ; 2.870      ;
; -1.919 ; Datapath:datapath|M_extended[1]     ; Datapath:datapath|result[3]         ; clk          ; clk         ; 1.000        ; -0.065     ; 2.849      ;
; -1.916 ; Datapath:datapath|Q_out[0]          ; Datapath:datapath|result[7]         ; clk          ; clk         ; 1.000        ; -0.065     ; 2.846      ;
; -1.913 ; Datapath:datapath|M_extended[1]     ; Datapath:datapath|result[4]         ; clk          ; clk         ; 1.000        ; -0.065     ; 2.843      ;
; -1.911 ; ControlUnit:control_unit|shift_M[0] ; Datapath:datapath|result[3]         ; clk          ; clk         ; 1.000        ; -0.065     ; 2.841      ;
; -1.905 ; Datapath:datapath|M_extended[3]     ; Datapath:datapath|result[7]         ; clk          ; clk         ; 1.000        ; -0.065     ; 2.835      ;
; -1.905 ; ControlUnit:control_unit|shift_M[0] ; Datapath:datapath|result[4]         ; clk          ; clk         ; 1.000        ; -0.065     ; 2.835      ;
; -1.884 ; Datapath:datapath|M_extended[3]     ; Datapath:datapath|result[6]         ; clk          ; clk         ; 1.000        ; -0.065     ; 2.814      ;
; -1.877 ; ControlUnit:control_unit|shift_M[2] ; Datapath:datapath|result[7]         ; clk          ; clk         ; 1.000        ; -0.065     ; 2.807      ;
; -1.865 ; Datapath:datapath|Q_out[3]          ; ControlUnit:control_unit|shift_M[2] ; clk          ; clk         ; 1.000        ; -0.065     ; 2.795      ;
; -1.864 ; Datapath:datapath|Q_out[0]          ; ControlUnit:control_unit|shift_M[2] ; clk          ; clk         ; 1.000        ; -0.065     ; 2.794      ;
; -1.817 ; Datapath:datapath|Q_out[2]          ; ControlUnit:control_unit|shift_M[1] ; clk          ; clk         ; 1.000        ; -0.064     ; 2.748      ;
; -1.804 ; Datapath:datapath|M_extended[2]     ; Datapath:datapath|result[3]         ; clk          ; clk         ; 1.000        ; -0.065     ; 2.734      ;
; -1.800 ; Datapath:datapath|Q_out[0]          ; Datapath:datapath|result[5]         ; clk          ; clk         ; 1.000        ; -0.065     ; 2.730      ;
; -1.794 ; Datapath:datapath|Q_out[0]          ; Datapath:datapath|result[6]         ; clk          ; clk         ; 1.000        ; -0.065     ; 2.724      ;
; -1.789 ; Datapath:datapath|M_extended[3]     ; Datapath:datapath|result[5]         ; clk          ; clk         ; 1.000        ; -0.065     ; 2.719      ;
; -1.782 ; Datapath:datapath|M_extended[0]     ; Datapath:datapath|result[1]         ; clk          ; clk         ; 1.000        ; -0.065     ; 2.712      ;
; -1.771 ; Datapath:datapath|Q_out[0]          ; ControlUnit:control_unit|shift_M[0] ; clk          ; clk         ; 1.000        ; -0.064     ; 2.702      ;
; -1.732 ; Datapath:datapath|Q_out[3]          ; ControlUnit:control_unit|shift_M[0] ; clk          ; clk         ; 1.000        ; -0.064     ; 2.663      ;
; -1.718 ; ControlUnit:control_unit|shift_M[2] ; Datapath:datapath|result[5]         ; clk          ; clk         ; 1.000        ; -0.065     ; 2.648      ;
; -1.712 ; ControlUnit:control_unit|shift_M[2] ; Datapath:datapath|result[6]         ; clk          ; clk         ; 1.000        ; -0.065     ; 2.642      ;
; -1.705 ; Datapath:datapath|Q_out[2]          ; ControlUnit:control_unit|shift_M[2] ; clk          ; clk         ; 1.000        ; -0.065     ; 2.635      ;
; -1.697 ; ControlUnit:control_unit|shift_M[0] ; Datapath:datapath|result[2]         ; clk          ; clk         ; 1.000        ; -0.065     ; 2.627      ;
; -1.692 ; Datapath:datapath|M_extended[3]     ; Datapath:datapath|result[4]         ; clk          ; clk         ; 1.000        ; -0.065     ; 2.622      ;
; -1.684 ; Datapath:datapath|Q_out[0]          ; Datapath:datapath|result[3]         ; clk          ; clk         ; 1.000        ; -0.065     ; 2.614      ;
; -1.678 ; Datapath:datapath|Q_out[0]          ; Datapath:datapath|result[4]         ; clk          ; clk         ; 1.000        ; -0.065     ; 2.608      ;
; -1.676 ; Datapath:datapath|Q_out[1]          ; ControlUnit:control_unit|shift_M[1] ; clk          ; clk         ; 1.000        ; -0.064     ; 2.607      ;
; -1.642 ; ControlUnit:control_unit|shift_M[2] ; Datapath:datapath|result[0]         ; clk          ; clk         ; 1.000        ; -0.065     ; 2.572      ;
; -1.642 ; ControlUnit:control_unit|shift_M[2] ; Datapath:datapath|result[1]         ; clk          ; clk         ; 1.000        ; -0.065     ; 2.572      ;
; -1.642 ; ControlUnit:control_unit|shift_M[2] ; Datapath:datapath|result[2]         ; clk          ; clk         ; 1.000        ; -0.065     ; 2.572      ;
; -1.642 ; ControlUnit:control_unit|shift_M[2] ; Datapath:datapath|result[3]         ; clk          ; clk         ; 1.000        ; -0.065     ; 2.572      ;
; -1.642 ; ControlUnit:control_unit|shift_M[2] ; Datapath:datapath|result[4]         ; clk          ; clk         ; 1.000        ; -0.065     ; 2.572      ;
; -1.593 ; Datapath:datapath|Q_out[2]          ; ControlUnit:control_unit|shift_M[0] ; clk          ; clk         ; 1.000        ; -0.064     ; 2.524      ;
; -1.569 ; Datapath:datapath|M_extended[1]     ; Datapath:datapath|result[2]         ; clk          ; clk         ; 1.000        ; -0.065     ; 2.499      ;
; -1.568 ; Datapath:datapath|Q_out[0]          ; Datapath:datapath|result[1]         ; clk          ; clk         ; 1.000        ; -0.065     ; 2.498      ;
; -1.564 ; Datapath:datapath|Q_out[1]          ; ControlUnit:control_unit|shift_M[2] ; clk          ; clk         ; 1.000        ; -0.065     ; 2.494      ;
; -1.562 ; Datapath:datapath|Q_out[0]          ; Datapath:datapath|result[2]         ; clk          ; clk         ; 1.000        ; -0.065     ; 2.492      ;
; -1.552 ; Datapath:datapath|Q_out[0]          ; Datapath:datapath|result[0]         ; clk          ; clk         ; 1.000        ; -0.065     ; 2.482      ;
; -1.471 ; ControlUnit:control_unit|shift_M[1] ; Datapath:datapath|result[2]         ; clk          ; clk         ; 1.000        ; -0.065     ; 2.401      ;
; -1.452 ; Datapath:datapath|Q_out[1]          ; ControlUnit:control_unit|shift_M[0] ; clk          ; clk         ; 1.000        ; -0.064     ; 2.383      ;
; -1.424 ; ControlUnit:control_unit|shift_M[0] ; Datapath:datapath|result[1]         ; clk          ; clk         ; 1.000        ; -0.065     ; 2.354      ;
; -1.402 ; ControlUnit:control_unit|shift_M[1] ; ControlUnit:control_unit|shift_M[2] ; clk          ; clk         ; 1.000        ; -0.065     ; 2.332      ;
; -1.384 ; ControlUnit:control_unit|shift_M[0] ; ControlUnit:control_unit|shift_M[1] ; clk          ; clk         ; 1.000        ; -0.064     ; 2.315      ;
; -1.284 ; Datapath:datapath|M_extended[2]     ; Datapath:datapath|result[2]         ; clk          ; clk         ; 1.000        ; -0.065     ; 2.214      ;
; -1.275 ; ControlUnit:control_unit|shift_M[0] ; ControlUnit:control_unit|shift_M[2] ; clk          ; clk         ; 1.000        ; -0.065     ; 2.205      ;
; -1.268 ; Datapath:datapath|M_extended[0]     ; Datapath:datapath|result[0]         ; clk          ; clk         ; 1.000        ; -0.065     ; 2.198      ;
; -1.221 ; ControlUnit:control_unit|shift_M[0] ; ControlUnit:control_unit|shift_M[0] ; clk          ; clk         ; 1.000        ; -0.064     ; 2.152      ;
; -1.212 ; ControlUnit:control_unit|shift_M[1] ; Datapath:datapath|result[1]         ; clk          ; clk         ; 1.000        ; -0.065     ; 2.142      ;
; -1.197 ; Datapath:datapath|M_extended[3]     ; Datapath:datapath|result[3]         ; clk          ; clk         ; 1.000        ; -0.065     ; 2.127      ;
; -1.175 ; ControlUnit:control_unit|shift_M[1] ; Datapath:datapath|result[0]         ; clk          ; clk         ; 1.000        ; -0.065     ; 2.105      ;
; -1.108 ; ControlUnit:control_unit|shift_M[2] ; ControlUnit:control_unit|shift_M[2] ; clk          ; clk         ; 1.000        ; -0.065     ; 2.038      ;
; -1.100 ; Datapath:datapath|M_extended[1]     ; Datapath:datapath|result[1]         ; clk          ; clk         ; 1.000        ; -0.065     ; 2.030      ;
; -1.099 ; Datapath:datapath|result[6]         ; Datapath:datapath|result[7]         ; clk          ; clk         ; 1.000        ; -0.065     ; 2.029      ;
; -1.069 ; ControlUnit:control_unit|shift_M[2] ; ControlUnit:control_unit|shift_M[0] ; clk          ; clk         ; 1.000        ; -0.064     ; 2.000      ;
; -1.069 ; ControlUnit:control_unit|shift_M[2] ; ControlUnit:control_unit|shift_M[1] ; clk          ; clk         ; 1.000        ; -0.064     ; 2.000      ;
; -1.069 ; ControlUnit:control_unit|shift_M[0] ; Datapath:datapath|result[0]         ; clk          ; clk         ; 1.000        ; -0.065     ; 1.999      ;
; -1.046 ; Datapath:datapath|result[0]         ; Datapath:datapath|result[7]         ; clk          ; clk         ; 1.000        ; -0.065     ; 1.976      ;
; -0.988 ; ControlUnit:control_unit|shift_M[1] ; ControlUnit:control_unit|shift_M[1] ; clk          ; clk         ; 1.000        ; -0.064     ; 1.919      ;
; -0.939 ; Datapath:datapath|result[2]         ; Datapath:datapath|result[7]         ; clk          ; clk         ; 1.000        ; -0.065     ; 1.869      ;
; -0.930 ; Datapath:datapath|result[0]         ; Datapath:datapath|result[5]         ; clk          ; clk         ; 1.000        ; -0.065     ; 1.860      ;
; -0.924 ; Datapath:datapath|result[0]         ; Datapath:datapath|result[6]         ; clk          ; clk         ; 1.000        ; -0.065     ; 1.854      ;
; -0.904 ; ControlUnit:control_unit|shift_M[2] ; Datapath:datapath|Q_out[3]          ; clk          ; clk         ; 1.000        ; -0.064     ; 1.835      ;
; -0.904 ; ControlUnit:control_unit|shift_M[2] ; Datapath:datapath|Q_out[0]          ; clk          ; clk         ; 1.000        ; -0.064     ; 1.835      ;
; -0.904 ; ControlUnit:control_unit|shift_M[2] ; Datapath:datapath|Q_out[2]          ; clk          ; clk         ; 1.000        ; -0.064     ; 1.835      ;
; -0.904 ; ControlUnit:control_unit|shift_M[2] ; Datapath:datapath|Q_out[1]          ; clk          ; clk         ; 1.000        ; -0.064     ; 1.835      ;
; -0.849 ; Datapath:datapath|result[1]         ; Datapath:datapath|result[7]         ; clk          ; clk         ; 1.000        ; -0.065     ; 1.779      ;
; -0.831 ; Datapath:datapath|result[1]         ; Datapath:datapath|result[6]         ; clk          ; clk         ; 1.000        ; -0.065     ; 1.761      ;
; -0.823 ; Datapath:datapath|result[2]         ; Datapath:datapath|result[5]         ; clk          ; clk         ; 1.000        ; -0.065     ; 1.753      ;
; -0.817 ; Datapath:datapath|result[2]         ; Datapath:datapath|result[6]         ; clk          ; clk         ; 1.000        ; -0.065     ; 1.747      ;
; -0.814 ; Datapath:datapath|result[0]         ; Datapath:datapath|result[3]         ; clk          ; clk         ; 1.000        ; -0.065     ; 1.744      ;
; -0.808 ; Datapath:datapath|result[0]         ; Datapath:datapath|result[4]         ; clk          ; clk         ; 1.000        ; -0.065     ; 1.738      ;
; -0.733 ; Datapath:datapath|result[1]         ; Datapath:datapath|result[5]         ; clk          ; clk         ; 1.000        ; -0.065     ; 1.663      ;
; -0.715 ; Datapath:datapath|result[1]         ; Datapath:datapath|result[4]         ; clk          ; clk         ; 1.000        ; -0.065     ; 1.645      ;
; -0.707 ; Datapath:datapath|result[2]         ; Datapath:datapath|result[3]         ; clk          ; clk         ; 1.000        ; -0.065     ; 1.637      ;
; -0.702 ; Datapath:datapath|result[4]         ; Datapath:datapath|result[7]         ; clk          ; clk         ; 1.000        ; -0.065     ; 1.632      ;
; -0.701 ; Datapath:datapath|result[2]         ; Datapath:datapath|result[4]         ; clk          ; clk         ; 1.000        ; -0.065     ; 1.631      ;
; -0.698 ; Datapath:datapath|result[0]         ; Datapath:datapath|result[1]         ; clk          ; clk         ; 1.000        ; -0.065     ; 1.628      ;
; -0.692 ; Datapath:datapath|result[0]         ; Datapath:datapath|result[2]         ; clk          ; clk         ; 1.000        ; -0.065     ; 1.622      ;
+--------+-------------------------------------+-------------------------------------+--------------+-------------+--------------+------------+------------+


+---------------------------------------------------------------------------------------------------------------------------------------------------------+
; Slow 1200mV 85C Model Hold: 'clk'                                                                                                                       ;
+-------+-------------------------------------+-------------------------------------+--------------+-------------+--------------+------------+------------+
; Slack ; From Node                           ; To Node                             ; Launch Clock ; Latch Clock ; Relationship ; Clock Skew ; Data Delay ;
+-------+-------------------------------------+-------------------------------------+--------------+-------------+--------------+------------+------------+
; 0.355 ; ControlUnit:control_unit|shift_M[2] ; ControlUnit:control_unit|shift_M[2] ; clk          ; clk         ; 0.000        ; 0.065      ; 0.577      ;
; 0.356 ; Datapath:datapath|Q_out[1]          ; Datapath:datapath|Q_out[1]          ; clk          ; clk         ; 0.000        ; 0.064      ; 0.577      ;
; 0.359 ; Datapath:datapath|Q_out[0]          ; Datapath:datapath|Q_out[0]          ; clk          ; clk         ; 0.000        ; 0.064      ; 0.580      ;
; 0.392 ; Datapath:datapath|Q_out[1]          ; Datapath:datapath|Q_out[2]          ; clk          ; clk         ; 0.000        ; 0.064      ; 0.613      ;
; 0.394 ; Datapath:datapath|Q_out[1]          ; Datapath:datapath|Q_out[0]          ; clk          ; clk         ; 0.000        ; 0.064      ; 0.615      ;
; 0.419 ; Datapath:datapath|Q_out[3]          ; Datapath:datapath|Q_out[1]          ; clk          ; clk         ; 0.000        ; 0.064      ; 0.640      ;
; 0.573 ; Datapath:datapath|result[3]         ; Datapath:datapath|result[3]         ; clk          ; clk         ; 0.000        ; 0.065      ; 0.795      ;
; 0.575 ; Datapath:datapath|result[7]         ; Datapath:datapath|result[7]         ; clk          ; clk         ; 0.000        ; 0.065      ; 0.797      ;
; 0.576 ; Datapath:datapath|result[4]         ; Datapath:datapath|result[4]         ; clk          ; clk         ; 0.000        ; 0.065      ; 0.798      ;
; 0.585 ; Datapath:datapath|Q_out[2]          ; Datapath:datapath|Q_out[1]          ; clk          ; clk         ; 0.000        ; 0.064      ; 0.806      ;
; 0.615 ; Datapath:datapath|Q_out[3]          ; Datapath:datapath|Q_out[2]          ; clk          ; clk         ; 0.000        ; 0.064      ; 0.836      ;
; 0.642 ; Datapath:datapath|Q_out[0]          ; Datapath:datapath|Q_out[1]          ; clk          ; clk         ; 0.000        ; 0.064      ; 0.863      ;
; 0.647 ; Datapath:datapath|Q_out[2]          ; Datapath:datapath|Q_out[0]          ; clk          ; clk         ; 0.000        ; 0.064      ; 0.868      ;
; 0.666 ; Datapath:datapath|Q_out[0]          ; Datapath:datapath|Q_out[2]          ; clk          ; clk         ; 0.000        ; 0.064      ; 0.887      ;
; 0.692 ; Datapath:datapath|result[1]         ; Datapath:datapath|result[1]         ; clk          ; clk         ; 0.000        ; 0.065      ; 0.914      ;
; 0.696 ; Datapath:datapath|result[5]         ; Datapath:datapath|result[5]         ; clk          ; clk         ; 0.000        ; 0.065      ; 0.918      ;
; 0.701 ; Datapath:datapath|result[0]         ; Datapath:datapath|result[0]         ; clk          ; clk         ; 0.000        ; 0.065      ; 0.923      ;
; 0.713 ; ControlUnit:control_unit|shift_M[2] ; Datapath:datapath|result[7]         ; clk          ; clk         ; 0.000        ; 0.065      ; 0.935      ;
; 0.714 ; Datapath:datapath|result[2]         ; Datapath:datapath|result[2]         ; clk          ; clk         ; 0.000        ; 0.065      ; 0.936      ;
; 0.804 ; Datapath:datapath|Q_out[3]          ; Datapath:datapath|Q_out[0]          ; clk          ; clk         ; 0.000        ; 0.064      ; 1.025      ;
; 0.848 ; Datapath:datapath|result[4]         ; Datapath:datapath|result[5]         ; clk          ; clk         ; 0.000        ; 0.065      ; 1.070      ;
; 0.862 ; Datapath:datapath|result[3]         ; Datapath:datapath|result[4]         ; clk          ; clk         ; 0.000        ; 0.065      ; 1.084      ;
; 0.864 ; Datapath:datapath|result[3]         ; Datapath:datapath|result[5]         ; clk          ; clk         ; 0.000        ; 0.065      ; 1.086      ;
; 0.908 ; ControlUnit:control_unit|shift_M[2] ; Datapath:datapath|result[1]         ; clk          ; clk         ; 0.000        ; 0.065      ; 1.130      ;
; 0.958 ; Datapath:datapath|result[4]         ; Datapath:datapath|result[6]         ; clk          ; clk         ; 0.000        ; 0.065      ; 1.180      ;
; 0.960 ; Datapath:datapath|result[4]         ; Datapath:datapath|result[7]         ; clk          ; clk         ; 0.000        ; 0.065      ; 1.182      ;
; 0.973 ; Datapath:datapath|result[0]         ; Datapath:datapath|result[1]         ; clk          ; clk         ; 0.000        ; 0.065      ; 1.195      ;
; 0.974 ; Datapath:datapath|result[3]         ; Datapath:datapath|result[6]         ; clk          ; clk         ; 0.000        ; 0.065      ; 1.196      ;
; 0.976 ; Datapath:datapath|result[3]         ; Datapath:datapath|result[7]         ; clk          ; clk         ; 0.000        ; 0.065      ; 1.198      ;
; 0.981 ; Datapath:datapath|result[1]         ; Datapath:datapath|result[2]         ; clk          ; clk         ; 0.000        ; 0.065      ; 1.203      ;
; 0.983 ; Datapath:datapath|result[1]         ; Datapath:datapath|result[3]         ; clk          ; clk         ; 0.000        ; 0.065      ; 1.205      ;
; 0.985 ; Datapath:datapath|result[5]         ; Datapath:datapath|result[6]         ; clk          ; clk         ; 0.000        ; 0.065      ; 1.207      ;
; 0.986 ; Datapath:datapath|result[2]         ; Datapath:datapath|result[3]         ; clk          ; clk         ; 0.000        ; 0.065      ; 1.208      ;
; 0.987 ; Datapath:datapath|result[5]         ; Datapath:datapath|result[7]         ; clk          ; clk         ; 0.000        ; 0.065      ; 1.209      ;
; 1.083 ; Datapath:datapath|result[0]         ; Datapath:datapath|result[2]         ; clk          ; clk         ; 0.000        ; 0.065      ; 1.305      ;
; 1.085 ; Datapath:datapath|result[0]         ; Datapath:datapath|result[3]         ; clk          ; clk         ; 0.000        ; 0.065      ; 1.307      ;
; 1.091 ; ControlUnit:control_unit|shift_M[2] ; Datapath:datapath|result[0]         ; clk          ; clk         ; 0.000        ; 0.065      ; 1.313      ;
; 1.092 ; ControlUnit:control_unit|shift_M[2] ; Datapath:datapath|result[2]         ; clk          ; clk         ; 0.000        ; 0.065      ; 1.314      ;
; 1.093 ; Datapath:datapath|result[1]         ; Datapath:datapath|result[4]         ; clk          ; clk         ; 0.000        ; 0.065      ; 1.315      ;
; 1.093 ; Datapath:datapath|result[6]         ; Datapath:datapath|result[6]         ; clk          ; clk         ; 0.000        ; 0.065      ; 1.315      ;
; 1.094 ; Datapath:datapath|result[2]         ; Datapath:datapath|result[4]         ; clk          ; clk         ; 0.000        ; 0.065      ; 1.316      ;
; 1.095 ; Datapath:datapath|result[1]         ; Datapath:datapath|result[5]         ; clk          ; clk         ; 0.000        ; 0.065      ; 1.317      ;
; 1.098 ; Datapath:datapath|result[2]         ; Datapath:datapath|result[5]         ; clk          ; clk         ; 0.000        ; 0.065      ; 1.320      ;
; 1.158 ; ControlUnit:control_unit|shift_M[1] ; Datapath:datapath|result[0]         ; clk          ; clk         ; 0.000        ; 0.064      ; 1.379      ;
; 1.195 ; Datapath:datapath|result[0]         ; Datapath:datapath|result[4]         ; clk          ; clk         ; 0.000        ; 0.065      ; 1.417      ;
; 1.197 ; Datapath:datapath|result[0]         ; Datapath:datapath|result[5]         ; clk          ; clk         ; 0.000        ; 0.065      ; 1.419      ;
; 1.199 ; ControlUnit:control_unit|shift_M[2] ; Datapath:datapath|result[3]         ; clk          ; clk         ; 0.000        ; 0.065      ; 1.421      ;
; 1.205 ; Datapath:datapath|result[1]         ; Datapath:datapath|result[6]         ; clk          ; clk         ; 0.000        ; 0.065      ; 1.427      ;
; 1.206 ; Datapath:datapath|result[2]         ; Datapath:datapath|result[6]         ; clk          ; clk         ; 0.000        ; 0.065      ; 1.428      ;
; 1.207 ; Datapath:datapath|result[1]         ; Datapath:datapath|result[7]         ; clk          ; clk         ; 0.000        ; 0.065      ; 1.429      ;
; 1.210 ; Datapath:datapath|result[2]         ; Datapath:datapath|result[7]         ; clk          ; clk         ; 0.000        ; 0.065      ; 1.432      ;
; 1.246 ; Datapath:datapath|Q_out[0]          ; Datapath:datapath|result[0]         ; clk          ; clk         ; 0.000        ; 0.064      ; 1.467      ;
; 1.248 ; Datapath:datapath|Q_out[0]          ; Datapath:datapath|result[7]         ; clk          ; clk         ; 0.000        ; 0.064      ; 1.469      ;
; 1.248 ; Datapath:datapath|Q_out[0]          ; Datapath:datapath|result[1]         ; clk          ; clk         ; 0.000        ; 0.064      ; 1.469      ;
; 1.264 ; Datapath:datapath|M_extended[3]     ; Datapath:datapath|result[7]         ; clk          ; clk         ; 0.000        ; 0.064      ; 1.485      ;
; 1.278 ; ControlUnit:control_unit|shift_M[1] ; Datapath:datapath|result[1]         ; clk          ; clk         ; 0.000        ; 0.064      ; 1.499      ;
; 1.287 ; ControlUnit:control_unit|shift_M[2] ; Datapath:datapath|result[4]         ; clk          ; clk         ; 0.000        ; 0.065      ; 1.509      ;
; 1.293 ; Datapath:datapath|Q_out[1]          ; ControlUnit:control_unit|shift_M[2] ; clk          ; clk         ; 0.000        ; 0.064      ; 1.514      ;
; 1.307 ; Datapath:datapath|result[0]         ; Datapath:datapath|result[6]         ; clk          ; clk         ; 0.000        ; 0.065      ; 1.529      ;
; 1.309 ; Datapath:datapath|result[0]         ; Datapath:datapath|result[7]         ; clk          ; clk         ; 0.000        ; 0.065      ; 1.531      ;
; 1.311 ; ControlUnit:control_unit|shift_M[2] ; Datapath:datapath|result[5]         ; clk          ; clk         ; 0.000        ; 0.065      ; 1.533      ;
; 1.354 ; Datapath:datapath|Q_out[0]          ; Datapath:datapath|result[6]         ; clk          ; clk         ; 0.000        ; 0.064      ; 1.575      ;
; 1.358 ; Datapath:datapath|Q_out[0]          ; Datapath:datapath|result[2]         ; clk          ; clk         ; 0.000        ; 0.064      ; 1.579      ;
; 1.360 ; Datapath:datapath|Q_out[0]          ; Datapath:datapath|result[3]         ; clk          ; clk         ; 0.000        ; 0.064      ; 1.581      ;
; 1.361 ; ControlUnit:control_unit|shift_M[0] ; Datapath:datapath|result[0]         ; clk          ; clk         ; 0.000        ; 0.064      ; 1.582      ;
; 1.367 ; Datapath:datapath|result[6]         ; Datapath:datapath|result[7]         ; clk          ; clk         ; 0.000        ; 0.065      ; 1.589      ;
; 1.399 ; ControlUnit:control_unit|shift_M[2] ; Datapath:datapath|result[6]         ; clk          ; clk         ; 0.000        ; 0.065      ; 1.621      ;
; 1.406 ; Datapath:datapath|Q_out[2]          ; ControlUnit:control_unit|shift_M[2] ; clk          ; clk         ; 0.000        ; 0.064      ; 1.627      ;
; 1.406 ; Datapath:datapath|Q_out[0]          ; Datapath:datapath|result[4]         ; clk          ; clk         ; 0.000        ; 0.064      ; 1.627      ;
; 1.408 ; Datapath:datapath|M_extended[0]     ; Datapath:datapath|result[2]         ; clk          ; clk         ; 0.000        ; 0.064      ; 1.629      ;
; 1.460 ; Datapath:datapath|Q_out[0]          ; Datapath:datapath|result[5]         ; clk          ; clk         ; 0.000        ; 0.064      ; 1.681      ;
; 1.473 ; ControlUnit:control_unit|shift_M[1] ; Datapath:datapath|result[7]         ; clk          ; clk         ; 0.000        ; 0.064      ; 1.694      ;
; 1.479 ; ControlUnit:control_unit|shift_M[1] ; ControlUnit:control_unit|shift_M[1] ; clk          ; clk         ; 0.000        ; 0.064      ; 1.700      ;
; 1.493 ; ControlUnit:control_unit|shift_M[1] ; Datapath:datapath|result[2]         ; clk          ; clk         ; 0.000        ; 0.064      ; 1.714      ;
; 1.507 ; Datapath:datapath|Q_out[3]          ; ControlUnit:control_unit|shift_M[2] ; clk          ; clk         ; 0.000        ; 0.064      ; 1.728      ;
; 1.516 ; Datapath:datapath|M_extended[1]     ; Datapath:datapath|result[5]         ; clk          ; clk         ; 0.000        ; 0.064      ; 1.737      ;
; 1.517 ; Datapath:datapath|M_extended[1]     ; Datapath:datapath|result[7]         ; clk          ; clk         ; 0.000        ; 0.064      ; 1.738      ;
; 1.524 ; Datapath:datapath|Q_out[0]          ; ControlUnit:control_unit|shift_M[2] ; clk          ; clk         ; 0.000        ; 0.064      ; 1.745      ;
; 1.530 ; ControlUnit:control_unit|shift_M[1] ; Datapath:datapath|result[5]         ; clk          ; clk         ; 0.000        ; 0.064      ; 1.751      ;
; 1.544 ; ControlUnit:control_unit|shift_M[1] ; Datapath:datapath|result[3]         ; clk          ; clk         ; 0.000        ; 0.064      ; 1.765      ;
; 1.559 ; ControlUnit:control_unit|shift_M[1] ; Datapath:datapath|result[4]         ; clk          ; clk         ; 0.000        ; 0.064      ; 1.780      ;
; 1.572 ; ControlUnit:control_unit|shift_M[0] ; Datapath:datapath|result[2]         ; clk          ; clk         ; 0.000        ; 0.064      ; 1.793      ;
; 1.575 ; ControlUnit:control_unit|shift_M[0] ; Datapath:datapath|result[7]         ; clk          ; clk         ; 0.000        ; 0.064      ; 1.796      ;
; 1.578 ; ControlUnit:control_unit|shift_M[0] ; Datapath:datapath|result[5]         ; clk          ; clk         ; 0.000        ; 0.064      ; 1.799      ;
; 1.584 ; Datapath:datapath|M_extended[1]     ; Datapath:datapath|result[1]         ; clk          ; clk         ; 0.000        ; 0.064      ; 1.805      ;
; 1.599 ; ControlUnit:control_unit|shift_M[2] ; Datapath:datapath|Q_out[3]          ; clk          ; clk         ; 0.000        ; 0.065      ; 1.821      ;
; 1.599 ; ControlUnit:control_unit|shift_M[2] ; Datapath:datapath|Q_out[0]          ; clk          ; clk         ; 0.000        ; 0.065      ; 1.821      ;
; 1.599 ; ControlUnit:control_unit|shift_M[2] ; Datapath:datapath|Q_out[2]          ; clk          ; clk         ; 0.000        ; 0.065      ; 1.821      ;
; 1.599 ; ControlUnit:control_unit|shift_M[2] ; Datapath:datapath|Q_out[1]          ; clk          ; clk         ; 0.000        ; 0.065      ; 1.821      ;
; 1.599 ; Datapath:datapath|M_extended[1]     ; Datapath:datapath|result[3]         ; clk          ; clk         ; 0.000        ; 0.064      ; 1.820      ;
; 1.602 ; Datapath:datapath|Q_out[1]          ; ControlUnit:control_unit|shift_M[1] ; clk          ; clk         ; 0.000        ; 0.064      ; 1.823      ;
; 1.623 ; ControlUnit:control_unit|shift_M[0] ; ControlUnit:control_unit|shift_M[2] ; clk          ; clk         ; 0.000        ; 0.064      ; 1.844      ;
; 1.632 ; ControlUnit:control_unit|shift_M[0] ; Datapath:datapath|result[4]         ; clk          ; clk         ; 0.000        ; 0.064      ; 1.853      ;
; 1.635 ; ControlUnit:control_unit|shift_M[0] ; Datapath:datapath|result[1]         ; clk          ; clk         ; 0.000        ; 0.064      ; 1.856      ;
; 1.642 ; Datapath:datapath|M_extended[3]     ; Datapath:datapath|result[5]         ; clk          ; clk         ; 0.000        ; 0.064      ; 1.863      ;
; 1.651 ; ControlUnit:control_unit|shift_M[1] ; ControlUnit:control_unit|shift_M[2] ; clk          ; clk         ; 0.000        ; 0.064      ; 1.872      ;
; 1.661 ; ControlUnit:control_unit|shift_M[0] ; Datapath:datapath|result[3]         ; clk          ; clk         ; 0.000        ; 0.064      ; 1.882      ;
; 1.666 ; Datapath:datapath|M_extended[3]     ; Datapath:datapath|result[6]         ; clk          ; clk         ; 0.000        ; 0.064      ; 1.887      ;
; 1.668 ; Datapath:datapath|M_extended[0]     ; Datapath:datapath|result[0]         ; clk          ; clk         ; 0.000        ; 0.064      ; 1.889      ;
; 1.675 ; Datapath:datapath|M_extended[3]     ; Datapath:datapath|result[4]         ; clk          ; clk         ; 0.000        ; 0.064      ; 1.896      ;
+-------+-------------------------------------+-------------------------------------+--------------+-------------+--------------+------------+------------+


+----------------------------------------------------------------------------------------------------------------------+
; Slow 1200mV 85C Model Minimum Pulse Width: 'clk'                                                                     ;
+--------+--------------+----------------+------------------+-------+------------+-------------------------------------+
; Slack  ; Actual Width ; Required Width ; Type             ; Clock ; Clock Edge ; Target                              ;
+--------+--------------+----------------+------------------+-------+------------+-------------------------------------+
; -3.000 ; 1.000        ; 4.000          ; Port Rate        ; clk   ; Rise       ; clk                                 ;
; -1.000 ; 1.000        ; 2.000          ; Min Period       ; clk   ; Rise       ; ControlUnit:control_unit|shift_M[0] ;
; -1.000 ; 1.000        ; 2.000          ; Min Period       ; clk   ; Rise       ; ControlUnit:control_unit|shift_M[1] ;
; -1.000 ; 1.000        ; 2.000          ; Min Period       ; clk   ; Rise       ; ControlUnit:control_unit|shift_M[2] ;
; -1.000 ; 1.000        ; 2.000          ; Min Period       ; clk   ; Rise       ; Datapath:datapath|M_extended[0]     ;
; -1.000 ; 1.000        ; 2.000          ; Min Period       ; clk   ; Rise       ; Datapath:datapath|M_extended[1]     ;
; -1.000 ; 1.000        ; 2.000          ; Min Period       ; clk   ; Rise       ; Datapath:datapath|M_extended[2]     ;
; -1.000 ; 1.000        ; 2.000          ; Min Period       ; clk   ; Rise       ; Datapath:datapath|M_extended[3]     ;
; -1.000 ; 1.000        ; 2.000          ; Min Period       ; clk   ; Rise       ; Datapath:datapath|Q_out[0]          ;
; -1.000 ; 1.000        ; 2.000          ; Min Period       ; clk   ; Rise       ; Datapath:datapath|Q_out[1]          ;
; -1.000 ; 1.000        ; 2.000          ; Min Period       ; clk   ; Rise       ; Datapath:datapath|Q_out[2]          ;
; -1.000 ; 1.000        ; 2.000          ; Min Period       ; clk   ; Rise       ; Datapath:datapath|Q_out[3]          ;
; -1.000 ; 1.000        ; 2.000          ; Min Period       ; clk   ; Rise       ; Datapath:datapath|result[0]         ;
; -1.000 ; 1.000        ; 2.000          ; Min Period       ; clk   ; Rise       ; Datapath:datapath|result[1]         ;
; -1.000 ; 1.000        ; 2.000          ; Min Period       ; clk   ; Rise       ; Datapath:datapath|result[2]         ;
; -1.000 ; 1.000        ; 2.000          ; Min Period       ; clk   ; Rise       ; Datapath:datapath|result[3]         ;
; -1.000 ; 1.000        ; 2.000          ; Min Period       ; clk   ; Rise       ; Datapath:datapath|result[4]         ;
; -1.000 ; 1.000        ; 2.000          ; Min Period       ; clk   ; Rise       ; Datapath:datapath|result[5]         ;
; -1.000 ; 1.000        ; 2.000          ; Min Period       ; clk   ; Rise       ; Datapath:datapath|result[6]         ;
; -1.000 ; 1.000        ; 2.000          ; Min Period       ; clk   ; Rise       ; Datapath:datapath|result[7]         ;
; 0.216  ; 0.400        ; 0.184          ; Low Pulse Width  ; clk   ; Rise       ; ControlUnit:control_unit|shift_M[0] ;
; 0.216  ; 0.400        ; 0.184          ; Low Pulse Width  ; clk   ; Rise       ; ControlUnit:control_unit|shift_M[1] ;
; 0.216  ; 0.400        ; 0.184          ; Low Pulse Width  ; clk   ; Rise       ; ControlUnit:control_unit|shift_M[2] ;
; 0.216  ; 0.400        ; 0.184          ; Low Pulse Width  ; clk   ; Rise       ; Datapath:datapath|M_extended[0]     ;
; 0.216  ; 0.400        ; 0.184          ; Low Pulse Width  ; clk   ; Rise       ; Datapath:datapath|M_extended[1]     ;
; 0.216  ; 0.400        ; 0.184          ; Low Pulse Width  ; clk   ; Rise       ; Datapath:datapath|M_extended[2]     ;
; 0.216  ; 0.400        ; 0.184          ; Low Pulse Width  ; clk   ; Rise       ; Datapath:datapath|M_extended[3]     ;
; 0.216  ; 0.400        ; 0.184          ; Low Pulse Width  ; clk   ; Rise       ; Datapath:datapath|Q_out[0]          ;
; 0.216  ; 0.400        ; 0.184          ; Low Pulse Width  ; clk   ; Rise       ; Datapath:datapath|Q_out[1]          ;
; 0.216  ; 0.400        ; 0.184          ; Low Pulse Width  ; clk   ; Rise       ; Datapath:datapath|Q_out[2]          ;
; 0.216  ; 0.400        ; 0.184          ; Low Pulse Width  ; clk   ; Rise       ; Datapath:datapath|Q_out[3]          ;
; 0.216  ; 0.400        ; 0.184          ; Low Pulse Width  ; clk   ; Rise       ; Datapath:datapath|result[0]         ;
; 0.216  ; 0.400        ; 0.184          ; Low Pulse Width  ; clk   ; Rise       ; Datapath:datapath|result[1]         ;
; 0.216  ; 0.400        ; 0.184          ; Low Pulse Width  ; clk   ; Rise       ; Datapath:datapath|result[2]         ;
; 0.216  ; 0.400        ; 0.184          ; Low Pulse Width  ; clk   ; Rise       ; Datapath:datapath|result[3]         ;
; 0.216  ; 0.400        ; 0.184          ; Low Pulse Width  ; clk   ; Rise       ; Datapath:datapath|result[4]         ;
; 0.216  ; 0.400        ; 0.184          ; Low Pulse Width  ; clk   ; Rise       ; Datapath:datapath|result[5]         ;
; 0.216  ; 0.400        ; 0.184          ; Low Pulse Width  ; clk   ; Rise       ; Datapath:datapath|result[6]         ;
; 0.216  ; 0.400        ; 0.184          ; Low Pulse Width  ; clk   ; Rise       ; Datapath:datapath|result[7]         ;
; 0.326  ; 0.326        ; 0.000          ; Low Pulse Width  ; clk   ; Rise       ; clk~input|o                         ;
; 0.337  ; 0.337        ; 0.000          ; Low Pulse Width  ; clk   ; Rise       ; clk~inputclkctrl|inclk[0]           ;
; 0.337  ; 0.337        ; 0.000          ; Low Pulse Width  ; clk   ; Rise       ; clk~inputclkctrl|outclk             ;
; 0.376  ; 0.376        ; 0.000          ; Low Pulse Width  ; clk   ; Rise       ; control_unit|shift_M[0]|clk         ;
; 0.376  ; 0.376        ; 0.000          ; Low Pulse Width  ; clk   ; Rise       ; control_unit|shift_M[1]|clk         ;
; 0.376  ; 0.376        ; 0.000          ; Low Pulse Width  ; clk   ; Rise       ; control_unit|shift_M[2]|clk         ;
; 0.376  ; 0.376        ; 0.000          ; Low Pulse Width  ; clk   ; Rise       ; datapath|M_extended[0]|clk          ;
; 0.376  ; 0.376        ; 0.000          ; Low Pulse Width  ; clk   ; Rise       ; datapath|M_extended[1]|clk          ;
; 0.376  ; 0.376        ; 0.000          ; Low Pulse Width  ; clk   ; Rise       ; datapath|M_extended[2]|clk          ;
; 0.376  ; 0.376        ; 0.000          ; Low Pulse Width  ; clk   ; Rise       ; datapath|M_extended[3]|clk          ;
; 0.376  ; 0.376        ; 0.000          ; Low Pulse Width  ; clk   ; Rise       ; datapath|Q_out[0]|clk               ;
; 0.376  ; 0.376        ; 0.000          ; Low Pulse Width  ; clk   ; Rise       ; datapath|Q_out[1]|clk               ;
; 0.376  ; 0.376        ; 0.000          ; Low Pulse Width  ; clk   ; Rise       ; datapath|Q_out[2]|clk               ;
; 0.376  ; 0.376        ; 0.000          ; Low Pulse Width  ; clk   ; Rise       ; datapath|Q_out[3]|clk               ;
; 0.376  ; 0.376        ; 0.000          ; Low Pulse Width  ; clk   ; Rise       ; datapath|result[0]|clk              ;
; 0.376  ; 0.376        ; 0.000          ; Low Pulse Width  ; clk   ; Rise       ; datapath|result[1]|clk              ;
; 0.376  ; 0.376        ; 0.000          ; Low Pulse Width  ; clk   ; Rise       ; datapath|result[2]|clk              ;
; 0.376  ; 0.376        ; 0.000          ; Low Pulse Width  ; clk   ; Rise       ; datapath|result[3]|clk              ;
; 0.376  ; 0.376        ; 0.000          ; Low Pulse Width  ; clk   ; Rise       ; datapath|result[4]|clk              ;
; 0.376  ; 0.376        ; 0.000          ; Low Pulse Width  ; clk   ; Rise       ; datapath|result[5]|clk              ;
; 0.376  ; 0.376        ; 0.000          ; Low Pulse Width  ; clk   ; Rise       ; datapath|result[6]|clk              ;
; 0.376  ; 0.376        ; 0.000          ; Low Pulse Width  ; clk   ; Rise       ; datapath|result[7]|clk              ;
; 0.383  ; 0.599        ; 0.216          ; High Pulse Width ; clk   ; Rise       ; ControlUnit:control_unit|shift_M[0] ;
; 0.383  ; 0.599        ; 0.216          ; High Pulse Width ; clk   ; Rise       ; ControlUnit:control_unit|shift_M[1] ;
; 0.383  ; 0.599        ; 0.216          ; High Pulse Width ; clk   ; Rise       ; ControlUnit:control_unit|shift_M[2] ;
; 0.383  ; 0.599        ; 0.216          ; High Pulse Width ; clk   ; Rise       ; Datapath:datapath|M_extended[0]     ;
; 0.383  ; 0.599        ; 0.216          ; High Pulse Width ; clk   ; Rise       ; Datapath:datapath|M_extended[1]     ;
; 0.383  ; 0.599        ; 0.216          ; High Pulse Width ; clk   ; Rise       ; Datapath:datapath|M_extended[2]     ;
; 0.383  ; 0.599        ; 0.216          ; High Pulse Width ; clk   ; Rise       ; Datapath:datapath|M_extended[3]     ;
; 0.383  ; 0.599        ; 0.216          ; High Pulse Width ; clk   ; Rise       ; Datapath:datapath|result[0]         ;
; 0.383  ; 0.599        ; 0.216          ; High Pulse Width ; clk   ; Rise       ; Datapath:datapath|result[1]         ;
; 0.383  ; 0.599        ; 0.216          ; High Pulse Width ; clk   ; Rise       ; Datapath:datapath|result[2]         ;
; 0.383  ; 0.599        ; 0.216          ; High Pulse Width ; clk   ; Rise       ; Datapath:datapath|result[3]         ;
; 0.383  ; 0.599        ; 0.216          ; High Pulse Width ; clk   ; Rise       ; Datapath:datapath|result[4]         ;
; 0.383  ; 0.599        ; 0.216          ; High Pulse Width ; clk   ; Rise       ; Datapath:datapath|result[5]         ;
; 0.383  ; 0.599        ; 0.216          ; High Pulse Width ; clk   ; Rise       ; Datapath:datapath|result[6]         ;
; 0.383  ; 0.599        ; 0.216          ; High Pulse Width ; clk   ; Rise       ; Datapath:datapath|result[7]         ;
; 0.384  ; 0.600        ; 0.216          ; High Pulse Width ; clk   ; Rise       ; Datapath:datapath|Q_out[0]          ;
; 0.384  ; 0.600        ; 0.216          ; High Pulse Width ; clk   ; Rise       ; Datapath:datapath|Q_out[1]          ;
; 0.384  ; 0.600        ; 0.216          ; High Pulse Width ; clk   ; Rise       ; Datapath:datapath|Q_out[2]          ;
; 0.384  ; 0.600        ; 0.216          ; High Pulse Width ; clk   ; Rise       ; Datapath:datapath|Q_out[3]          ;
; 0.500  ; 0.500        ; 0.000          ; High Pulse Width ; clk   ; Rise       ; clk~input|i                         ;
; 0.500  ; 0.500        ; 0.000          ; Low Pulse Width  ; clk   ; Rise       ; clk~input|i                         ;
; 0.621  ; 0.621        ; 0.000          ; High Pulse Width ; clk   ; Rise       ; control_unit|shift_M[0]|clk         ;
; 0.621  ; 0.621        ; 0.000          ; High Pulse Width ; clk   ; Rise       ; control_unit|shift_M[1]|clk         ;
; 0.621  ; 0.621        ; 0.000          ; High Pulse Width ; clk   ; Rise       ; control_unit|shift_M[2]|clk         ;
; 0.621  ; 0.621        ; 0.000          ; High Pulse Width ; clk   ; Rise       ; datapath|M_extended[0]|clk          ;
; 0.621  ; 0.621        ; 0.000          ; High Pulse Width ; clk   ; Rise       ; datapath|M_extended[1]|clk          ;
; 0.621  ; 0.621        ; 0.000          ; High Pulse Width ; clk   ; Rise       ; datapath|M_extended[2]|clk          ;
; 0.621  ; 0.621        ; 0.000          ; High Pulse Width ; clk   ; Rise       ; datapath|M_extended[3]|clk          ;
; 0.621  ; 0.621        ; 0.000          ; High Pulse Width ; clk   ; Rise       ; datapath|result[0]|clk              ;
; 0.621  ; 0.621        ; 0.000          ; High Pulse Width ; clk   ; Rise       ; datapath|result[1]|clk              ;
; 0.621  ; 0.621        ; 0.000          ; High Pulse Width ; clk   ; Rise       ; datapath|result[2]|clk              ;
; 0.621  ; 0.621        ; 0.000          ; High Pulse Width ; clk   ; Rise       ; datapath|result[3]|clk              ;
; 0.621  ; 0.621        ; 0.000          ; High Pulse Width ; clk   ; Rise       ; datapath|result[4]|clk              ;
; 0.621  ; 0.621        ; 0.000          ; High Pulse Width ; clk   ; Rise       ; datapath|result[5]|clk              ;
; 0.621  ; 0.621        ; 0.000          ; High Pulse Width ; clk   ; Rise       ; datapath|result[6]|clk              ;
; 0.621  ; 0.621        ; 0.000          ; High Pulse Width ; clk   ; Rise       ; datapath|result[7]|clk              ;
; 0.622  ; 0.622        ; 0.000          ; High Pulse Width ; clk   ; Rise       ; datapath|Q_out[0]|clk               ;
; 0.622  ; 0.622        ; 0.000          ; High Pulse Width ; clk   ; Rise       ; datapath|Q_out[1]|clk               ;
; 0.622  ; 0.622        ; 0.000          ; High Pulse Width ; clk   ; Rise       ; datapath|Q_out[2]|clk               ;
+--------+--------------+----------------+------------------+-------+------------+-------------------------------------+


+-----------------------------------------------------------------------+
; Setup Times                                                           ;
+-----------+------------+-------+-------+------------+-----------------+
; Data Port ; Clock Port ; Rise  ; Fall  ; Clock Edge ; Clock Reference ;
+-----------+------------+-------+-------+------------+-----------------+
; M[*]      ; clk        ; 2.184 ; 2.638 ; Rise       ; clk             ;
;  M[0]     ; clk        ; 2.184 ; 2.607 ; Rise       ; clk             ;
;  M[1]     ; clk        ; 2.171 ; 2.638 ; Rise       ; clk             ;
;  M[2]     ; clk        ; 1.887 ; 2.353 ; Rise       ; clk             ;
;  M[3]     ; clk        ; 2.172 ; 2.616 ; Rise       ; clk             ;
; Q_in[*]   ; clk        ; 2.029 ; 2.484 ; Rise       ; clk             ;
;  Q_in[0]  ; clk        ; 2.029 ; 2.484 ; Rise       ; clk             ;
;  Q_in[1]  ; clk        ; 0.103 ; 0.245 ; Rise       ; clk             ;
;  Q_in[2]  ; clk        ; 1.912 ; 2.329 ; Rise       ; clk             ;
;  Q_in[3]  ; clk        ; 1.725 ; 2.173 ; Rise       ; clk             ;
; rst       ; clk        ; 1.600 ; 1.773 ; Rise       ; clk             ;
+-----------+------------+-------+-------+------------+-----------------+


+-------------------------------------------------------------------------+
; Hold Times                                                              ;
+-----------+------------+--------+--------+------------+-----------------+
; Data Port ; Clock Port ; Rise   ; Fall   ; Clock Edge ; Clock Reference ;
+-----------+------------+--------+--------+------------+-----------------+
; M[*]      ; clk        ; -1.501 ; -1.955 ; Rise       ; clk             ;
;  M[0]     ; clk        ; -1.791 ; -2.201 ; Rise       ; clk             ;
;  M[1]     ; clk        ; -1.774 ; -2.229 ; Rise       ; clk             ;
;  M[2]     ; clk        ; -1.501 ; -1.955 ; Rise       ; clk             ;
;  M[3]     ; clk        ; -1.779 ; -2.209 ; Rise       ; clk             ;
; Q_in[*]   ; clk        ; 0.204  ; 0.060  ; Rise       ; clk             ;
;  Q_in[0]  ; clk        ; -1.642 ; -2.082 ; Rise       ; clk             ;
;  Q_in[1]  ; clk        ; 0.204  ; 0.060  ; Rise       ; clk             ;
;  Q_in[2]  ; clk        ; -1.530 ; -1.934 ; Rise       ; clk             ;
;  Q_in[3]  ; clk        ; -1.351 ; -1.785 ; Rise       ; clk             ;
; rst       ; clk        ; -0.101 ; -0.265 ; Rise       ; clk             ;
+-----------+------------+--------+--------+------------+-----------------+


+------------------------------------------------------------------------+
; Clock to Output Times                                                  ;
+------------+------------+-------+-------+------------+-----------------+
; Data Port  ; Clock Port ; Rise  ; Fall  ; Clock Edge ; Clock Reference ;
+------------+------------+-------+-------+------------+-----------------+
; done       ; clk        ; 6.145 ; 6.067 ; Rise       ; clk             ;
; result[*]  ; clk        ; 6.484 ; 6.464 ; Rise       ; clk             ;
;  result[0] ; clk        ; 6.282 ; 6.225 ; Rise       ; clk             ;
;  result[1] ; clk        ; 5.907 ; 5.846 ; Rise       ; clk             ;
;  result[2] ; clk        ; 6.317 ; 6.253 ; Rise       ; clk             ;
;  result[3] ; clk        ; 6.346 ; 6.309 ; Rise       ; clk             ;
;  result[4] ; clk        ; 6.341 ; 6.282 ; Rise       ; clk             ;
;  result[5] ; clk        ; 5.882 ; 5.821 ; Rise       ; clk             ;
;  result[6] ; clk        ; 6.349 ; 6.318 ; Rise       ; clk             ;
;  result[7] ; clk        ; 6.484 ; 6.464 ; Rise       ; clk             ;
+------------+------------+-------+-------+------------+-----------------+


+------------------------------------------------------------------------+
; Minimum Clock to Output Times                                          ;
+------------+------------+-------+-------+------------+-----------------+
; Data Port  ; Clock Port ; Rise  ; Fall  ; Clock Edge ; Clock Reference ;
+------------+------------+-------+-------+------------+-----------------+
; done       ; clk        ; 5.943 ; 5.864 ; Rise       ; clk             ;
; result[*]  ; clk        ; 5.691 ; 5.628 ; Rise       ; clk             ;
;  result[0] ; clk        ; 6.078 ; 6.019 ; Rise       ; clk             ;
;  result[1] ; clk        ; 5.715 ; 5.653 ; Rise       ; clk             ;
;  result[2] ; clk        ; 6.113 ; 6.047 ; Rise       ; clk             ;
;  result[3] ; clk        ; 6.137 ; 6.099 ; Rise       ; clk             ;
;  result[4] ; clk        ; 6.136 ; 6.075 ; Rise       ; clk             ;
;  result[5] ; clk        ; 5.691 ; 5.628 ; Rise       ; clk             ;
;  result[6] ; clk        ; 6.140 ; 6.107 ; Rise       ; clk             ;
;  result[7] ; clk        ; 6.271 ; 6.249 ; Rise       ; clk             ;
+------------+------------+-------+-------+------------+-----------------+


----------------------------------------------
; Slow 1200mV 85C Model Metastability Report ;
----------------------------------------------
No synchronizer chains to report.


+-----------------------------------------------------------------------------------------------------------+
; Slow 1200mV 0C Model Fmax Summary                                                                         ;
+------------+-----------------+------------+---------------------------------------------------------------+
; Fmax       ; Restricted Fmax ; Clock Name ; Note                                                          ;
+------------+-----------------+------------+---------------------------------------------------------------+
; 346.62 MHz ; 250.0 MHz       ; clk        ; limit due to minimum period restriction (max I/O toggle rate) ;
+------------+-----------------+------------+---------------------------------------------------------------+
This panel reports FMAX for every clock in the design, regardless of the user-specified clock periods.  FMAX is only computed for paths where the source and destination registers or ports are driven by the same clock.  Paths of different clocks, including generated clocks, are ignored.  For paths between a clock and its inversion, FMAX is computed as if the rising and falling edges are scaled along with FMAX, such that the duty cycle (in terms of a percentage) is maintained. Altera recommends that you always use clock constraints and other slack reports for sign-off analysis.


+------------------------------------+
; Slow 1200mV 0C Model Setup Summary ;
+-------+--------+-------------------+
; Clock ; Slack  ; End Point TNS     ;
+-------+--------+-------------------+
; clk   ; -1.885 ; -21.011           ;
+-------+--------+-------------------+


+-----------------------------------+
; Slow 1200mV 0C Model Hold Summary ;
+-------+-------+-------------------+
; Clock ; Slack ; End Point TNS     ;
+-------+-------+-------------------+
; clk   ; 0.310 ; 0.000             ;
+-------+-------+-------------------+


-----------------------------------------
; Slow 1200mV 0C Model Recovery Summary ;
-----------------------------------------
No paths to report.


----------------------------------------
; Slow 1200mV 0C Model Removal Summary ;
----------------------------------------
No paths to report.


+--------------------------------------------------+
; Slow 1200mV 0C Model Minimum Pulse Width Summary ;
+-------+--------+---------------------------------+
; Clock ; Slack  ; End Point TNS                   ;
+-------+--------+---------------------------------+
; clk   ; -3.000 ; -22.000                         ;
+-------+--------+---------------------------------+


+----------------------------------------------------------------------------------------------------------------------------------------------------------+
; Slow 1200mV 0C Model Setup: 'clk'                                                                                                                        ;
+--------+-------------------------------------+-------------------------------------+--------------+-------------+--------------+------------+------------+
; Slack  ; From Node                           ; To Node                             ; Launch Clock ; Latch Clock ; Relationship ; Clock Skew ; Data Delay ;
+--------+-------------------------------------+-------------------------------------+--------------+-------------+--------------+------------+------------+
; -1.885 ; ControlUnit:control_unit|shift_M[1] ; Datapath:datapath|result[7]         ; clk          ; clk         ; 1.000        ; -0.057     ; 2.823      ;
; -1.880 ; ControlUnit:control_unit|shift_M[0] ; Datapath:datapath|result[7]         ; clk          ; clk         ; 1.000        ; -0.057     ; 2.818      ;
; -1.864 ; ControlUnit:control_unit|shift_M[1] ; Datapath:datapath|result[6]         ; clk          ; clk         ; 1.000        ; -0.057     ; 2.802      ;
; -1.845 ; Datapath:datapath|M_extended[0]     ; Datapath:datapath|result[6]         ; clk          ; clk         ; 1.000        ; -0.057     ; 2.783      ;
; -1.843 ; Datapath:datapath|M_extended[0]     ; Datapath:datapath|result[7]         ; clk          ; clk         ; 1.000        ; -0.057     ; 2.781      ;
; -1.802 ; Datapath:datapath|M_extended[1]     ; Datapath:datapath|result[7]         ; clk          ; clk         ; 1.000        ; -0.057     ; 2.740      ;
; -1.779 ; ControlUnit:control_unit|shift_M[1] ; Datapath:datapath|result[5]         ; clk          ; clk         ; 1.000        ; -0.057     ; 2.717      ;
; -1.771 ; Datapath:datapath|M_extended[2]     ; Datapath:datapath|result[6]         ; clk          ; clk         ; 1.000        ; -0.057     ; 2.709      ;
; -1.764 ; ControlUnit:control_unit|shift_M[1] ; Datapath:datapath|result[4]         ; clk          ; clk         ; 1.000        ; -0.057     ; 2.702      ;
; -1.756 ; Datapath:datapath|M_extended[2]     ; Datapath:datapath|result[7]         ; clk          ; clk         ; 1.000        ; -0.057     ; 2.694      ;
; -1.745 ; Datapath:datapath|M_extended[0]     ; Datapath:datapath|result[4]         ; clk          ; clk         ; 1.000        ; -0.057     ; 2.683      ;
; -1.743 ; Datapath:datapath|M_extended[0]     ; Datapath:datapath|result[5]         ; clk          ; clk         ; 1.000        ; -0.057     ; 2.681      ;
; -1.703 ; ControlUnit:control_unit|shift_M[0] ; Datapath:datapath|result[5]         ; clk          ; clk         ; 1.000        ; -0.057     ; 2.641      ;
; -1.696 ; Datapath:datapath|M_extended[1]     ; Datapath:datapath|result[5]         ; clk          ; clk         ; 1.000        ; -0.057     ; 2.634      ;
; -1.685 ; ControlUnit:control_unit|shift_M[0] ; Datapath:datapath|result[6]         ; clk          ; clk         ; 1.000        ; -0.057     ; 2.623      ;
; -1.679 ; ControlUnit:control_unit|shift_M[1] ; Datapath:datapath|result[3]         ; clk          ; clk         ; 1.000        ; -0.057     ; 2.617      ;
; -1.678 ; Datapath:datapath|M_extended[1]     ; Datapath:datapath|result[6]         ; clk          ; clk         ; 1.000        ; -0.057     ; 2.616      ;
; -1.671 ; Datapath:datapath|M_extended[2]     ; Datapath:datapath|result[4]         ; clk          ; clk         ; 1.000        ; -0.057     ; 2.609      ;
; -1.661 ; Datapath:datapath|Q_out[0]          ; ControlUnit:control_unit|shift_M[1] ; clk          ; clk         ; 1.000        ; -0.057     ; 2.599      ;
; -1.653 ; Datapath:datapath|M_extended[2]     ; Datapath:datapath|result[5]         ; clk          ; clk         ; 1.000        ; -0.057     ; 2.591      ;
; -1.645 ; Datapath:datapath|M_extended[0]     ; Datapath:datapath|result[2]         ; clk          ; clk         ; 1.000        ; -0.057     ; 2.583      ;
; -1.643 ; Datapath:datapath|M_extended[0]     ; Datapath:datapath|result[3]         ; clk          ; clk         ; 1.000        ; -0.057     ; 2.581      ;
; -1.629 ; Datapath:datapath|Q_out[3]          ; ControlUnit:control_unit|shift_M[1] ; clk          ; clk         ; 1.000        ; -0.057     ; 2.567      ;
; -1.603 ; ControlUnit:control_unit|shift_M[0] ; Datapath:datapath|result[3]         ; clk          ; clk         ; 1.000        ; -0.057     ; 2.541      ;
; -1.596 ; Datapath:datapath|M_extended[1]     ; Datapath:datapath|result[3]         ; clk          ; clk         ; 1.000        ; -0.057     ; 2.534      ;
; -1.587 ; Datapath:datapath|M_extended[3]     ; Datapath:datapath|result[6]         ; clk          ; clk         ; 1.000        ; -0.057     ; 2.525      ;
; -1.585 ; ControlUnit:control_unit|shift_M[0] ; Datapath:datapath|result[4]         ; clk          ; clk         ; 1.000        ; -0.057     ; 2.523      ;
; -1.578 ; Datapath:datapath|M_extended[1]     ; Datapath:datapath|result[4]         ; clk          ; clk         ; 1.000        ; -0.057     ; 2.516      ;
; -1.577 ; Datapath:datapath|Q_out[0]          ; Datapath:datapath|result[7]         ; clk          ; clk         ; 1.000        ; -0.057     ; 2.515      ;
; -1.570 ; ControlUnit:control_unit|shift_M[2] ; Datapath:datapath|result[7]         ; clk          ; clk         ; 1.000        ; -0.056     ; 2.509      ;
; -1.570 ; Datapath:datapath|M_extended[3]     ; Datapath:datapath|result[7]         ; clk          ; clk         ; 1.000        ; -0.057     ; 2.508      ;
; -1.569 ; Datapath:datapath|Q_out[3]          ; ControlUnit:control_unit|shift_M[2] ; clk          ; clk         ; 1.000        ; -0.057     ; 2.507      ;
; -1.567 ; Datapath:datapath|Q_out[0]          ; ControlUnit:control_unit|shift_M[2] ; clk          ; clk         ; 1.000        ; -0.057     ; 2.505      ;
; -1.526 ; Datapath:datapath|Q_out[2]          ; ControlUnit:control_unit|shift_M[1] ; clk          ; clk         ; 1.000        ; -0.057     ; 2.464      ;
; -1.490 ; Datapath:datapath|M_extended[2]     ; Datapath:datapath|result[3]         ; clk          ; clk         ; 1.000        ; -0.057     ; 2.428      ;
; -1.482 ; Datapath:datapath|Q_out[0]          ; ControlUnit:control_unit|shift_M[0] ; clk          ; clk         ; 1.000        ; -0.057     ; 2.420      ;
; -1.477 ; Datapath:datapath|Q_out[0]          ; Datapath:datapath|result[5]         ; clk          ; clk         ; 1.000        ; -0.057     ; 2.415      ;
; -1.470 ; Datapath:datapath|M_extended[3]     ; Datapath:datapath|result[5]         ; clk          ; clk         ; 1.000        ; -0.057     ; 2.408      ;
; -1.463 ; Datapath:datapath|M_extended[0]     ; Datapath:datapath|result[1]         ; clk          ; clk         ; 1.000        ; -0.057     ; 2.401      ;
; -1.459 ; Datapath:datapath|Q_out[0]          ; Datapath:datapath|result[6]         ; clk          ; clk         ; 1.000        ; -0.057     ; 2.397      ;
; -1.450 ; Datapath:datapath|Q_out[3]          ; ControlUnit:control_unit|shift_M[0] ; clk          ; clk         ; 1.000        ; -0.057     ; 2.388      ;
; -1.431 ; Datapath:datapath|Q_out[2]          ; ControlUnit:control_unit|shift_M[2] ; clk          ; clk         ; 1.000        ; -0.057     ; 2.369      ;
; -1.428 ; ControlUnit:control_unit|shift_M[0] ; Datapath:datapath|result[2]         ; clk          ; clk         ; 1.000        ; -0.057     ; 2.366      ;
; -1.412 ; ControlUnit:control_unit|shift_M[2] ; Datapath:datapath|result[5]         ; clk          ; clk         ; 1.000        ; -0.056     ; 2.351      ;
; -1.410 ; Datapath:datapath|M_extended[3]     ; Datapath:datapath|result[4]         ; clk          ; clk         ; 1.000        ; -0.057     ; 2.348      ;
; -1.398 ; Datapath:datapath|Q_out[1]          ; ControlUnit:control_unit|shift_M[1] ; clk          ; clk         ; 1.000        ; -0.057     ; 2.336      ;
; -1.394 ; ControlUnit:control_unit|shift_M[2] ; Datapath:datapath|result[6]         ; clk          ; clk         ; 1.000        ; -0.056     ; 2.333      ;
; -1.377 ; Datapath:datapath|Q_out[0]          ; Datapath:datapath|result[3]         ; clk          ; clk         ; 1.000        ; -0.057     ; 2.315      ;
; -1.372 ; ControlUnit:control_unit|shift_M[2] ; Datapath:datapath|result[0]         ; clk          ; clk         ; 1.000        ; -0.056     ; 2.311      ;
; -1.372 ; ControlUnit:control_unit|shift_M[2] ; Datapath:datapath|result[1]         ; clk          ; clk         ; 1.000        ; -0.056     ; 2.311      ;
; -1.372 ; ControlUnit:control_unit|shift_M[2] ; Datapath:datapath|result[2]         ; clk          ; clk         ; 1.000        ; -0.056     ; 2.311      ;
; -1.372 ; ControlUnit:control_unit|shift_M[2] ; Datapath:datapath|result[3]         ; clk          ; clk         ; 1.000        ; -0.056     ; 2.311      ;
; -1.372 ; ControlUnit:control_unit|shift_M[2] ; Datapath:datapath|result[4]         ; clk          ; clk         ; 1.000        ; -0.056     ; 2.311      ;
; -1.359 ; Datapath:datapath|Q_out[0]          ; Datapath:datapath|result[4]         ; clk          ; clk         ; 1.000        ; -0.057     ; 2.297      ;
; -1.347 ; Datapath:datapath|Q_out[2]          ; ControlUnit:control_unit|shift_M[0] ; clk          ; clk         ; 1.000        ; -0.057     ; 2.285      ;
; -1.313 ; Datapath:datapath|M_extended[1]     ; Datapath:datapath|result[2]         ; clk          ; clk         ; 1.000        ; -0.057     ; 2.251      ;
; -1.306 ; Datapath:datapath|Q_out[0]          ; Datapath:datapath|result[0]         ; clk          ; clk         ; 1.000        ; -0.057     ; 2.244      ;
; -1.306 ; Datapath:datapath|Q_out[0]          ; Datapath:datapath|result[1]         ; clk          ; clk         ; 1.000        ; -0.057     ; 2.244      ;
; -1.306 ; Datapath:datapath|Q_out[0]          ; Datapath:datapath|result[2]         ; clk          ; clk         ; 1.000        ; -0.057     ; 2.244      ;
; -1.303 ; Datapath:datapath|Q_out[1]          ; ControlUnit:control_unit|shift_M[2] ; clk          ; clk         ; 1.000        ; -0.057     ; 2.241      ;
; -1.226 ; ControlUnit:control_unit|shift_M[1] ; Datapath:datapath|result[2]         ; clk          ; clk         ; 1.000        ; -0.057     ; 2.164      ;
; -1.219 ; Datapath:datapath|Q_out[1]          ; ControlUnit:control_unit|shift_M[0] ; clk          ; clk         ; 1.000        ; -0.057     ; 2.157      ;
; -1.171 ; ControlUnit:control_unit|shift_M[0] ; Datapath:datapath|result[1]         ; clk          ; clk         ; 1.000        ; -0.057     ; 2.109      ;
; -1.160 ; ControlUnit:control_unit|shift_M[1] ; ControlUnit:control_unit|shift_M[2] ; clk          ; clk         ; 1.000        ; -0.057     ; 2.098      ;
; -1.156 ; ControlUnit:control_unit|shift_M[0] ; ControlUnit:control_unit|shift_M[1] ; clk          ; clk         ; 1.000        ; -0.057     ; 2.094      ;
; -1.051 ; ControlUnit:control_unit|shift_M[0] ; ControlUnit:control_unit|shift_M[2] ; clk          ; clk         ; 1.000        ; -0.057     ; 1.989      ;
; -1.035 ; Datapath:datapath|M_extended[2]     ; Datapath:datapath|result[2]         ; clk          ; clk         ; 1.000        ; -0.057     ; 1.973      ;
; -1.019 ; Datapath:datapath|M_extended[0]     ; Datapath:datapath|result[0]         ; clk          ; clk         ; 1.000        ; -0.057     ; 1.957      ;
; -0.989 ; ControlUnit:control_unit|shift_M[0] ; ControlUnit:control_unit|shift_M[0] ; clk          ; clk         ; 1.000        ; -0.057     ; 1.927      ;
; -0.971 ; ControlUnit:control_unit|shift_M[1] ; Datapath:datapath|result[0]         ; clk          ; clk         ; 1.000        ; -0.057     ; 1.909      ;
; -0.971 ; ControlUnit:control_unit|shift_M[1] ; Datapath:datapath|result[1]         ; clk          ; clk         ; 1.000        ; -0.057     ; 1.909      ;
; -0.967 ; Datapath:datapath|M_extended[3]     ; Datapath:datapath|result[3]         ; clk          ; clk         ; 1.000        ; -0.057     ; 1.905      ;
; -0.904 ; ControlUnit:control_unit|shift_M[2] ; ControlUnit:control_unit|shift_M[2] ; clk          ; clk         ; 1.000        ; -0.056     ; 1.843      ;
; -0.876 ; Datapath:datapath|M_extended[1]     ; Datapath:datapath|result[1]         ; clk          ; clk         ; 1.000        ; -0.057     ; 1.814      ;
; -0.870 ; ControlUnit:control_unit|shift_M[2] ; ControlUnit:control_unit|shift_M[0] ; clk          ; clk         ; 1.000        ; -0.056     ; 1.809      ;
; -0.870 ; ControlUnit:control_unit|shift_M[2] ; ControlUnit:control_unit|shift_M[1] ; clk          ; clk         ; 1.000        ; -0.056     ; 1.809      ;
; -0.863 ; ControlUnit:control_unit|shift_M[0] ; Datapath:datapath|result[0]         ; clk          ; clk         ; 1.000        ; -0.057     ; 1.801      ;
; -0.860 ; Datapath:datapath|result[6]         ; Datapath:datapath|result[7]         ; clk          ; clk         ; 1.000        ; -0.056     ; 1.799      ;
; -0.807 ; ControlUnit:control_unit|shift_M[1] ; ControlUnit:control_unit|shift_M[1] ; clk          ; clk         ; 1.000        ; -0.057     ; 1.745      ;
; -0.803 ; Datapath:datapath|result[0]         ; Datapath:datapath|result[7]         ; clk          ; clk         ; 1.000        ; -0.056     ; 1.742      ;
; -0.713 ; Datapath:datapath|result[2]         ; Datapath:datapath|result[7]         ; clk          ; clk         ; 1.000        ; -0.056     ; 1.652      ;
; -0.712 ; ControlUnit:control_unit|shift_M[2] ; Datapath:datapath|Q_out[3]          ; clk          ; clk         ; 1.000        ; -0.056     ; 1.651      ;
; -0.712 ; ControlUnit:control_unit|shift_M[2] ; Datapath:datapath|Q_out[0]          ; clk          ; clk         ; 1.000        ; -0.056     ; 1.651      ;
; -0.712 ; ControlUnit:control_unit|shift_M[2] ; Datapath:datapath|Q_out[2]          ; clk          ; clk         ; 1.000        ; -0.056     ; 1.651      ;
; -0.712 ; ControlUnit:control_unit|shift_M[2] ; Datapath:datapath|Q_out[1]          ; clk          ; clk         ; 1.000        ; -0.056     ; 1.651      ;
; -0.703 ; Datapath:datapath|result[0]         ; Datapath:datapath|result[5]         ; clk          ; clk         ; 1.000        ; -0.056     ; 1.642      ;
; -0.685 ; Datapath:datapath|result[0]         ; Datapath:datapath|result[6]         ; clk          ; clk         ; 1.000        ; -0.056     ; 1.624      ;
; -0.639 ; Datapath:datapath|result[1]         ; Datapath:datapath|result[7]         ; clk          ; clk         ; 1.000        ; -0.056     ; 1.578      ;
; -0.632 ; Datapath:datapath|result[1]         ; Datapath:datapath|result[6]         ; clk          ; clk         ; 1.000        ; -0.056     ; 1.571      ;
; -0.613 ; Datapath:datapath|result[2]         ; Datapath:datapath|result[5]         ; clk          ; clk         ; 1.000        ; -0.056     ; 1.552      ;
; -0.603 ; Datapath:datapath|result[0]         ; Datapath:datapath|result[3]         ; clk          ; clk         ; 1.000        ; -0.056     ; 1.542      ;
; -0.595 ; Datapath:datapath|result[2]         ; Datapath:datapath|result[6]         ; clk          ; clk         ; 1.000        ; -0.056     ; 1.534      ;
; -0.585 ; Datapath:datapath|result[0]         ; Datapath:datapath|result[4]         ; clk          ; clk         ; 1.000        ; -0.056     ; 1.524      ;
; -0.539 ; Datapath:datapath|result[1]         ; Datapath:datapath|result[5]         ; clk          ; clk         ; 1.000        ; -0.056     ; 1.478      ;
; -0.532 ; Datapath:datapath|result[1]         ; Datapath:datapath|result[4]         ; clk          ; clk         ; 1.000        ; -0.056     ; 1.471      ;
; -0.513 ; Datapath:datapath|result[2]         ; Datapath:datapath|result[3]         ; clk          ; clk         ; 1.000        ; -0.056     ; 1.452      ;
; -0.505 ; Datapath:datapath|result[4]         ; Datapath:datapath|result[7]         ; clk          ; clk         ; 1.000        ; -0.056     ; 1.444      ;
; -0.503 ; Datapath:datapath|result[0]         ; Datapath:datapath|result[1]         ; clk          ; clk         ; 1.000        ; -0.056     ; 1.442      ;
; -0.495 ; Datapath:datapath|result[2]         ; Datapath:datapath|result[4]         ; clk          ; clk         ; 1.000        ; -0.056     ; 1.434      ;
; -0.485 ; Datapath:datapath|result[0]         ; Datapath:datapath|result[2]         ; clk          ; clk         ; 1.000        ; -0.056     ; 1.424      ;
+--------+-------------------------------------+-------------------------------------+--------------+-------------+--------------+------------+------------+


+---------------------------------------------------------------------------------------------------------------------------------------------------------+
; Slow 1200mV 0C Model Hold: 'clk'                                                                                                                        ;
+-------+-------------------------------------+-------------------------------------+--------------+-------------+--------------+------------+------------+
; Slack ; From Node                           ; To Node                             ; Launch Clock ; Latch Clock ; Relationship ; Clock Skew ; Data Delay ;
+-------+-------------------------------------+-------------------------------------+--------------+-------------+--------------+------------+------------+
; 0.310 ; Datapath:datapath|Q_out[1]          ; Datapath:datapath|Q_out[1]          ; clk          ; clk         ; 0.000        ; 0.057      ; 0.511      ;
; 0.311 ; ControlUnit:control_unit|shift_M[2] ; ControlUnit:control_unit|shift_M[2] ; clk          ; clk         ; 0.000        ; 0.056      ; 0.511      ;
; 0.318 ; Datapath:datapath|Q_out[0]          ; Datapath:datapath|Q_out[0]          ; clk          ; clk         ; 0.000        ; 0.057      ; 0.519      ;
; 0.350 ; Datapath:datapath|Q_out[1]          ; Datapath:datapath|Q_out[2]          ; clk          ; clk         ; 0.000        ; 0.057      ; 0.551      ;
; 0.359 ; Datapath:datapath|Q_out[1]          ; Datapath:datapath|Q_out[0]          ; clk          ; clk         ; 0.000        ; 0.057      ; 0.560      ;
; 0.381 ; Datapath:datapath|Q_out[3]          ; Datapath:datapath|Q_out[1]          ; clk          ; clk         ; 0.000        ; 0.057      ; 0.582      ;
; 0.519 ; Datapath:datapath|result[3]         ; Datapath:datapath|result[3]         ; clk          ; clk         ; 0.000        ; 0.056      ; 0.719      ;
; 0.520 ; Datapath:datapath|result[7]         ; Datapath:datapath|result[7]         ; clk          ; clk         ; 0.000        ; 0.056      ; 0.720      ;
; 0.521 ; Datapath:datapath|result[4]         ; Datapath:datapath|result[4]         ; clk          ; clk         ; 0.000        ; 0.056      ; 0.721      ;
; 0.529 ; Datapath:datapath|Q_out[2]          ; Datapath:datapath|Q_out[1]          ; clk          ; clk         ; 0.000        ; 0.057      ; 0.730      ;
; 0.558 ; Datapath:datapath|Q_out[3]          ; Datapath:datapath|Q_out[2]          ; clk          ; clk         ; 0.000        ; 0.057      ; 0.759      ;
; 0.583 ; Datapath:datapath|Q_out[0]          ; Datapath:datapath|Q_out[1]          ; clk          ; clk         ; 0.000        ; 0.057      ; 0.784      ;
; 0.585 ; Datapath:datapath|Q_out[2]          ; Datapath:datapath|Q_out[0]          ; clk          ; clk         ; 0.000        ; 0.057      ; 0.786      ;
; 0.595 ; Datapath:datapath|Q_out[0]          ; Datapath:datapath|Q_out[2]          ; clk          ; clk         ; 0.000        ; 0.057      ; 0.796      ;
; 0.631 ; Datapath:datapath|result[1]         ; Datapath:datapath|result[1]         ; clk          ; clk         ; 0.000        ; 0.056      ; 0.831      ;
; 0.634 ; Datapath:datapath|result[5]         ; Datapath:datapath|result[5]         ; clk          ; clk         ; 0.000        ; 0.056      ; 0.834      ;
; 0.639 ; Datapath:datapath|result[0]         ; Datapath:datapath|result[0]         ; clk          ; clk         ; 0.000        ; 0.056      ; 0.839      ;
; 0.642 ; ControlUnit:control_unit|shift_M[2] ; Datapath:datapath|result[7]         ; clk          ; clk         ; 0.000        ; 0.056      ; 0.842      ;
; 0.651 ; Datapath:datapath|result[2]         ; Datapath:datapath|result[2]         ; clk          ; clk         ; 0.000        ; 0.056      ; 0.851      ;
; 0.734 ; Datapath:datapath|Q_out[3]          ; Datapath:datapath|Q_out[0]          ; clk          ; clk         ; 0.000        ; 0.057      ; 0.935      ;
; 0.764 ; Datapath:datapath|result[4]         ; Datapath:datapath|result[5]         ; clk          ; clk         ; 0.000        ; 0.056      ; 0.964      ;
; 0.769 ; Datapath:datapath|result[3]         ; Datapath:datapath|result[4]         ; clk          ; clk         ; 0.000        ; 0.056      ; 0.969      ;
; 0.776 ; Datapath:datapath|result[3]         ; Datapath:datapath|result[5]         ; clk          ; clk         ; 0.000        ; 0.056      ; 0.976      ;
; 0.825 ; ControlUnit:control_unit|shift_M[2] ; Datapath:datapath|result[1]         ; clk          ; clk         ; 0.000        ; 0.056      ; 1.025      ;
; 0.853 ; Datapath:datapath|result[4]         ; Datapath:datapath|result[6]         ; clk          ; clk         ; 0.000        ; 0.056      ; 1.053      ;
; 0.860 ; Datapath:datapath|result[4]         ; Datapath:datapath|result[7]         ; clk          ; clk         ; 0.000        ; 0.056      ; 1.060      ;
; 0.865 ; Datapath:datapath|result[3]         ; Datapath:datapath|result[6]         ; clk          ; clk         ; 0.000        ; 0.056      ; 1.065      ;
; 0.872 ; Datapath:datapath|result[3]         ; Datapath:datapath|result[7]         ; clk          ; clk         ; 0.000        ; 0.056      ; 1.072      ;
; 0.881 ; Datapath:datapath|result[1]         ; Datapath:datapath|result[2]         ; clk          ; clk         ; 0.000        ; 0.056      ; 1.081      ;
; 0.882 ; Datapath:datapath|result[0]         ; Datapath:datapath|result[1]         ; clk          ; clk         ; 0.000        ; 0.056      ; 1.082      ;
; 0.884 ; Datapath:datapath|result[5]         ; Datapath:datapath|result[6]         ; clk          ; clk         ; 0.000        ; 0.056      ; 1.084      ;
; 0.888 ; Datapath:datapath|result[1]         ; Datapath:datapath|result[3]         ; clk          ; clk         ; 0.000        ; 0.056      ; 1.088      ;
; 0.891 ; Datapath:datapath|result[5]         ; Datapath:datapath|result[7]         ; clk          ; clk         ; 0.000        ; 0.056      ; 1.091      ;
; 0.894 ; Datapath:datapath|result[2]         ; Datapath:datapath|result[3]         ; clk          ; clk         ; 0.000        ; 0.056      ; 1.094      ;
; 0.961 ; Datapath:datapath|result[0]         ; Datapath:datapath|result[2]         ; clk          ; clk         ; 0.000        ; 0.056      ; 1.161      ;
; 0.971 ; Datapath:datapath|result[2]         ; Datapath:datapath|result[4]         ; clk          ; clk         ; 0.000        ; 0.056      ; 1.171      ;
; 0.977 ; Datapath:datapath|result[1]         ; Datapath:datapath|result[4]         ; clk          ; clk         ; 0.000        ; 0.056      ; 1.177      ;
; 0.978 ; Datapath:datapath|result[0]         ; Datapath:datapath|result[3]         ; clk          ; clk         ; 0.000        ; 0.056      ; 1.178      ;
; 0.984 ; Datapath:datapath|result[1]         ; Datapath:datapath|result[5]         ; clk          ; clk         ; 0.000        ; 0.056      ; 1.184      ;
; 0.990 ; ControlUnit:control_unit|shift_M[2] ; Datapath:datapath|result[0]         ; clk          ; clk         ; 0.000        ; 0.056      ; 1.190      ;
; 0.990 ; Datapath:datapath|result[2]         ; Datapath:datapath|result[5]         ; clk          ; clk         ; 0.000        ; 0.056      ; 1.190      ;
; 0.991 ; ControlUnit:control_unit|shift_M[2] ; Datapath:datapath|result[2]         ; clk          ; clk         ; 0.000        ; 0.056      ; 1.191      ;
; 1.007 ; Datapath:datapath|result[6]         ; Datapath:datapath|result[6]         ; clk          ; clk         ; 0.000        ; 0.056      ; 1.207      ;
; 1.057 ; Datapath:datapath|result[0]         ; Datapath:datapath|result[4]         ; clk          ; clk         ; 0.000        ; 0.056      ; 1.257      ;
; 1.059 ; ControlUnit:control_unit|shift_M[1] ; Datapath:datapath|result[0]         ; clk          ; clk         ; 0.000        ; 0.056      ; 1.259      ;
; 1.067 ; Datapath:datapath|result[2]         ; Datapath:datapath|result[6]         ; clk          ; clk         ; 0.000        ; 0.056      ; 1.267      ;
; 1.073 ; Datapath:datapath|result[1]         ; Datapath:datapath|result[6]         ; clk          ; clk         ; 0.000        ; 0.056      ; 1.273      ;
; 1.074 ; Datapath:datapath|result[0]         ; Datapath:datapath|result[5]         ; clk          ; clk         ; 0.000        ; 0.056      ; 1.274      ;
; 1.080 ; Datapath:datapath|result[1]         ; Datapath:datapath|result[7]         ; clk          ; clk         ; 0.000        ; 0.056      ; 1.280      ;
; 1.084 ; ControlUnit:control_unit|shift_M[2] ; Datapath:datapath|result[3]         ; clk          ; clk         ; 0.000        ; 0.056      ; 1.284      ;
; 1.086 ; Datapath:datapath|result[2]         ; Datapath:datapath|result[7]         ; clk          ; clk         ; 0.000        ; 0.056      ; 1.286      ;
; 1.127 ; Datapath:datapath|Q_out[0]          ; Datapath:datapath|result[0]         ; clk          ; clk         ; 0.000        ; 0.056      ; 1.327      ;
; 1.137 ; Datapath:datapath|Q_out[0]          ; Datapath:datapath|result[1]         ; clk          ; clk         ; 0.000        ; 0.056      ; 1.337      ;
; 1.139 ; Datapath:datapath|Q_out[0]          ; Datapath:datapath|result[7]         ; clk          ; clk         ; 0.000        ; 0.056      ; 1.339      ;
; 1.147 ; ControlUnit:control_unit|shift_M[2] ; Datapath:datapath|result[4]         ; clk          ; clk         ; 0.000        ; 0.056      ; 1.347      ;
; 1.148 ; Datapath:datapath|M_extended[3]     ; Datapath:datapath|result[7]         ; clk          ; clk         ; 0.000        ; 0.056      ; 1.348      ;
; 1.153 ; Datapath:datapath|result[0]         ; Datapath:datapath|result[6]         ; clk          ; clk         ; 0.000        ; 0.056      ; 1.353      ;
; 1.155 ; Datapath:datapath|Q_out[1]          ; ControlUnit:control_unit|shift_M[2] ; clk          ; clk         ; 0.000        ; 0.056      ; 1.355      ;
; 1.165 ; ControlUnit:control_unit|shift_M[1] ; Datapath:datapath|result[1]         ; clk          ; clk         ; 0.000        ; 0.056      ; 1.365      ;
; 1.170 ; Datapath:datapath|result[0]         ; Datapath:datapath|result[7]         ; clk          ; clk         ; 0.000        ; 0.056      ; 1.370      ;
; 1.180 ; ControlUnit:control_unit|shift_M[2] ; Datapath:datapath|result[5]         ; clk          ; clk         ; 0.000        ; 0.056      ; 1.380      ;
; 1.223 ; Datapath:datapath|Q_out[0]          ; Datapath:datapath|result[2]         ; clk          ; clk         ; 0.000        ; 0.056      ; 1.423      ;
; 1.226 ; ControlUnit:control_unit|shift_M[0] ; Datapath:datapath|result[0]         ; clk          ; clk         ; 0.000        ; 0.056      ; 1.426      ;
; 1.233 ; Datapath:datapath|Q_out[0]          ; Datapath:datapath|result[3]         ; clk          ; clk         ; 0.000        ; 0.056      ; 1.433      ;
; 1.240 ; Datapath:datapath|Q_out[0]          ; Datapath:datapath|result[6]         ; clk          ; clk         ; 0.000        ; 0.056      ; 1.440      ;
; 1.243 ; ControlUnit:control_unit|shift_M[2] ; Datapath:datapath|result[6]         ; clk          ; clk         ; 0.000        ; 0.056      ; 1.443      ;
; 1.250 ; Datapath:datapath|result[6]         ; Datapath:datapath|result[7]         ; clk          ; clk         ; 0.000        ; 0.056      ; 1.450      ;
; 1.254 ; Datapath:datapath|Q_out[2]          ; ControlUnit:control_unit|shift_M[2] ; clk          ; clk         ; 0.000        ; 0.056      ; 1.454      ;
; 1.263 ; Datapath:datapath|M_extended[0]     ; Datapath:datapath|result[2]         ; clk          ; clk         ; 0.000        ; 0.056      ; 1.463      ;
; 1.294 ; Datapath:datapath|Q_out[0]          ; Datapath:datapath|result[4]         ; clk          ; clk         ; 0.000        ; 0.056      ; 1.494      ;
; 1.322 ; Datapath:datapath|Q_out[0]          ; Datapath:datapath|result[5]         ; clk          ; clk         ; 0.000        ; 0.056      ; 1.522      ;
; 1.338 ; ControlUnit:control_unit|shift_M[1] ; Datapath:datapath|result[7]         ; clk          ; clk         ; 0.000        ; 0.056      ; 1.538      ;
; 1.349 ; ControlUnit:control_unit|shift_M[1] ; Datapath:datapath|result[2]         ; clk          ; clk         ; 0.000        ; 0.056      ; 1.549      ;
; 1.351 ; Datapath:datapath|Q_out[3]          ; ControlUnit:control_unit|shift_M[2] ; clk          ; clk         ; 0.000        ; 0.056      ; 1.551      ;
; 1.354 ; Datapath:datapath|M_extended[1]     ; Datapath:datapath|result[7]         ; clk          ; clk         ; 0.000        ; 0.056      ; 1.554      ;
; 1.361 ; ControlUnit:control_unit|shift_M[1] ; ControlUnit:control_unit|shift_M[1] ; clk          ; clk         ; 0.000        ; 0.057      ; 1.562      ;
; 1.366 ; Datapath:datapath|Q_out[0]          ; ControlUnit:control_unit|shift_M[2] ; clk          ; clk         ; 0.000        ; 0.056      ; 1.566      ;
; 1.374 ; Datapath:datapath|M_extended[1]     ; Datapath:datapath|result[5]         ; clk          ; clk         ; 0.000        ; 0.056      ; 1.574      ;
; 1.376 ; ControlUnit:control_unit|shift_M[1] ; Datapath:datapath|result[5]         ; clk          ; clk         ; 0.000        ; 0.056      ; 1.576      ;
; 1.396 ; ControlUnit:control_unit|shift_M[1] ; Datapath:datapath|result[3]         ; clk          ; clk         ; 0.000        ; 0.056      ; 1.596      ;
; 1.410 ; ControlUnit:control_unit|shift_M[1] ; Datapath:datapath|result[4]         ; clk          ; clk         ; 0.000        ; 0.056      ; 1.610      ;
; 1.416 ; ControlUnit:control_unit|shift_M[0] ; Datapath:datapath|result[7]         ; clk          ; clk         ; 0.000        ; 0.056      ; 1.616      ;
; 1.420 ; Datapath:datapath|M_extended[1]     ; Datapath:datapath|result[1]         ; clk          ; clk         ; 0.000        ; 0.056      ; 1.620      ;
; 1.433 ; Datapath:datapath|M_extended[1]     ; Datapath:datapath|result[3]         ; clk          ; clk         ; 0.000        ; 0.056      ; 1.633      ;
; 1.438 ; ControlUnit:control_unit|shift_M[0] ; Datapath:datapath|result[5]         ; clk          ; clk         ; 0.000        ; 0.056      ; 1.638      ;
; 1.442 ; ControlUnit:control_unit|shift_M[0] ; Datapath:datapath|result[2]         ; clk          ; clk         ; 0.000        ; 0.056      ; 1.642      ;
; 1.450 ; ControlUnit:control_unit|shift_M[0] ; Datapath:datapath|result[4]         ; clk          ; clk         ; 0.000        ; 0.056      ; 1.650      ;
; 1.456 ; Datapath:datapath|Q_out[1]          ; ControlUnit:control_unit|shift_M[1] ; clk          ; clk         ; 0.000        ; 0.057      ; 1.657      ;
; 1.459 ; ControlUnit:control_unit|shift_M[2] ; Datapath:datapath|Q_out[3]          ; clk          ; clk         ; 0.000        ; 0.057      ; 1.660      ;
; 1.459 ; ControlUnit:control_unit|shift_M[2] ; Datapath:datapath|Q_out[0]          ; clk          ; clk         ; 0.000        ; 0.057      ; 1.660      ;
; 1.459 ; ControlUnit:control_unit|shift_M[2] ; Datapath:datapath|Q_out[2]          ; clk          ; clk         ; 0.000        ; 0.057      ; 1.660      ;
; 1.459 ; ControlUnit:control_unit|shift_M[2] ; Datapath:datapath|Q_out[1]          ; clk          ; clk         ; 0.000        ; 0.057      ; 1.660      ;
; 1.463 ; ControlUnit:control_unit|shift_M[0] ; ControlUnit:control_unit|shift_M[2] ; clk          ; clk         ; 0.000        ; 0.056      ; 1.663      ;
; 1.469 ; ControlUnit:control_unit|shift_M[0] ; Datapath:datapath|result[1]         ; clk          ; clk         ; 0.000        ; 0.056      ; 1.669      ;
; 1.483 ; Datapath:datapath|M_extended[3]     ; Datapath:datapath|result[5]         ; clk          ; clk         ; 0.000        ; 0.056      ; 1.683      ;
; 1.490 ; ControlUnit:control_unit|shift_M[1] ; ControlUnit:control_unit|shift_M[2] ; clk          ; clk         ; 0.000        ; 0.056      ; 1.690      ;
; 1.495 ; ControlUnit:control_unit|shift_M[0] ; Datapath:datapath|result[3]         ; clk          ; clk         ; 0.000        ; 0.056      ; 1.695      ;
; 1.506 ; Datapath:datapath|M_extended[0]     ; Datapath:datapath|result[3]         ; clk          ; clk         ; 0.000        ; 0.056      ; 1.706      ;
; 1.506 ; Datapath:datapath|M_extended[3]     ; Datapath:datapath|result[3]         ; clk          ; clk         ; 0.000        ; 0.056      ; 1.706      ;
; 1.521 ; Datapath:datapath|M_extended[3]     ; Datapath:datapath|result[4]         ; clk          ; clk         ; 0.000        ; 0.056      ; 1.721      ;
+-------+-------------------------------------+-------------------------------------+--------------+-------------+--------------+------------+------------+


+----------------------------------------------------------------------------------------------------------------------+
; Slow 1200mV 0C Model Minimum Pulse Width: 'clk'                                                                      ;
+--------+--------------+----------------+------------------+-------+------------+-------------------------------------+
; Slack  ; Actual Width ; Required Width ; Type             ; Clock ; Clock Edge ; Target                              ;
+--------+--------------+----------------+------------------+-------+------------+-------------------------------------+
; -3.000 ; 1.000        ; 4.000          ; Port Rate        ; clk   ; Rise       ; clk                                 ;
; -1.000 ; 1.000        ; 2.000          ; Min Period       ; clk   ; Rise       ; ControlUnit:control_unit|shift_M[0] ;
; -1.000 ; 1.000        ; 2.000          ; Min Period       ; clk   ; Rise       ; ControlUnit:control_unit|shift_M[1] ;
; -1.000 ; 1.000        ; 2.000          ; Min Period       ; clk   ; Rise       ; ControlUnit:control_unit|shift_M[2] ;
; -1.000 ; 1.000        ; 2.000          ; Min Period       ; clk   ; Rise       ; Datapath:datapath|M_extended[0]     ;
; -1.000 ; 1.000        ; 2.000          ; Min Period       ; clk   ; Rise       ; Datapath:datapath|M_extended[1]     ;
; -1.000 ; 1.000        ; 2.000          ; Min Period       ; clk   ; Rise       ; Datapath:datapath|M_extended[2]     ;
; -1.000 ; 1.000        ; 2.000          ; Min Period       ; clk   ; Rise       ; Datapath:datapath|M_extended[3]     ;
; -1.000 ; 1.000        ; 2.000          ; Min Period       ; clk   ; Rise       ; Datapath:datapath|Q_out[0]          ;
; -1.000 ; 1.000        ; 2.000          ; Min Period       ; clk   ; Rise       ; Datapath:datapath|Q_out[1]          ;
; -1.000 ; 1.000        ; 2.000          ; Min Period       ; clk   ; Rise       ; Datapath:datapath|Q_out[2]          ;
; -1.000 ; 1.000        ; 2.000          ; Min Period       ; clk   ; Rise       ; Datapath:datapath|Q_out[3]          ;
; -1.000 ; 1.000        ; 2.000          ; Min Period       ; clk   ; Rise       ; Datapath:datapath|result[0]         ;
; -1.000 ; 1.000        ; 2.000          ; Min Period       ; clk   ; Rise       ; Datapath:datapath|result[1]         ;
; -1.000 ; 1.000        ; 2.000          ; Min Period       ; clk   ; Rise       ; Datapath:datapath|result[2]         ;
; -1.000 ; 1.000        ; 2.000          ; Min Period       ; clk   ; Rise       ; Datapath:datapath|result[3]         ;
; -1.000 ; 1.000        ; 2.000          ; Min Period       ; clk   ; Rise       ; Datapath:datapath|result[4]         ;
; -1.000 ; 1.000        ; 2.000          ; Min Period       ; clk   ; Rise       ; Datapath:datapath|result[5]         ;
; -1.000 ; 1.000        ; 2.000          ; Min Period       ; clk   ; Rise       ; Datapath:datapath|result[6]         ;
; -1.000 ; 1.000        ; 2.000          ; Min Period       ; clk   ; Rise       ; Datapath:datapath|result[7]         ;
; 0.217  ; 0.401        ; 0.184          ; Low Pulse Width  ; clk   ; Rise       ; ControlUnit:control_unit|shift_M[0] ;
; 0.217  ; 0.401        ; 0.184          ; Low Pulse Width  ; clk   ; Rise       ; ControlUnit:control_unit|shift_M[1] ;
; 0.217  ; 0.401        ; 0.184          ; Low Pulse Width  ; clk   ; Rise       ; Datapath:datapath|M_extended[0]     ;
; 0.217  ; 0.401        ; 0.184          ; Low Pulse Width  ; clk   ; Rise       ; Datapath:datapath|M_extended[1]     ;
; 0.217  ; 0.401        ; 0.184          ; Low Pulse Width  ; clk   ; Rise       ; Datapath:datapath|M_extended[2]     ;
; 0.217  ; 0.401        ; 0.184          ; Low Pulse Width  ; clk   ; Rise       ; Datapath:datapath|M_extended[3]     ;
; 0.217  ; 0.401        ; 0.184          ; Low Pulse Width  ; clk   ; Rise       ; Datapath:datapath|Q_out[0]          ;
; 0.217  ; 0.401        ; 0.184          ; Low Pulse Width  ; clk   ; Rise       ; Datapath:datapath|Q_out[1]          ;
; 0.217  ; 0.401        ; 0.184          ; Low Pulse Width  ; clk   ; Rise       ; Datapath:datapath|Q_out[2]          ;
; 0.217  ; 0.401        ; 0.184          ; Low Pulse Width  ; clk   ; Rise       ; Datapath:datapath|Q_out[3]          ;
; 0.218  ; 0.402        ; 0.184          ; Low Pulse Width  ; clk   ; Rise       ; ControlUnit:control_unit|shift_M[2] ;
; 0.218  ; 0.402        ; 0.184          ; Low Pulse Width  ; clk   ; Rise       ; Datapath:datapath|result[0]         ;
; 0.218  ; 0.402        ; 0.184          ; Low Pulse Width  ; clk   ; Rise       ; Datapath:datapath|result[1]         ;
; 0.218  ; 0.402        ; 0.184          ; Low Pulse Width  ; clk   ; Rise       ; Datapath:datapath|result[2]         ;
; 0.218  ; 0.402        ; 0.184          ; Low Pulse Width  ; clk   ; Rise       ; Datapath:datapath|result[3]         ;
; 0.218  ; 0.402        ; 0.184          ; Low Pulse Width  ; clk   ; Rise       ; Datapath:datapath|result[4]         ;
; 0.218  ; 0.402        ; 0.184          ; Low Pulse Width  ; clk   ; Rise       ; Datapath:datapath|result[5]         ;
; 0.218  ; 0.402        ; 0.184          ; Low Pulse Width  ; clk   ; Rise       ; Datapath:datapath|result[6]         ;
; 0.218  ; 0.402        ; 0.184          ; Low Pulse Width  ; clk   ; Rise       ; Datapath:datapath|result[7]         ;
; 0.344  ; 0.344        ; 0.000          ; Low Pulse Width  ; clk   ; Rise       ; clk~input|o                         ;
; 0.346  ; 0.346        ; 0.000          ; Low Pulse Width  ; clk   ; Rise       ; clk~inputclkctrl|inclk[0]           ;
; 0.346  ; 0.346        ; 0.000          ; Low Pulse Width  ; clk   ; Rise       ; clk~inputclkctrl|outclk             ;
; 0.377  ; 0.377        ; 0.000          ; Low Pulse Width  ; clk   ; Rise       ; control_unit|shift_M[0]|clk         ;
; 0.377  ; 0.377        ; 0.000          ; Low Pulse Width  ; clk   ; Rise       ; control_unit|shift_M[1]|clk         ;
; 0.377  ; 0.377        ; 0.000          ; Low Pulse Width  ; clk   ; Rise       ; datapath|M_extended[0]|clk          ;
; 0.377  ; 0.377        ; 0.000          ; Low Pulse Width  ; clk   ; Rise       ; datapath|M_extended[1]|clk          ;
; 0.377  ; 0.377        ; 0.000          ; Low Pulse Width  ; clk   ; Rise       ; datapath|M_extended[2]|clk          ;
; 0.377  ; 0.377        ; 0.000          ; Low Pulse Width  ; clk   ; Rise       ; datapath|M_extended[3]|clk          ;
; 0.377  ; 0.377        ; 0.000          ; Low Pulse Width  ; clk   ; Rise       ; datapath|Q_out[0]|clk               ;
; 0.377  ; 0.377        ; 0.000          ; Low Pulse Width  ; clk   ; Rise       ; datapath|Q_out[1]|clk               ;
; 0.377  ; 0.377        ; 0.000          ; Low Pulse Width  ; clk   ; Rise       ; datapath|Q_out[2]|clk               ;
; 0.377  ; 0.377        ; 0.000          ; Low Pulse Width  ; clk   ; Rise       ; datapath|Q_out[3]|clk               ;
; 0.378  ; 0.378        ; 0.000          ; Low Pulse Width  ; clk   ; Rise       ; control_unit|shift_M[2]|clk         ;
; 0.378  ; 0.378        ; 0.000          ; Low Pulse Width  ; clk   ; Rise       ; datapath|result[0]|clk              ;
; 0.378  ; 0.378        ; 0.000          ; Low Pulse Width  ; clk   ; Rise       ; datapath|result[1]|clk              ;
; 0.378  ; 0.378        ; 0.000          ; Low Pulse Width  ; clk   ; Rise       ; datapath|result[2]|clk              ;
; 0.378  ; 0.378        ; 0.000          ; Low Pulse Width  ; clk   ; Rise       ; datapath|result[3]|clk              ;
; 0.378  ; 0.378        ; 0.000          ; Low Pulse Width  ; clk   ; Rise       ; datapath|result[4]|clk              ;
; 0.378  ; 0.378        ; 0.000          ; Low Pulse Width  ; clk   ; Rise       ; datapath|result[5]|clk              ;
; 0.378  ; 0.378        ; 0.000          ; Low Pulse Width  ; clk   ; Rise       ; datapath|result[6]|clk              ;
; 0.378  ; 0.378        ; 0.000          ; Low Pulse Width  ; clk   ; Rise       ; datapath|result[7]|clk              ;
; 0.381  ; 0.597        ; 0.216          ; High Pulse Width ; clk   ; Rise       ; ControlUnit:control_unit|shift_M[0] ;
; 0.381  ; 0.597        ; 0.216          ; High Pulse Width ; clk   ; Rise       ; ControlUnit:control_unit|shift_M[1] ;
; 0.381  ; 0.597        ; 0.216          ; High Pulse Width ; clk   ; Rise       ; Datapath:datapath|M_extended[0]     ;
; 0.381  ; 0.597        ; 0.216          ; High Pulse Width ; clk   ; Rise       ; Datapath:datapath|M_extended[1]     ;
; 0.381  ; 0.597        ; 0.216          ; High Pulse Width ; clk   ; Rise       ; Datapath:datapath|M_extended[2]     ;
; 0.381  ; 0.597        ; 0.216          ; High Pulse Width ; clk   ; Rise       ; Datapath:datapath|M_extended[3]     ;
; 0.382  ; 0.598        ; 0.216          ; High Pulse Width ; clk   ; Rise       ; ControlUnit:control_unit|shift_M[2] ;
; 0.382  ; 0.598        ; 0.216          ; High Pulse Width ; clk   ; Rise       ; Datapath:datapath|Q_out[0]          ;
; 0.382  ; 0.598        ; 0.216          ; High Pulse Width ; clk   ; Rise       ; Datapath:datapath|Q_out[1]          ;
; 0.382  ; 0.598        ; 0.216          ; High Pulse Width ; clk   ; Rise       ; Datapath:datapath|Q_out[2]          ;
; 0.382  ; 0.598        ; 0.216          ; High Pulse Width ; clk   ; Rise       ; Datapath:datapath|Q_out[3]          ;
; 0.382  ; 0.598        ; 0.216          ; High Pulse Width ; clk   ; Rise       ; Datapath:datapath|result[0]         ;
; 0.382  ; 0.598        ; 0.216          ; High Pulse Width ; clk   ; Rise       ; Datapath:datapath|result[1]         ;
; 0.382  ; 0.598        ; 0.216          ; High Pulse Width ; clk   ; Rise       ; Datapath:datapath|result[2]         ;
; 0.382  ; 0.598        ; 0.216          ; High Pulse Width ; clk   ; Rise       ; Datapath:datapath|result[3]         ;
; 0.382  ; 0.598        ; 0.216          ; High Pulse Width ; clk   ; Rise       ; Datapath:datapath|result[4]         ;
; 0.382  ; 0.598        ; 0.216          ; High Pulse Width ; clk   ; Rise       ; Datapath:datapath|result[5]         ;
; 0.382  ; 0.598        ; 0.216          ; High Pulse Width ; clk   ; Rise       ; Datapath:datapath|result[6]         ;
; 0.382  ; 0.598        ; 0.216          ; High Pulse Width ; clk   ; Rise       ; Datapath:datapath|result[7]         ;
; 0.500  ; 0.500        ; 0.000          ; High Pulse Width ; clk   ; Rise       ; clk~input|i                         ;
; 0.500  ; 0.500        ; 0.000          ; Low Pulse Width  ; clk   ; Rise       ; clk~input|i                         ;
; 0.621  ; 0.621        ; 0.000          ; High Pulse Width ; clk   ; Rise       ; control_unit|shift_M[0]|clk         ;
; 0.621  ; 0.621        ; 0.000          ; High Pulse Width ; clk   ; Rise       ; control_unit|shift_M[1]|clk         ;
; 0.621  ; 0.621        ; 0.000          ; High Pulse Width ; clk   ; Rise       ; datapath|M_extended[0]|clk          ;
; 0.621  ; 0.621        ; 0.000          ; High Pulse Width ; clk   ; Rise       ; datapath|M_extended[1]|clk          ;
; 0.621  ; 0.621        ; 0.000          ; High Pulse Width ; clk   ; Rise       ; datapath|M_extended[2]|clk          ;
; 0.621  ; 0.621        ; 0.000          ; High Pulse Width ; clk   ; Rise       ; datapath|M_extended[3]|clk          ;
; 0.622  ; 0.622        ; 0.000          ; High Pulse Width ; clk   ; Rise       ; control_unit|shift_M[2]|clk         ;
; 0.622  ; 0.622        ; 0.000          ; High Pulse Width ; clk   ; Rise       ; datapath|Q_out[0]|clk               ;
; 0.622  ; 0.622        ; 0.000          ; High Pulse Width ; clk   ; Rise       ; datapath|Q_out[1]|clk               ;
; 0.622  ; 0.622        ; 0.000          ; High Pulse Width ; clk   ; Rise       ; datapath|Q_out[2]|clk               ;
; 0.622  ; 0.622        ; 0.000          ; High Pulse Width ; clk   ; Rise       ; datapath|Q_out[3]|clk               ;
; 0.622  ; 0.622        ; 0.000          ; High Pulse Width ; clk   ; Rise       ; datapath|result[0]|clk              ;
; 0.622  ; 0.622        ; 0.000          ; High Pulse Width ; clk   ; Rise       ; datapath|result[1]|clk              ;
; 0.622  ; 0.622        ; 0.000          ; High Pulse Width ; clk   ; Rise       ; datapath|result[2]|clk              ;
; 0.622  ; 0.622        ; 0.000          ; High Pulse Width ; clk   ; Rise       ; datapath|result[3]|clk              ;
; 0.622  ; 0.622        ; 0.000          ; High Pulse Width ; clk   ; Rise       ; datapath|result[4]|clk              ;
; 0.622  ; 0.622        ; 0.000          ; High Pulse Width ; clk   ; Rise       ; datapath|result[5]|clk              ;
; 0.622  ; 0.622        ; 0.000          ; High Pulse Width ; clk   ; Rise       ; datapath|result[6]|clk              ;
+--------+--------------+----------------+------------------+-------+------------+-------------------------------------+


+-----------------------------------------------------------------------+
; Setup Times                                                           ;
+-----------+------------+-------+-------+------------+-----------------+
; Data Port ; Clock Port ; Rise  ; Fall  ; Clock Edge ; Clock Reference ;
+-----------+------------+-------+-------+------------+-----------------+
; M[*]      ; clk        ; 1.887 ; 2.243 ; Rise       ; clk             ;
;  M[0]     ; clk        ; 1.887 ; 2.218 ; Rise       ; clk             ;
;  M[1]     ; clk        ; 1.868 ; 2.243 ; Rise       ; clk             ;
;  M[2]     ; clk        ; 1.611 ; 1.985 ; Rise       ; clk             ;
;  M[3]     ; clk        ; 1.887 ; 2.221 ; Rise       ; clk             ;
; Q_in[*]   ; clk        ; 1.742 ; 2.110 ; Rise       ; clk             ;
;  Q_in[0]  ; clk        ; 1.742 ; 2.110 ; Rise       ; clk             ;
;  Q_in[1]  ; clk        ; 0.112 ; 0.257 ; Rise       ; clk             ;
;  Q_in[2]  ; clk        ; 1.644 ; 1.968 ; Rise       ; clk             ;
;  Q_in[3]  ; clk        ; 1.474 ; 1.830 ; Rise       ; clk             ;
; rst       ; clk        ; 1.469 ; 1.655 ; Rise       ; clk             ;
+-----------+------------+-------+-------+------------+-----------------+


+-------------------------------------------------------------------------+
; Hold Times                                                              ;
+-----------+------------+--------+--------+------------+-----------------+
; Data Port ; Clock Port ; Rise   ; Fall   ; Clock Edge ; Clock Reference ;
+-----------+------------+--------+--------+------------+-----------------+
; M[*]      ; clk        ; -1.269 ; -1.633 ; Rise       ; clk             ;
;  M[0]     ; clk        ; -1.535 ; -1.859 ; Rise       ; clk             ;
;  M[1]     ; clk        ; -1.515 ; -1.881 ; Rise       ; clk             ;
;  M[2]     ; clk        ; -1.269 ; -1.633 ; Rise       ; clk             ;
;  M[3]     ; clk        ; -1.534 ; -1.861 ; Rise       ; clk             ;
; Q_in[*]   ; clk        ; 0.165  ; 0.020  ; Rise       ; clk             ;
;  Q_in[0]  ; clk        ; -1.396 ; -1.754 ; Rise       ; clk             ;
;  Q_in[1]  ; clk        ; 0.165  ; 0.020  ; Rise       ; clk             ;
;  Q_in[2]  ; clk        ; -1.303 ; -1.619 ; Rise       ; clk             ;
;  Q_in[3]  ; clk        ; -1.139 ; -1.486 ; Rise       ; clk             ;
; rst       ; clk        ; -0.111 ; -0.290 ; Rise       ; clk             ;
+-----------+------------+--------+--------+------------+-----------------+


+------------------------------------------------------------------------+
; Clock to Output Times                                                  ;
+------------+------------+-------+-------+------------+-----------------+
; Data Port  ; Clock Port ; Rise  ; Fall  ; Clock Edge ; Clock Reference ;
+------------+------------+-------+-------+------------+-----------------+
; done       ; clk        ; 5.492 ; 5.410 ; Rise       ; clk             ;
; result[*]  ; clk        ; 5.831 ; 5.757 ; Rise       ; clk             ;
;  result[0] ; clk        ; 5.644 ; 5.550 ; Rise       ; clk             ;
;  result[1] ; clk        ; 5.270 ; 5.213 ; Rise       ; clk             ;
;  result[2] ; clk        ; 5.680 ; 5.580 ; Rise       ; clk             ;
;  result[3] ; clk        ; 5.698 ; 5.617 ; Rise       ; clk             ;
;  result[4] ; clk        ; 5.703 ; 5.604 ; Rise       ; clk             ;
;  result[5] ; clk        ; 5.246 ; 5.190 ; Rise       ; clk             ;
;  result[6] ; clk        ; 5.699 ; 5.622 ; Rise       ; clk             ;
;  result[7] ; clk        ; 5.831 ; 5.757 ; Rise       ; clk             ;
+------------+------------+-------+-------+------------+-----------------+


+------------------------------------------------------------------------+
; Minimum Clock to Output Times                                          ;
+------------+------------+-------+-------+------------+-----------------+
; Data Port  ; Clock Port ; Rise  ; Fall  ; Clock Edge ; Clock Reference ;
+------------+------------+-------+-------+------------+-----------------+
; done       ; clk        ; 5.310 ; 5.229 ; Rise       ; clk             ;
; result[*]  ; clk        ; 5.074 ; 5.018 ; Rise       ; clk             ;
;  result[0] ; clk        ; 5.460 ; 5.367 ; Rise       ; clk             ;
;  result[1] ; clk        ; 5.098 ; 5.040 ; Rise       ; clk             ;
;  result[2] ; clk        ; 5.496 ; 5.396 ; Rise       ; clk             ;
;  result[3] ; clk        ; 5.514 ; 5.433 ; Rise       ; clk             ;
;  result[4] ; clk        ; 5.518 ; 5.419 ; Rise       ; clk             ;
;  result[5] ; clk        ; 5.074 ; 5.018 ; Rise       ; clk             ;
;  result[6] ; clk        ; 5.515 ; 5.437 ; Rise       ; clk             ;
;  result[7] ; clk        ; 5.643 ; 5.568 ; Rise       ; clk             ;
+------------+------------+-------+-------+------------+-----------------+


---------------------------------------------
; Slow 1200mV 0C Model Metastability Report ;
---------------------------------------------
No synchronizer chains to report.


+------------------------------------+
; Fast 1200mV 0C Model Setup Summary ;
+-------+--------+-------------------+
; Clock ; Slack  ; End Point TNS     ;
+-------+--------+-------------------+
; clk   ; -0.808 ; -7.522            ;
+-------+--------+-------------------+


+-----------------------------------+
; Fast 1200mV 0C Model Hold Summary ;
+-------+-------+-------------------+
; Clock ; Slack ; End Point TNS     ;
+-------+-------+-------------------+
; clk   ; 0.186 ; 0.000             ;
+-------+-------+-------------------+


-----------------------------------------
; Fast 1200mV 0C Model Recovery Summary ;
-----------------------------------------
No paths to report.


----------------------------------------
; Fast 1200mV 0C Model Removal Summary ;
----------------------------------------
No paths to report.


+--------------------------------------------------+
; Fast 1200mV 0C Model Minimum Pulse Width Summary ;
+-------+--------+---------------------------------+
; Clock ; Slack  ; End Point TNS                   ;
+-------+--------+---------------------------------+
; clk   ; -3.000 ; -22.513                         ;
+-------+--------+---------------------------------+


+----------------------------------------------------------------------------------------------------------------------------------------------------------+
; Fast 1200mV 0C Model Setup: 'clk'                                                                                                                        ;
+--------+-------------------------------------+-------------------------------------+--------------+-------------+--------------+------------+------------+
; Slack  ; From Node                           ; To Node                             ; Launch Clock ; Latch Clock ; Relationship ; Clock Skew ; Data Delay ;
+--------+-------------------------------------+-------------------------------------+--------------+-------------+--------------+------------+------------+
; -0.808 ; Datapath:datapath|M_extended[0]     ; Datapath:datapath|result[7]         ; clk          ; clk         ; 1.000        ; -0.037     ; 1.758      ;
; -0.790 ; ControlUnit:control_unit|shift_M[1] ; Datapath:datapath|result[7]         ; clk          ; clk         ; 1.000        ; -0.037     ; 1.740      ;
; -0.788 ; Datapath:datapath|M_extended[0]     ; Datapath:datapath|result[6]         ; clk          ; clk         ; 1.000        ; -0.037     ; 1.738      ;
; -0.780 ; Datapath:datapath|M_extended[1]     ; Datapath:datapath|result[7]         ; clk          ; clk         ; 1.000        ; -0.037     ; 1.730      ;
; -0.776 ; ControlUnit:control_unit|shift_M[0] ; Datapath:datapath|result[7]         ; clk          ; clk         ; 1.000        ; -0.037     ; 1.726      ;
; -0.748 ; ControlUnit:control_unit|shift_M[1] ; Datapath:datapath|result[6]         ; clk          ; clk         ; 1.000        ; -0.037     ; 1.698      ;
; -0.740 ; Datapath:datapath|M_extended[0]     ; Datapath:datapath|result[5]         ; clk          ; clk         ; 1.000        ; -0.037     ; 1.690      ;
; -0.734 ; Datapath:datapath|M_extended[2]     ; Datapath:datapath|result[7]         ; clk          ; clk         ; 1.000        ; -0.037     ; 1.684      ;
; -0.722 ; ControlUnit:control_unit|shift_M[1] ; Datapath:datapath|result[5]         ; clk          ; clk         ; 1.000        ; -0.037     ; 1.672      ;
; -0.720 ; Datapath:datapath|M_extended[0]     ; Datapath:datapath|result[4]         ; clk          ; clk         ; 1.000        ; -0.037     ; 1.670      ;
; -0.716 ; Datapath:datapath|M_extended[1]     ; Datapath:datapath|result[6]         ; clk          ; clk         ; 1.000        ; -0.037     ; 1.666      ;
; -0.712 ; Datapath:datapath|M_extended[1]     ; Datapath:datapath|result[5]         ; clk          ; clk         ; 1.000        ; -0.037     ; 1.662      ;
; -0.705 ; Datapath:datapath|M_extended[2]     ; Datapath:datapath|result[6]         ; clk          ; clk         ; 1.000        ; -0.037     ; 1.655      ;
; -0.686 ; ControlUnit:control_unit|shift_M[0] ; Datapath:datapath|result[6]         ; clk          ; clk         ; 1.000        ; -0.037     ; 1.636      ;
; -0.682 ; ControlUnit:control_unit|shift_M[0] ; Datapath:datapath|result[5]         ; clk          ; clk         ; 1.000        ; -0.037     ; 1.632      ;
; -0.680 ; ControlUnit:control_unit|shift_M[1] ; Datapath:datapath|result[4]         ; clk          ; clk         ; 1.000        ; -0.037     ; 1.630      ;
; -0.674 ; Datapath:datapath|Q_out[0]          ; ControlUnit:control_unit|shift_M[1] ; clk          ; clk         ; 1.000        ; -0.037     ; 1.624      ;
; -0.672 ; Datapath:datapath|M_extended[0]     ; Datapath:datapath|result[3]         ; clk          ; clk         ; 1.000        ; -0.037     ; 1.622      ;
; -0.666 ; Datapath:datapath|M_extended[2]     ; Datapath:datapath|result[5]         ; clk          ; clk         ; 1.000        ; -0.037     ; 1.616      ;
; -0.654 ; Datapath:datapath|Q_out[0]          ; Datapath:datapath|result[7]         ; clk          ; clk         ; 1.000        ; -0.037     ; 1.604      ;
; -0.654 ; Datapath:datapath|Q_out[3]          ; ControlUnit:control_unit|shift_M[1] ; clk          ; clk         ; 1.000        ; -0.037     ; 1.604      ;
; -0.654 ; ControlUnit:control_unit|shift_M[1] ; Datapath:datapath|result[3]         ; clk          ; clk         ; 1.000        ; -0.037     ; 1.604      ;
; -0.652 ; Datapath:datapath|M_extended[0]     ; Datapath:datapath|result[2]         ; clk          ; clk         ; 1.000        ; -0.037     ; 1.602      ;
; -0.648 ; Datapath:datapath|M_extended[1]     ; Datapath:datapath|result[4]         ; clk          ; clk         ; 1.000        ; -0.037     ; 1.598      ;
; -0.644 ; Datapath:datapath|M_extended[1]     ; Datapath:datapath|result[3]         ; clk          ; clk         ; 1.000        ; -0.037     ; 1.594      ;
; -0.637 ; Datapath:datapath|M_extended[2]     ; Datapath:datapath|result[4]         ; clk          ; clk         ; 1.000        ; -0.037     ; 1.587      ;
; -0.631 ; Datapath:datapath|M_extended[3]     ; Datapath:datapath|result[7]         ; clk          ; clk         ; 1.000        ; -0.037     ; 1.581      ;
; -0.618 ; ControlUnit:control_unit|shift_M[0] ; Datapath:datapath|result[4]         ; clk          ; clk         ; 1.000        ; -0.037     ; 1.568      ;
; -0.614 ; ControlUnit:control_unit|shift_M[0] ; Datapath:datapath|result[3]         ; clk          ; clk         ; 1.000        ; -0.037     ; 1.564      ;
; -0.611 ; Datapath:datapath|Q_out[0]          ; ControlUnit:control_unit|shift_M[2] ; clk          ; clk         ; 1.000        ; -0.037     ; 1.561      ;
; -0.605 ; ControlUnit:control_unit|shift_M[2] ; Datapath:datapath|result[7]         ; clk          ; clk         ; 1.000        ; -0.037     ; 1.555      ;
; -0.603 ; Datapath:datapath|Q_out[3]          ; ControlUnit:control_unit|shift_M[2] ; clk          ; clk         ; 1.000        ; -0.037     ; 1.553      ;
; -0.590 ; Datapath:datapath|Q_out[0]          ; Datapath:datapath|result[6]         ; clk          ; clk         ; 1.000        ; -0.037     ; 1.540      ;
; -0.586 ; Datapath:datapath|Q_out[0]          ; Datapath:datapath|result[5]         ; clk          ; clk         ; 1.000        ; -0.037     ; 1.536      ;
; -0.583 ; Datapath:datapath|M_extended[3]     ; Datapath:datapath|result[6]         ; clk          ; clk         ; 1.000        ; -0.037     ; 1.533      ;
; -0.580 ; Datapath:datapath|Q_out[2]          ; ControlUnit:control_unit|shift_M[1] ; clk          ; clk         ; 1.000        ; -0.037     ; 1.530      ;
; -0.566 ; Datapath:datapath|M_extended[2]     ; Datapath:datapath|result[3]         ; clk          ; clk         ; 1.000        ; -0.037     ; 1.516      ;
; -0.563 ; Datapath:datapath|M_extended[3]     ; Datapath:datapath|result[5]         ; clk          ; clk         ; 1.000        ; -0.037     ; 1.513      ;
; -0.559 ; Datapath:datapath|M_extended[0]     ; Datapath:datapath|result[1]         ; clk          ; clk         ; 1.000        ; -0.037     ; 1.509      ;
; -0.546 ; Datapath:datapath|Q_out[0]          ; ControlUnit:control_unit|shift_M[0] ; clk          ; clk         ; 1.000        ; -0.037     ; 1.496      ;
; -0.531 ; ControlUnit:control_unit|shift_M[2] ; Datapath:datapath|result[6]         ; clk          ; clk         ; 1.000        ; -0.037     ; 1.481      ;
; -0.527 ; ControlUnit:control_unit|shift_M[2] ; Datapath:datapath|result[5]         ; clk          ; clk         ; 1.000        ; -0.037     ; 1.477      ;
; -0.522 ; Datapath:datapath|Q_out[0]          ; Datapath:datapath|result[4]         ; clk          ; clk         ; 1.000        ; -0.037     ; 1.472      ;
; -0.518 ; Datapath:datapath|Q_out[0]          ; Datapath:datapath|result[3]         ; clk          ; clk         ; 1.000        ; -0.037     ; 1.468      ;
; -0.516 ; Datapath:datapath|Q_out[3]          ; ControlUnit:control_unit|shift_M[0] ; clk          ; clk         ; 1.000        ; -0.037     ; 1.466      ;
; -0.515 ; Datapath:datapath|Q_out[2]          ; ControlUnit:control_unit|shift_M[2] ; clk          ; clk         ; 1.000        ; -0.037     ; 1.465      ;
; -0.503 ; Datapath:datapath|Q_out[1]          ; ControlUnit:control_unit|shift_M[1] ; clk          ; clk         ; 1.000        ; -0.037     ; 1.453      ;
; -0.476 ; Datapath:datapath|M_extended[3]     ; Datapath:datapath|result[4]         ; clk          ; clk         ; 1.000        ; -0.037     ; 1.426      ;
; -0.474 ; ControlUnit:control_unit|shift_M[0] ; Datapath:datapath|result[2]         ; clk          ; clk         ; 1.000        ; -0.037     ; 1.424      ;
; -0.468 ; ControlUnit:control_unit|shift_M[2] ; Datapath:datapath|result[0]         ; clk          ; clk         ; 1.000        ; -0.037     ; 1.418      ;
; -0.468 ; ControlUnit:control_unit|shift_M[2] ; Datapath:datapath|result[1]         ; clk          ; clk         ; 1.000        ; -0.037     ; 1.418      ;
; -0.468 ; ControlUnit:control_unit|shift_M[2] ; Datapath:datapath|result[2]         ; clk          ; clk         ; 1.000        ; -0.037     ; 1.418      ;
; -0.468 ; ControlUnit:control_unit|shift_M[2] ; Datapath:datapath|result[3]         ; clk          ; clk         ; 1.000        ; -0.037     ; 1.418      ;
; -0.468 ; ControlUnit:control_unit|shift_M[2] ; Datapath:datapath|result[4]         ; clk          ; clk         ; 1.000        ; -0.037     ; 1.418      ;
; -0.454 ; Datapath:datapath|Q_out[0]          ; Datapath:datapath|result[2]         ; clk          ; clk         ; 1.000        ; -0.037     ; 1.404      ;
; -0.450 ; Datapath:datapath|Q_out[0]          ; Datapath:datapath|result[1]         ; clk          ; clk         ; 1.000        ; -0.037     ; 1.400      ;
; -0.439 ; Datapath:datapath|Q_out[1]          ; ControlUnit:control_unit|shift_M[2] ; clk          ; clk         ; 1.000        ; -0.037     ; 1.389      ;
; -0.417 ; Datapath:datapath|Q_out[0]          ; Datapath:datapath|result[0]         ; clk          ; clk         ; 1.000        ; -0.037     ; 1.367      ;
; -0.415 ; Datapath:datapath|M_extended[1]     ; Datapath:datapath|result[2]         ; clk          ; clk         ; 1.000        ; -0.037     ; 1.365      ;
; -0.412 ; Datapath:datapath|Q_out[2]          ; ControlUnit:control_unit|shift_M[0] ; clk          ; clk         ; 1.000        ; -0.037     ; 1.362      ;
; -0.370 ; ControlUnit:control_unit|shift_M[1] ; Datapath:datapath|result[2]         ; clk          ; clk         ; 1.000        ; -0.037     ; 1.320      ;
; -0.352 ; Datapath:datapath|Q_out[1]          ; ControlUnit:control_unit|shift_M[0] ; clk          ; clk         ; 1.000        ; -0.037     ; 1.302      ;
; -0.348 ; ControlUnit:control_unit|shift_M[1] ; ControlUnit:control_unit|shift_M[2] ; clk          ; clk         ; 1.000        ; -0.037     ; 1.298      ;
; -0.335 ; ControlUnit:control_unit|shift_M[0] ; Datapath:datapath|result[1]         ; clk          ; clk         ; 1.000        ; -0.037     ; 1.285      ;
; -0.318 ; ControlUnit:control_unit|shift_M[0] ; ControlUnit:control_unit|shift_M[1] ; clk          ; clk         ; 1.000        ; -0.037     ; 1.268      ;
; -0.282 ; Datapath:datapath|M_extended[2]     ; Datapath:datapath|result[2]         ; clk          ; clk         ; 1.000        ; -0.037     ; 1.232      ;
; -0.276 ; ControlUnit:control_unit|shift_M[0] ; ControlUnit:control_unit|shift_M[2] ; clk          ; clk         ; 1.000        ; -0.037     ; 1.226      ;
; -0.275 ; Datapath:datapath|M_extended[0]     ; Datapath:datapath|result[0]         ; clk          ; clk         ; 1.000        ; -0.037     ; 1.225      ;
; -0.239 ; ControlUnit:control_unit|shift_M[0] ; ControlUnit:control_unit|shift_M[0] ; clk          ; clk         ; 1.000        ; -0.037     ; 1.189      ;
; -0.236 ; ControlUnit:control_unit|shift_M[1] ; Datapath:datapath|result[1]         ; clk          ; clk         ; 1.000        ; -0.037     ; 1.186      ;
; -0.230 ; Datapath:datapath|M_extended[3]     ; Datapath:datapath|result[3]         ; clk          ; clk         ; 1.000        ; -0.037     ; 1.180      ;
; -0.202 ; ControlUnit:control_unit|shift_M[1] ; Datapath:datapath|result[0]         ; clk          ; clk         ; 1.000        ; -0.037     ; 1.152      ;
; -0.197 ; ControlUnit:control_unit|shift_M[2] ; ControlUnit:control_unit|shift_M[2] ; clk          ; clk         ; 1.000        ; -0.037     ; 1.147      ;
; -0.187 ; Datapath:datapath|result[6]         ; Datapath:datapath|result[7]         ; clk          ; clk         ; 1.000        ; -0.037     ; 1.137      ;
; -0.185 ; Datapath:datapath|M_extended[1]     ; Datapath:datapath|result[1]         ; clk          ; clk         ; 1.000        ; -0.037     ; 1.135      ;
; -0.156 ; Datapath:datapath|result[0]         ; Datapath:datapath|result[7]         ; clk          ; clk         ; 1.000        ; -0.037     ; 1.106      ;
; -0.152 ; ControlUnit:control_unit|shift_M[2] ; ControlUnit:control_unit|shift_M[0] ; clk          ; clk         ; 1.000        ; -0.037     ; 1.102      ;
; -0.152 ; ControlUnit:control_unit|shift_M[2] ; ControlUnit:control_unit|shift_M[1] ; clk          ; clk         ; 1.000        ; -0.037     ; 1.102      ;
; -0.138 ; ControlUnit:control_unit|shift_M[0] ; Datapath:datapath|result[0]         ; clk          ; clk         ; 1.000        ; -0.037     ; 1.088      ;
; -0.108 ; ControlUnit:control_unit|shift_M[1] ; ControlUnit:control_unit|shift_M[1] ; clk          ; clk         ; 1.000        ; -0.037     ; 1.058      ;
; -0.093 ; Datapath:datapath|result[2]         ; Datapath:datapath|result[7]         ; clk          ; clk         ; 1.000        ; -0.037     ; 1.043      ;
; -0.092 ; Datapath:datapath|result[0]         ; Datapath:datapath|result[6]         ; clk          ; clk         ; 1.000        ; -0.037     ; 1.042      ;
; -0.088 ; Datapath:datapath|result[0]         ; Datapath:datapath|result[5]         ; clk          ; clk         ; 1.000        ; -0.037     ; 1.038      ;
; -0.071 ; ControlUnit:control_unit|shift_M[2] ; Datapath:datapath|Q_out[3]          ; clk          ; clk         ; 1.000        ; -0.037     ; 1.021      ;
; -0.071 ; ControlUnit:control_unit|shift_M[2] ; Datapath:datapath|Q_out[0]          ; clk          ; clk         ; 1.000        ; -0.037     ; 1.021      ;
; -0.071 ; ControlUnit:control_unit|shift_M[2] ; Datapath:datapath|Q_out[2]          ; clk          ; clk         ; 1.000        ; -0.037     ; 1.021      ;
; -0.071 ; ControlUnit:control_unit|shift_M[2] ; Datapath:datapath|Q_out[1]          ; clk          ; clk         ; 1.000        ; -0.037     ; 1.021      ;
; -0.039 ; Datapath:datapath|result[1]         ; Datapath:datapath|result[7]         ; clk          ; clk         ; 1.000        ; -0.037     ; 0.989      ;
; -0.029 ; Datapath:datapath|result[2]         ; Datapath:datapath|result[6]         ; clk          ; clk         ; 1.000        ; -0.037     ; 0.979      ;
; -0.025 ; Datapath:datapath|result[2]         ; Datapath:datapath|result[5]         ; clk          ; clk         ; 1.000        ; -0.037     ; 0.975      ;
; -0.024 ; Datapath:datapath|result[0]         ; Datapath:datapath|result[4]         ; clk          ; clk         ; 1.000        ; -0.037     ; 0.974      ;
; -0.020 ; Datapath:datapath|result[0]         ; Datapath:datapath|result[3]         ; clk          ; clk         ; 1.000        ; -0.037     ; 0.970      ;
; -0.009 ; Datapath:datapath|result[1]         ; Datapath:datapath|result[6]         ; clk          ; clk         ; 1.000        ; -0.037     ; 0.959      ;
; 0.029  ; Datapath:datapath|result[1]         ; Datapath:datapath|result[5]         ; clk          ; clk         ; 1.000        ; -0.037     ; 0.921      ;
; 0.039  ; Datapath:datapath|result[2]         ; Datapath:datapath|result[4]         ; clk          ; clk         ; 1.000        ; -0.037     ; 0.911      ;
; 0.043  ; Datapath:datapath|result[2]         ; Datapath:datapath|result[3]         ; clk          ; clk         ; 1.000        ; -0.037     ; 0.907      ;
; 0.044  ; Datapath:datapath|result[0]         ; Datapath:datapath|result[2]         ; clk          ; clk         ; 1.000        ; -0.037     ; 0.906      ;
; 0.048  ; Datapath:datapath|result[4]         ; Datapath:datapath|result[7]         ; clk          ; clk         ; 1.000        ; -0.037     ; 0.902      ;
; 0.048  ; Datapath:datapath|result[0]         ; Datapath:datapath|result[1]         ; clk          ; clk         ; 1.000        ; -0.037     ; 0.902      ;
; 0.059  ; Datapath:datapath|result[1]         ; Datapath:datapath|result[4]         ; clk          ; clk         ; 1.000        ; -0.037     ; 0.891      ;
+--------+-------------------------------------+-------------------------------------+--------------+-------------+--------------+------------+------------+


+---------------------------------------------------------------------------------------------------------------------------------------------------------+
; Fast 1200mV 0C Model Hold: 'clk'                                                                                                                        ;
+-------+-------------------------------------+-------------------------------------+--------------+-------------+--------------+------------+------------+
; Slack ; From Node                           ; To Node                             ; Launch Clock ; Latch Clock ; Relationship ; Clock Skew ; Data Delay ;
+-------+-------------------------------------+-------------------------------------+--------------+-------------+--------------+------------+------------+
; 0.186 ; Datapath:datapath|Q_out[1]          ; Datapath:datapath|Q_out[1]          ; clk          ; clk         ; 0.000        ; 0.037      ; 0.307      ;
; 0.186 ; ControlUnit:control_unit|shift_M[2] ; ControlUnit:control_unit|shift_M[2] ; clk          ; clk         ; 0.000        ; 0.037      ; 0.307      ;
; 0.193 ; Datapath:datapath|Q_out[0]          ; Datapath:datapath|Q_out[0]          ; clk          ; clk         ; 0.000        ; 0.037      ; 0.314      ;
; 0.207 ; Datapath:datapath|Q_out[1]          ; Datapath:datapath|Q_out[2]          ; clk          ; clk         ; 0.000        ; 0.037      ; 0.328      ;
; 0.208 ; Datapath:datapath|Q_out[1]          ; Datapath:datapath|Q_out[0]          ; clk          ; clk         ; 0.000        ; 0.037      ; 0.329      ;
; 0.222 ; Datapath:datapath|Q_out[3]          ; Datapath:datapath|Q_out[1]          ; clk          ; clk         ; 0.000        ; 0.037      ; 0.343      ;
; 0.308 ; Datapath:datapath|result[3]         ; Datapath:datapath|result[3]         ; clk          ; clk         ; 0.000        ; 0.037      ; 0.429      ;
; 0.309 ; Datapath:datapath|result[4]         ; Datapath:datapath|result[4]         ; clk          ; clk         ; 0.000        ; 0.037      ; 0.430      ;
; 0.309 ; Datapath:datapath|result[7]         ; Datapath:datapath|result[7]         ; clk          ; clk         ; 0.000        ; 0.037      ; 0.430      ;
; 0.314 ; Datapath:datapath|Q_out[2]          ; Datapath:datapath|Q_out[1]          ; clk          ; clk         ; 0.000        ; 0.037      ; 0.435      ;
; 0.333 ; Datapath:datapath|Q_out[3]          ; Datapath:datapath|Q_out[2]          ; clk          ; clk         ; 0.000        ; 0.037      ; 0.454      ;
; 0.351 ; Datapath:datapath|Q_out[2]          ; Datapath:datapath|Q_out[0]          ; clk          ; clk         ; 0.000        ; 0.037      ; 0.472      ;
; 0.352 ; Datapath:datapath|Q_out[0]          ; Datapath:datapath|Q_out[1]          ; clk          ; clk         ; 0.000        ; 0.037      ; 0.473      ;
; 0.366 ; Datapath:datapath|result[1]         ; Datapath:datapath|result[1]         ; clk          ; clk         ; 0.000        ; 0.037      ; 0.487      ;
; 0.366 ; Datapath:datapath|Q_out[0]          ; Datapath:datapath|Q_out[2]          ; clk          ; clk         ; 0.000        ; 0.037      ; 0.487      ;
; 0.368 ; Datapath:datapath|result[5]         ; Datapath:datapath|result[5]         ; clk          ; clk         ; 0.000        ; 0.037      ; 0.489      ;
; 0.370 ; Datapath:datapath|result[0]         ; Datapath:datapath|result[0]         ; clk          ; clk         ; 0.000        ; 0.037      ; 0.491      ;
; 0.377 ; Datapath:datapath|result[2]         ; Datapath:datapath|result[2]         ; clk          ; clk         ; 0.000        ; 0.037      ; 0.498      ;
; 0.377 ; ControlUnit:control_unit|shift_M[2] ; Datapath:datapath|result[7]         ; clk          ; clk         ; 0.000        ; 0.037      ; 0.498      ;
; 0.424 ; Datapath:datapath|Q_out[3]          ; Datapath:datapath|Q_out[0]          ; clk          ; clk         ; 0.000        ; 0.037      ; 0.545      ;
; 0.457 ; Datapath:datapath|result[4]         ; Datapath:datapath|result[5]         ; clk          ; clk         ; 0.000        ; 0.037      ; 0.578      ;
; 0.467 ; Datapath:datapath|result[3]         ; Datapath:datapath|result[4]         ; clk          ; clk         ; 0.000        ; 0.037      ; 0.588      ;
; 0.470 ; Datapath:datapath|result[3]         ; Datapath:datapath|result[5]         ; clk          ; clk         ; 0.000        ; 0.037      ; 0.591      ;
; 0.489 ; ControlUnit:control_unit|shift_M[2] ; Datapath:datapath|result[1]         ; clk          ; clk         ; 0.000        ; 0.037      ; 0.610      ;
; 0.518 ; Datapath:datapath|result[0]         ; Datapath:datapath|result[1]         ; clk          ; clk         ; 0.000        ; 0.037      ; 0.639      ;
; 0.520 ; Datapath:datapath|result[4]         ; Datapath:datapath|result[6]         ; clk          ; clk         ; 0.000        ; 0.037      ; 0.641      ;
; 0.523 ; Datapath:datapath|result[4]         ; Datapath:datapath|result[7]         ; clk          ; clk         ; 0.000        ; 0.037      ; 0.644      ;
; 0.525 ; Datapath:datapath|result[2]         ; Datapath:datapath|result[3]         ; clk          ; clk         ; 0.000        ; 0.037      ; 0.646      ;
; 0.525 ; Datapath:datapath|result[1]         ; Datapath:datapath|result[2]         ; clk          ; clk         ; 0.000        ; 0.037      ; 0.646      ;
; 0.527 ; Datapath:datapath|result[5]         ; Datapath:datapath|result[6]         ; clk          ; clk         ; 0.000        ; 0.037      ; 0.648      ;
; 0.528 ; Datapath:datapath|result[1]         ; Datapath:datapath|result[3]         ; clk          ; clk         ; 0.000        ; 0.037      ; 0.649      ;
; 0.530 ; Datapath:datapath|result[5]         ; Datapath:datapath|result[7]         ; clk          ; clk         ; 0.000        ; 0.037      ; 0.651      ;
; 0.533 ; Datapath:datapath|result[3]         ; Datapath:datapath|result[6]         ; clk          ; clk         ; 0.000        ; 0.037      ; 0.654      ;
; 0.536 ; Datapath:datapath|result[3]         ; Datapath:datapath|result[7]         ; clk          ; clk         ; 0.000        ; 0.037      ; 0.657      ;
; 0.576 ; Datapath:datapath|result[6]         ; Datapath:datapath|result[6]         ; clk          ; clk         ; 0.000        ; 0.037      ; 0.697      ;
; 0.581 ; Datapath:datapath|result[0]         ; Datapath:datapath|result[2]         ; clk          ; clk         ; 0.000        ; 0.037      ; 0.702      ;
; 0.584 ; Datapath:datapath|result[0]         ; Datapath:datapath|result[3]         ; clk          ; clk         ; 0.000        ; 0.037      ; 0.705      ;
; 0.588 ; Datapath:datapath|result[2]         ; Datapath:datapath|result[4]         ; clk          ; clk         ; 0.000        ; 0.037      ; 0.709      ;
; 0.591 ; Datapath:datapath|result[2]         ; Datapath:datapath|result[5]         ; clk          ; clk         ; 0.000        ; 0.037      ; 0.712      ;
; 0.591 ; Datapath:datapath|result[1]         ; Datapath:datapath|result[4]         ; clk          ; clk         ; 0.000        ; 0.037      ; 0.712      ;
; 0.594 ; ControlUnit:control_unit|shift_M[2] ; Datapath:datapath|result[0]         ; clk          ; clk         ; 0.000        ; 0.037      ; 0.715      ;
; 0.594 ; ControlUnit:control_unit|shift_M[2] ; Datapath:datapath|result[2]         ; clk          ; clk         ; 0.000        ; 0.037      ; 0.715      ;
; 0.594 ; Datapath:datapath|result[1]         ; Datapath:datapath|result[5]         ; clk          ; clk         ; 0.000        ; 0.037      ; 0.715      ;
; 0.615 ; ControlUnit:control_unit|shift_M[1] ; Datapath:datapath|result[0]         ; clk          ; clk         ; 0.000        ; 0.037      ; 0.736      ;
; 0.647 ; Datapath:datapath|result[0]         ; Datapath:datapath|result[4]         ; clk          ; clk         ; 0.000        ; 0.037      ; 0.768      ;
; 0.650 ; Datapath:datapath|result[0]         ; Datapath:datapath|result[5]         ; clk          ; clk         ; 0.000        ; 0.037      ; 0.771      ;
; 0.651 ; ControlUnit:control_unit|shift_M[2] ; Datapath:datapath|result[3]         ; clk          ; clk         ; 0.000        ; 0.037      ; 0.772      ;
; 0.654 ; Datapath:datapath|result[2]         ; Datapath:datapath|result[6]         ; clk          ; clk         ; 0.000        ; 0.037      ; 0.775      ;
; 0.657 ; Datapath:datapath|result[2]         ; Datapath:datapath|result[7]         ; clk          ; clk         ; 0.000        ; 0.037      ; 0.778      ;
; 0.657 ; Datapath:datapath|result[1]         ; Datapath:datapath|result[6]         ; clk          ; clk         ; 0.000        ; 0.037      ; 0.778      ;
; 0.660 ; Datapath:datapath|result[1]         ; Datapath:datapath|result[7]         ; clk          ; clk         ; 0.000        ; 0.037      ; 0.781      ;
; 0.670 ; Datapath:datapath|Q_out[0]          ; Datapath:datapath|result[7]         ; clk          ; clk         ; 0.000        ; 0.037      ; 0.791      ;
; 0.670 ; Datapath:datapath|M_extended[3]     ; Datapath:datapath|result[7]         ; clk          ; clk         ; 0.000        ; 0.037      ; 0.791      ;
; 0.675 ; Datapath:datapath|Q_out[0]          ; Datapath:datapath|result[0]         ; clk          ; clk         ; 0.000        ; 0.037      ; 0.796      ;
; 0.678 ; Datapath:datapath|Q_out[0]          ; Datapath:datapath|result[1]         ; clk          ; clk         ; 0.000        ; 0.037      ; 0.799      ;
; 0.682 ; ControlUnit:control_unit|shift_M[1] ; Datapath:datapath|result[1]         ; clk          ; clk         ; 0.000        ; 0.037      ; 0.803      ;
; 0.685 ; Datapath:datapath|Q_out[1]          ; ControlUnit:control_unit|shift_M[2] ; clk          ; clk         ; 0.000        ; 0.037      ; 0.806      ;
; 0.713 ; Datapath:datapath|result[0]         ; Datapath:datapath|result[6]         ; clk          ; clk         ; 0.000        ; 0.037      ; 0.834      ;
; 0.714 ; ControlUnit:control_unit|shift_M[2] ; Datapath:datapath|result[4]         ; clk          ; clk         ; 0.000        ; 0.037      ; 0.835      ;
; 0.716 ; Datapath:datapath|result[0]         ; Datapath:datapath|result[7]         ; clk          ; clk         ; 0.000        ; 0.037      ; 0.837      ;
; 0.717 ; ControlUnit:control_unit|shift_M[2] ; Datapath:datapath|result[5]         ; clk          ; clk         ; 0.000        ; 0.037      ; 0.838      ;
; 0.723 ; Datapath:datapath|Q_out[0]          ; Datapath:datapath|result[6]         ; clk          ; clk         ; 0.000        ; 0.037      ; 0.844      ;
; 0.724 ; Datapath:datapath|result[6]         ; Datapath:datapath|result[7]         ; clk          ; clk         ; 0.000        ; 0.037      ; 0.845      ;
; 0.730 ; Datapath:datapath|Q_out[0]          ; Datapath:datapath|result[3]         ; clk          ; clk         ; 0.000        ; 0.037      ; 0.851      ;
; 0.741 ; Datapath:datapath|Q_out[0]          ; Datapath:datapath|result[2]         ; clk          ; clk         ; 0.000        ; 0.037      ; 0.862      ;
; 0.742 ; Datapath:datapath|Q_out[0]          ; Datapath:datapath|result[4]         ; clk          ; clk         ; 0.000        ; 0.037      ; 0.863      ;
; 0.747 ; ControlUnit:control_unit|shift_M[0] ; Datapath:datapath|result[0]         ; clk          ; clk         ; 0.000        ; 0.037      ; 0.868      ;
; 0.747 ; Datapath:datapath|M_extended[0]     ; Datapath:datapath|result[2]         ; clk          ; clk         ; 0.000        ; 0.037      ; 0.868      ;
; 0.748 ; Datapath:datapath|Q_out[2]          ; ControlUnit:control_unit|shift_M[2] ; clk          ; clk         ; 0.000        ; 0.037      ; 0.869      ;
; 0.768 ; Datapath:datapath|Q_out[0]          ; Datapath:datapath|result[5]         ; clk          ; clk         ; 0.000        ; 0.037      ; 0.889      ;
; 0.775 ; ControlUnit:control_unit|shift_M[1] ; ControlUnit:control_unit|shift_M[1] ; clk          ; clk         ; 0.000        ; 0.037      ; 0.896      ;
; 0.780 ; ControlUnit:control_unit|shift_M[2] ; Datapath:datapath|result[6]         ; clk          ; clk         ; 0.000        ; 0.037      ; 0.901      ;
; 0.791 ; ControlUnit:control_unit|shift_M[1] ; Datapath:datapath|result[7]         ; clk          ; clk         ; 0.000        ; 0.037      ; 0.912      ;
; 0.800 ; Datapath:datapath|M_extended[1]     ; Datapath:datapath|result[7]         ; clk          ; clk         ; 0.000        ; 0.037      ; 0.921      ;
; 0.801 ; ControlUnit:control_unit|shift_M[1] ; Datapath:datapath|result[2]         ; clk          ; clk         ; 0.000        ; 0.037      ; 0.922      ;
; 0.807 ; Datapath:datapath|Q_out[3]          ; ControlUnit:control_unit|shift_M[2] ; clk          ; clk         ; 0.000        ; 0.037      ; 0.928      ;
; 0.810 ; Datapath:datapath|M_extended[1]     ; Datapath:datapath|result[5]         ; clk          ; clk         ; 0.000        ; 0.037      ; 0.931      ;
; 0.819 ; Datapath:datapath|Q_out[0]          ; ControlUnit:control_unit|shift_M[2] ; clk          ; clk         ; 0.000        ; 0.037      ; 0.940      ;
; 0.822 ; ControlUnit:control_unit|shift_M[1] ; Datapath:datapath|result[5]         ; clk          ; clk         ; 0.000        ; 0.037      ; 0.943      ;
; 0.829 ; ControlUnit:control_unit|shift_M[1] ; Datapath:datapath|result[3]         ; clk          ; clk         ; 0.000        ; 0.037      ; 0.950      ;
; 0.833 ; ControlUnit:control_unit|shift_M[0] ; Datapath:datapath|result[2]         ; clk          ; clk         ; 0.000        ; 0.037      ; 0.954      ;
; 0.834 ; ControlUnit:control_unit|shift_M[1] ; Datapath:datapath|result[4]         ; clk          ; clk         ; 0.000        ; 0.037      ; 0.955      ;
; 0.836 ; ControlUnit:control_unit|shift_M[0] ; Datapath:datapath|result[7]         ; clk          ; clk         ; 0.000        ; 0.037      ; 0.957      ;
; 0.844 ; Datapath:datapath|M_extended[1]     ; Datapath:datapath|result[3]         ; clk          ; clk         ; 0.000        ; 0.037      ; 0.965      ;
; 0.846 ; ControlUnit:control_unit|shift_M[0] ; Datapath:datapath|result[5]         ; clk          ; clk         ; 0.000        ; 0.037      ; 0.967      ;
; 0.848 ; Datapath:datapath|Q_out[1]          ; ControlUnit:control_unit|shift_M[1] ; clk          ; clk         ; 0.000        ; 0.037      ; 0.969      ;
; 0.852 ; Datapath:datapath|M_extended[1]     ; Datapath:datapath|result[1]         ; clk          ; clk         ; 0.000        ; 0.037      ; 0.973      ;
; 0.859 ; ControlUnit:control_unit|shift_M[0] ; ControlUnit:control_unit|shift_M[2] ; clk          ; clk         ; 0.000        ; 0.037      ; 0.980      ;
; 0.864 ; ControlUnit:control_unit|shift_M[2] ; Datapath:datapath|Q_out[3]          ; clk          ; clk         ; 0.000        ; 0.037      ; 0.985      ;
; 0.864 ; ControlUnit:control_unit|shift_M[2] ; Datapath:datapath|Q_out[0]          ; clk          ; clk         ; 0.000        ; 0.037      ; 0.985      ;
; 0.864 ; ControlUnit:control_unit|shift_M[2] ; Datapath:datapath|Q_out[2]          ; clk          ; clk         ; 0.000        ; 0.037      ; 0.985      ;
; 0.864 ; ControlUnit:control_unit|shift_M[2] ; Datapath:datapath|Q_out[1]          ; clk          ; clk         ; 0.000        ; 0.037      ; 0.985      ;
; 0.864 ; ControlUnit:control_unit|shift_M[0] ; Datapath:datapath|result[4]         ; clk          ; clk         ; 0.000        ; 0.037      ; 0.985      ;
; 0.868 ; ControlUnit:control_unit|shift_M[1] ; ControlUnit:control_unit|shift_M[2] ; clk          ; clk         ; 0.000        ; 0.037      ; 0.989      ;
; 0.869 ; Datapath:datapath|M_extended[3]     ; Datapath:datapath|result[5]         ; clk          ; clk         ; 0.000        ; 0.037      ; 0.990      ;
; 0.880 ; ControlUnit:control_unit|shift_M[0] ; Datapath:datapath|result[3]         ; clk          ; clk         ; 0.000        ; 0.037      ; 1.001      ;
; 0.881 ; Datapath:datapath|M_extended[3]     ; Datapath:datapath|result[6]         ; clk          ; clk         ; 0.000        ; 0.037      ; 1.002      ;
; 0.884 ; Datapath:datapath|M_extended[3]     ; Datapath:datapath|result[4]         ; clk          ; clk         ; 0.000        ; 0.037      ; 1.005      ;
; 0.885 ; Datapath:datapath|M_extended[0]     ; Datapath:datapath|result[0]         ; clk          ; clk         ; 0.000        ; 0.037      ; 1.006      ;
; 0.888 ; ControlUnit:control_unit|shift_M[0] ; Datapath:datapath|result[1]         ; clk          ; clk         ; 0.000        ; 0.037      ; 1.009      ;
+-------+-------------------------------------+-------------------------------------+--------------+-------------+--------------+------------+------------+


+----------------------------------------------------------------------------------------------------------------------+
; Fast 1200mV 0C Model Minimum Pulse Width: 'clk'                                                                      ;
+--------+--------------+----------------+------------------+-------+------------+-------------------------------------+
; Slack  ; Actual Width ; Required Width ; Type             ; Clock ; Clock Edge ; Target                              ;
+--------+--------------+----------------+------------------+-------+------------+-------------------------------------+
; -3.000 ; 1.000        ; 4.000          ; Port Rate        ; clk   ; Rise       ; clk                                 ;
; -1.000 ; 1.000        ; 2.000          ; Min Period       ; clk   ; Rise       ; ControlUnit:control_unit|shift_M[0] ;
; -1.000 ; 1.000        ; 2.000          ; Min Period       ; clk   ; Rise       ; ControlUnit:control_unit|shift_M[1] ;
; -1.000 ; 1.000        ; 2.000          ; Min Period       ; clk   ; Rise       ; ControlUnit:control_unit|shift_M[2] ;
; -1.000 ; 1.000        ; 2.000          ; Min Period       ; clk   ; Rise       ; Datapath:datapath|M_extended[0]     ;
; -1.000 ; 1.000        ; 2.000          ; Min Period       ; clk   ; Rise       ; Datapath:datapath|M_extended[1]     ;
; -1.000 ; 1.000        ; 2.000          ; Min Period       ; clk   ; Rise       ; Datapath:datapath|M_extended[2]     ;
; -1.000 ; 1.000        ; 2.000          ; Min Period       ; clk   ; Rise       ; Datapath:datapath|M_extended[3]     ;
; -1.000 ; 1.000        ; 2.000          ; Min Period       ; clk   ; Rise       ; Datapath:datapath|Q_out[0]          ;
; -1.000 ; 1.000        ; 2.000          ; Min Period       ; clk   ; Rise       ; Datapath:datapath|Q_out[1]          ;
; -1.000 ; 1.000        ; 2.000          ; Min Period       ; clk   ; Rise       ; Datapath:datapath|Q_out[2]          ;
; -1.000 ; 1.000        ; 2.000          ; Min Period       ; clk   ; Rise       ; Datapath:datapath|Q_out[3]          ;
; -1.000 ; 1.000        ; 2.000          ; Min Period       ; clk   ; Rise       ; Datapath:datapath|result[0]         ;
; -1.000 ; 1.000        ; 2.000          ; Min Period       ; clk   ; Rise       ; Datapath:datapath|result[1]         ;
; -1.000 ; 1.000        ; 2.000          ; Min Period       ; clk   ; Rise       ; Datapath:datapath|result[2]         ;
; -1.000 ; 1.000        ; 2.000          ; Min Period       ; clk   ; Rise       ; Datapath:datapath|result[3]         ;
; -1.000 ; 1.000        ; 2.000          ; Min Period       ; clk   ; Rise       ; Datapath:datapath|result[4]         ;
; -1.000 ; 1.000        ; 2.000          ; Min Period       ; clk   ; Rise       ; Datapath:datapath|result[5]         ;
; -1.000 ; 1.000        ; 2.000          ; Min Period       ; clk   ; Rise       ; Datapath:datapath|result[6]         ;
; -1.000 ; 1.000        ; 2.000          ; Min Period       ; clk   ; Rise       ; Datapath:datapath|result[7]         ;
; -0.027 ; 0.157        ; 0.184          ; Low Pulse Width  ; clk   ; Rise       ; ControlUnit:control_unit|shift_M[0] ;
; -0.027 ; 0.157        ; 0.184          ; Low Pulse Width  ; clk   ; Rise       ; ControlUnit:control_unit|shift_M[1] ;
; -0.027 ; 0.157        ; 0.184          ; Low Pulse Width  ; clk   ; Rise       ; ControlUnit:control_unit|shift_M[2] ;
; -0.027 ; 0.157        ; 0.184          ; Low Pulse Width  ; clk   ; Rise       ; Datapath:datapath|M_extended[0]     ;
; -0.027 ; 0.157        ; 0.184          ; Low Pulse Width  ; clk   ; Rise       ; Datapath:datapath|M_extended[1]     ;
; -0.027 ; 0.157        ; 0.184          ; Low Pulse Width  ; clk   ; Rise       ; Datapath:datapath|M_extended[2]     ;
; -0.027 ; 0.157        ; 0.184          ; Low Pulse Width  ; clk   ; Rise       ; Datapath:datapath|M_extended[3]     ;
; -0.027 ; 0.157        ; 0.184          ; Low Pulse Width  ; clk   ; Rise       ; Datapath:datapath|Q_out[0]          ;
; -0.027 ; 0.157        ; 0.184          ; Low Pulse Width  ; clk   ; Rise       ; Datapath:datapath|Q_out[1]          ;
; -0.027 ; 0.157        ; 0.184          ; Low Pulse Width  ; clk   ; Rise       ; Datapath:datapath|Q_out[2]          ;
; -0.027 ; 0.157        ; 0.184          ; Low Pulse Width  ; clk   ; Rise       ; Datapath:datapath|Q_out[3]          ;
; -0.027 ; 0.157        ; 0.184          ; Low Pulse Width  ; clk   ; Rise       ; Datapath:datapath|result[0]         ;
; -0.027 ; 0.157        ; 0.184          ; Low Pulse Width  ; clk   ; Rise       ; Datapath:datapath|result[1]         ;
; -0.027 ; 0.157        ; 0.184          ; Low Pulse Width  ; clk   ; Rise       ; Datapath:datapath|result[2]         ;
; -0.027 ; 0.157        ; 0.184          ; Low Pulse Width  ; clk   ; Rise       ; Datapath:datapath|result[3]         ;
; -0.027 ; 0.157        ; 0.184          ; Low Pulse Width  ; clk   ; Rise       ; Datapath:datapath|result[4]         ;
; -0.027 ; 0.157        ; 0.184          ; Low Pulse Width  ; clk   ; Rise       ; Datapath:datapath|result[5]         ;
; -0.027 ; 0.157        ; 0.184          ; Low Pulse Width  ; clk   ; Rise       ; Datapath:datapath|result[6]         ;
; -0.027 ; 0.157        ; 0.184          ; Low Pulse Width  ; clk   ; Rise       ; Datapath:datapath|result[7]         ;
; 0.125  ; 0.125        ; 0.000          ; Low Pulse Width  ; clk   ; Rise       ; clk~input|o                         ;
; 0.139  ; 0.139        ; 0.000          ; Low Pulse Width  ; clk   ; Rise       ; clk~inputclkctrl|inclk[0]           ;
; 0.139  ; 0.139        ; 0.000          ; Low Pulse Width  ; clk   ; Rise       ; clk~inputclkctrl|outclk             ;
; 0.152  ; 0.152        ; 0.000          ; Low Pulse Width  ; clk   ; Rise       ; control_unit|shift_M[0]|clk         ;
; 0.152  ; 0.152        ; 0.000          ; Low Pulse Width  ; clk   ; Rise       ; control_unit|shift_M[1]|clk         ;
; 0.152  ; 0.152        ; 0.000          ; Low Pulse Width  ; clk   ; Rise       ; datapath|M_extended[0]|clk          ;
; 0.152  ; 0.152        ; 0.000          ; Low Pulse Width  ; clk   ; Rise       ; datapath|M_extended[1]|clk          ;
; 0.152  ; 0.152        ; 0.000          ; Low Pulse Width  ; clk   ; Rise       ; datapath|M_extended[2]|clk          ;
; 0.152  ; 0.152        ; 0.000          ; Low Pulse Width  ; clk   ; Rise       ; datapath|M_extended[3]|clk          ;
; 0.152  ; 0.152        ; 0.000          ; Low Pulse Width  ; clk   ; Rise       ; datapath|Q_out[0]|clk               ;
; 0.152  ; 0.152        ; 0.000          ; Low Pulse Width  ; clk   ; Rise       ; datapath|Q_out[1]|clk               ;
; 0.152  ; 0.152        ; 0.000          ; Low Pulse Width  ; clk   ; Rise       ; datapath|Q_out[2]|clk               ;
; 0.152  ; 0.152        ; 0.000          ; Low Pulse Width  ; clk   ; Rise       ; datapath|Q_out[3]|clk               ;
; 0.153  ; 0.153        ; 0.000          ; Low Pulse Width  ; clk   ; Rise       ; control_unit|shift_M[2]|clk         ;
; 0.153  ; 0.153        ; 0.000          ; Low Pulse Width  ; clk   ; Rise       ; datapath|result[0]|clk              ;
; 0.153  ; 0.153        ; 0.000          ; Low Pulse Width  ; clk   ; Rise       ; datapath|result[1]|clk              ;
; 0.153  ; 0.153        ; 0.000          ; Low Pulse Width  ; clk   ; Rise       ; datapath|result[2]|clk              ;
; 0.153  ; 0.153        ; 0.000          ; Low Pulse Width  ; clk   ; Rise       ; datapath|result[3]|clk              ;
; 0.153  ; 0.153        ; 0.000          ; Low Pulse Width  ; clk   ; Rise       ; datapath|result[4]|clk              ;
; 0.153  ; 0.153        ; 0.000          ; Low Pulse Width  ; clk   ; Rise       ; datapath|result[5]|clk              ;
; 0.153  ; 0.153        ; 0.000          ; Low Pulse Width  ; clk   ; Rise       ; datapath|result[6]|clk              ;
; 0.153  ; 0.153        ; 0.000          ; Low Pulse Width  ; clk   ; Rise       ; datapath|result[7]|clk              ;
; 0.500  ; 0.500        ; 0.000          ; High Pulse Width ; clk   ; Rise       ; clk~input|i                         ;
; 0.500  ; 0.500        ; 0.000          ; Low Pulse Width  ; clk   ; Rise       ; clk~input|i                         ;
; 0.625  ; 0.841        ; 0.216          ; High Pulse Width ; clk   ; Rise       ; ControlUnit:control_unit|shift_M[2] ;
; 0.625  ; 0.841        ; 0.216          ; High Pulse Width ; clk   ; Rise       ; Datapath:datapath|result[0]         ;
; 0.625  ; 0.841        ; 0.216          ; High Pulse Width ; clk   ; Rise       ; Datapath:datapath|result[1]         ;
; 0.625  ; 0.841        ; 0.216          ; High Pulse Width ; clk   ; Rise       ; Datapath:datapath|result[2]         ;
; 0.625  ; 0.841        ; 0.216          ; High Pulse Width ; clk   ; Rise       ; Datapath:datapath|result[3]         ;
; 0.625  ; 0.841        ; 0.216          ; High Pulse Width ; clk   ; Rise       ; Datapath:datapath|result[4]         ;
; 0.625  ; 0.841        ; 0.216          ; High Pulse Width ; clk   ; Rise       ; Datapath:datapath|result[5]         ;
; 0.625  ; 0.841        ; 0.216          ; High Pulse Width ; clk   ; Rise       ; Datapath:datapath|result[6]         ;
; 0.625  ; 0.841        ; 0.216          ; High Pulse Width ; clk   ; Rise       ; Datapath:datapath|result[7]         ;
; 0.626  ; 0.842        ; 0.216          ; High Pulse Width ; clk   ; Rise       ; ControlUnit:control_unit|shift_M[0] ;
; 0.626  ; 0.842        ; 0.216          ; High Pulse Width ; clk   ; Rise       ; ControlUnit:control_unit|shift_M[1] ;
; 0.626  ; 0.842        ; 0.216          ; High Pulse Width ; clk   ; Rise       ; Datapath:datapath|M_extended[0]     ;
; 0.626  ; 0.842        ; 0.216          ; High Pulse Width ; clk   ; Rise       ; Datapath:datapath|M_extended[1]     ;
; 0.626  ; 0.842        ; 0.216          ; High Pulse Width ; clk   ; Rise       ; Datapath:datapath|M_extended[2]     ;
; 0.626  ; 0.842        ; 0.216          ; High Pulse Width ; clk   ; Rise       ; Datapath:datapath|M_extended[3]     ;
; 0.626  ; 0.842        ; 0.216          ; High Pulse Width ; clk   ; Rise       ; Datapath:datapath|Q_out[0]          ;
; 0.626  ; 0.842        ; 0.216          ; High Pulse Width ; clk   ; Rise       ; Datapath:datapath|Q_out[1]          ;
; 0.626  ; 0.842        ; 0.216          ; High Pulse Width ; clk   ; Rise       ; Datapath:datapath|Q_out[2]          ;
; 0.626  ; 0.842        ; 0.216          ; High Pulse Width ; clk   ; Rise       ; Datapath:datapath|Q_out[3]          ;
; 0.847  ; 0.847        ; 0.000          ; High Pulse Width ; clk   ; Rise       ; control_unit|shift_M[0]|clk         ;
; 0.847  ; 0.847        ; 0.000          ; High Pulse Width ; clk   ; Rise       ; control_unit|shift_M[1]|clk         ;
; 0.847  ; 0.847        ; 0.000          ; High Pulse Width ; clk   ; Rise       ; control_unit|shift_M[2]|clk         ;
; 0.847  ; 0.847        ; 0.000          ; High Pulse Width ; clk   ; Rise       ; datapath|M_extended[0]|clk          ;
; 0.847  ; 0.847        ; 0.000          ; High Pulse Width ; clk   ; Rise       ; datapath|M_extended[1]|clk          ;
; 0.847  ; 0.847        ; 0.000          ; High Pulse Width ; clk   ; Rise       ; datapath|M_extended[2]|clk          ;
; 0.847  ; 0.847        ; 0.000          ; High Pulse Width ; clk   ; Rise       ; datapath|M_extended[3]|clk          ;
; 0.847  ; 0.847        ; 0.000          ; High Pulse Width ; clk   ; Rise       ; datapath|Q_out[0]|clk               ;
; 0.847  ; 0.847        ; 0.000          ; High Pulse Width ; clk   ; Rise       ; datapath|Q_out[1]|clk               ;
; 0.847  ; 0.847        ; 0.000          ; High Pulse Width ; clk   ; Rise       ; datapath|Q_out[2]|clk               ;
; 0.847  ; 0.847        ; 0.000          ; High Pulse Width ; clk   ; Rise       ; datapath|Q_out[3]|clk               ;
; 0.847  ; 0.847        ; 0.000          ; High Pulse Width ; clk   ; Rise       ; datapath|result[0]|clk              ;
; 0.847  ; 0.847        ; 0.000          ; High Pulse Width ; clk   ; Rise       ; datapath|result[1]|clk              ;
; 0.847  ; 0.847        ; 0.000          ; High Pulse Width ; clk   ; Rise       ; datapath|result[2]|clk              ;
; 0.847  ; 0.847        ; 0.000          ; High Pulse Width ; clk   ; Rise       ; datapath|result[3]|clk              ;
; 0.847  ; 0.847        ; 0.000          ; High Pulse Width ; clk   ; Rise       ; datapath|result[4]|clk              ;
; 0.847  ; 0.847        ; 0.000          ; High Pulse Width ; clk   ; Rise       ; datapath|result[5]|clk              ;
; 0.847  ; 0.847        ; 0.000          ; High Pulse Width ; clk   ; Rise       ; datapath|result[6]|clk              ;
+--------+--------------+----------------+------------------+-------+------------+-------------------------------------+


+-----------------------------------------------------------------------+
; Setup Times                                                           ;
+-----------+------------+-------+-------+------------+-----------------+
; Data Port ; Clock Port ; Rise  ; Fall  ; Clock Edge ; Clock Reference ;
+-----------+------------+-------+-------+------------+-----------------+
; M[*]      ; clk        ; 1.216 ; 1.820 ; Rise       ; clk             ;
;  M[0]     ; clk        ; 1.212 ; 1.796 ; Rise       ; clk             ;
;  M[1]     ; clk        ; 1.216 ; 1.820 ; Rise       ; clk             ;
;  M[2]     ; clk        ; 1.053 ; 1.643 ; Rise       ; clk             ;
;  M[3]     ; clk        ; 1.199 ; 1.794 ; Rise       ; clk             ;
; Q_in[*]   ; clk        ; 1.128 ; 1.723 ; Rise       ; clk             ;
;  Q_in[0]  ; clk        ; 1.128 ; 1.723 ; Rise       ; clk             ;
;  Q_in[1]  ; clk        ; 0.072 ; 0.360 ; Rise       ; clk             ;
;  Q_in[2]  ; clk        ; 1.062 ; 1.622 ; Rise       ; clk             ;
;  Q_in[3]  ; clk        ; 0.969 ; 1.534 ; Rise       ; clk             ;
; rst       ; clk        ; 0.934 ; 1.215 ; Rise       ; clk             ;
+-----------+------------+-------+-------+------------+-----------------+


+-------------------------------------------------------------------------+
; Hold Times                                                              ;
+-----------+------------+--------+--------+------------+-----------------+
; Data Port ; Clock Port ; Rise   ; Fall   ; Clock Edge ; Clock Reference ;
+-----------+------------+--------+--------+------------+-----------------+
; M[*]      ; clk        ; -0.834 ; -1.416 ; Rise       ; clk             ;
;  M[0]     ; clk        ; -0.988 ; -1.563 ; Rise       ; clk             ;
;  M[1]     ; clk        ; -0.991 ; -1.586 ; Rise       ; clk             ;
;  M[2]     ; clk        ; -0.834 ; -1.416 ; Rise       ; clk             ;
;  M[3]     ; clk        ; -0.974 ; -1.560 ; Rise       ; clk             ;
; Q_in[*]   ; clk        ; 0.102  ; -0.189 ; Rise       ; clk             ;
;  Q_in[0]  ; clk        ; -0.906 ; -1.493 ; Rise       ; clk             ;
;  Q_in[1]  ; clk        ; 0.102  ; -0.189 ; Rise       ; clk             ;
;  Q_in[2]  ; clk        ; -0.844 ; -1.397 ; Rise       ; clk             ;
;  Q_in[3]  ; clk        ; -0.755 ; -1.313 ; Rise       ; clk             ;
; rst       ; clk        ; -0.073 ; -0.360 ; Rise       ; clk             ;
+-----------+------------+--------+--------+------------+-----------------+


+------------------------------------------------------------------------+
; Clock to Output Times                                                  ;
+------------+------------+-------+-------+------------+-----------------+
; Data Port  ; Clock Port ; Rise  ; Fall  ; Clock Edge ; Clock Reference ;
+------------+------------+-------+-------+------------+-----------------+
; done       ; clk        ; 3.577 ; 3.620 ; Rise       ; clk             ;
; result[*]  ; clk        ; 3.855 ; 3.898 ; Rise       ; clk             ;
;  result[0] ; clk        ; 3.670 ; 3.748 ; Rise       ; clk             ;
;  result[1] ; clk        ; 3.454 ; 3.491 ; Rise       ; clk             ;
;  result[2] ; clk        ; 3.697 ; 3.771 ; Rise       ; clk             ;
;  result[3] ; clk        ; 3.763 ; 3.793 ; Rise       ; clk             ;
;  result[4] ; clk        ; 3.708 ; 3.785 ; Rise       ; clk             ;
;  result[5] ; clk        ; 3.436 ; 3.473 ; Rise       ; clk             ;
;  result[6] ; clk        ; 3.757 ; 3.795 ; Rise       ; clk             ;
;  result[7] ; clk        ; 3.855 ; 3.898 ; Rise       ; clk             ;
+------------+------------+-------+-------+------------+-----------------+


+------------------------------------------------------------------------+
; Minimum Clock to Output Times                                          ;
+------------+------------+-------+-------+------------+-----------------+
; Data Port  ; Clock Port ; Rise  ; Fall  ; Clock Edge ; Clock Reference ;
+------------+------------+-------+-------+------------+-----------------+
; done       ; clk        ; 3.457 ; 3.497 ; Rise       ; clk             ;
; result[*]  ; clk        ; 3.321 ; 3.355 ; Rise       ; clk             ;
;  result[0] ; clk        ; 3.548 ; 3.622 ; Rise       ; clk             ;
;  result[1] ; clk        ; 3.339 ; 3.374 ; Rise       ; clk             ;
;  result[2] ; clk        ; 3.574 ; 3.645 ; Rise       ; clk             ;
;  result[3] ; clk        ; 3.640 ; 3.666 ; Rise       ; clk             ;
;  result[4] ; clk        ; 3.585 ; 3.659 ; Rise       ; clk             ;
;  result[5] ; clk        ; 3.321 ; 3.355 ; Rise       ; clk             ;
;  result[6] ; clk        ; 3.634 ; 3.668 ; Rise       ; clk             ;
;  result[7] ; clk        ; 3.729 ; 3.769 ; Rise       ; clk             ;
+------------+------------+-------+-------+------------+-----------------+


---------------------------------------------
; Fast 1200mV 0C Model Metastability Report ;
---------------------------------------------
No synchronizer chains to report.


+-------------------------------------------------------------------------------+
; Multicorner Timing Analysis Summary                                           ;
+------------------+---------+-------+----------+---------+---------------------+
; Clock            ; Setup   ; Hold  ; Recovery ; Removal ; Minimum Pulse Width ;
+------------------+---------+-------+----------+---------+---------------------+
; Worst-case Slack ; -2.223  ; 0.186 ; N/A      ; N/A     ; -3.000              ;
;  clk             ; -2.223  ; 0.186 ; N/A      ; N/A     ; -3.000              ;
; Design-wide TNS  ; -25.224 ; 0.0   ; 0.0      ; 0.0     ; -22.513             ;
;  clk             ; -25.224 ; 0.000 ; N/A      ; N/A     ; -22.513             ;
+------------------+---------+-------+----------+---------+---------------------+


+-----------------------------------------------------------------------+
; Setup Times                                                           ;
+-----------+------------+-------+-------+------------+-----------------+
; Data Port ; Clock Port ; Rise  ; Fall  ; Clock Edge ; Clock Reference ;
+-----------+------------+-------+-------+------------+-----------------+
; M[*]      ; clk        ; 2.184 ; 2.638 ; Rise       ; clk             ;
;  M[0]     ; clk        ; 2.184 ; 2.607 ; Rise       ; clk             ;
;  M[1]     ; clk        ; 2.171 ; 2.638 ; Rise       ; clk             ;
;  M[2]     ; clk        ; 1.887 ; 2.353 ; Rise       ; clk             ;
;  M[3]     ; clk        ; 2.172 ; 2.616 ; Rise       ; clk             ;
; Q_in[*]   ; clk        ; 2.029 ; 2.484 ; Rise       ; clk             ;
;  Q_in[0]  ; clk        ; 2.029 ; 2.484 ; Rise       ; clk             ;
;  Q_in[1]  ; clk        ; 0.112 ; 0.360 ; Rise       ; clk             ;
;  Q_in[2]  ; clk        ; 1.912 ; 2.329 ; Rise       ; clk             ;
;  Q_in[3]  ; clk        ; 1.725 ; 2.173 ; Rise       ; clk             ;
; rst       ; clk        ; 1.600 ; 1.773 ; Rise       ; clk             ;
+-----------+------------+-------+-------+------------+-----------------+


+-------------------------------------------------------------------------+
; Hold Times                                                              ;
+-----------+------------+--------+--------+------------+-----------------+
; Data Port ; Clock Port ; Rise   ; Fall   ; Clock Edge ; Clock Reference ;
+-----------+------------+--------+--------+------------+-----------------+
; M[*]      ; clk        ; -0.834 ; -1.416 ; Rise       ; clk             ;
;  M[0]     ; clk        ; -0.988 ; -1.563 ; Rise       ; clk             ;
;  M[1]     ; clk        ; -0.991 ; -1.586 ; Rise       ; clk             ;
;  M[2]     ; clk        ; -0.834 ; -1.416 ; Rise       ; clk             ;
;  M[3]     ; clk        ; -0.974 ; -1.560 ; Rise       ; clk             ;
; Q_in[*]   ; clk        ; 0.204  ; 0.060  ; Rise       ; clk             ;
;  Q_in[0]  ; clk        ; -0.906 ; -1.493 ; Rise       ; clk             ;
;  Q_in[1]  ; clk        ; 0.204  ; 0.060  ; Rise       ; clk             ;
;  Q_in[2]  ; clk        ; -0.844 ; -1.397 ; Rise       ; clk             ;
;  Q_in[3]  ; clk        ; -0.755 ; -1.313 ; Rise       ; clk             ;
; rst       ; clk        ; -0.073 ; -0.265 ; Rise       ; clk             ;
+-----------+------------+--------+--------+------------+-----------------+


+------------------------------------------------------------------------+
; Clock to Output Times                                                  ;
+------------+------------+-------+-------+------------+-----------------+
; Data Port  ; Clock Port ; Rise  ; Fall  ; Clock Edge ; Clock Reference ;
+------------+------------+-------+-------+------------+-----------------+
; done       ; clk        ; 6.145 ; 6.067 ; Rise       ; clk             ;
; result[*]  ; clk        ; 6.484 ; 6.464 ; Rise       ; clk             ;
;  result[0] ; clk        ; 6.282 ; 6.225 ; Rise       ; clk             ;
;  result[1] ; clk        ; 5.907 ; 5.846 ; Rise       ; clk             ;
;  result[2] ; clk        ; 6.317 ; 6.253 ; Rise       ; clk             ;
;  result[3] ; clk        ; 6.346 ; 6.309 ; Rise       ; clk             ;
;  result[4] ; clk        ; 6.341 ; 6.282 ; Rise       ; clk             ;
;  result[5] ; clk        ; 5.882 ; 5.821 ; Rise       ; clk             ;
;  result[6] ; clk        ; 6.349 ; 6.318 ; Rise       ; clk             ;
;  result[7] ; clk        ; 6.484 ; 6.464 ; Rise       ; clk             ;
+------------+------------+-------+-------+------------+-----------------+


+------------------------------------------------------------------------+
; Minimum Clock to Output Times                                          ;
+------------+------------+-------+-------+------------+-----------------+
; Data Port  ; Clock Port ; Rise  ; Fall  ; Clock Edge ; Clock Reference ;
+------------+------------+-------+-------+------------+-----------------+
; done       ; clk        ; 3.457 ; 3.497 ; Rise       ; clk             ;
; result[*]  ; clk        ; 3.321 ; 3.355 ; Rise       ; clk             ;
;  result[0] ; clk        ; 3.548 ; 3.622 ; Rise       ; clk             ;
;  result[1] ; clk        ; 3.339 ; 3.374 ; Rise       ; clk             ;
;  result[2] ; clk        ; 3.574 ; 3.645 ; Rise       ; clk             ;
;  result[3] ; clk        ; 3.640 ; 3.666 ; Rise       ; clk             ;
;  result[4] ; clk        ; 3.585 ; 3.659 ; Rise       ; clk             ;
;  result[5] ; clk        ; 3.321 ; 3.355 ; Rise       ; clk             ;
;  result[6] ; clk        ; 3.634 ; 3.668 ; Rise       ; clk             ;
;  result[7] ; clk        ; 3.729 ; 3.769 ; Rise       ; clk             ;
+------------+------------+-------+-------+------------+-----------------+


+------------------------------------------------------------------------------------------------------------------------------------------------------------------------------------------------------------------------------------------------------------------------------------------------------------------------------------------------------------------------------------------------------------------+
; Board Trace Model Assignments                                                                                                                                                                                                                                                                                                                                                                                    ;
+---------------+--------------+-------------------+-------------------------+-------------------------+---------------+---------------------+----------------+------------------+--------+------------------+------------------------+------------------------+--------------+---------------+-----------------+-------+---------------------+--------------------+---------------+-----------------+-------------+
; Pin           ; I/O Standard ; Near Tline Length ; Near Tline L per Length ; Near Tline C per Length ; Near Series R ; Near Differential R ; Near Pull-up R ; Near Pull-down R ; Near C ; Far Tline Length ; Far Tline L per Length ; Far Tline C per Length ; Far Series R ; Far Pull-up R ; Far Pull-down R ; Far C ; Termination Voltage ; Far Differential R ; EBD File Name ; EBD Signal Name ; EBD Far-end ;
+---------------+--------------+-------------------+-------------------------+-------------------------+---------------+---------------------+----------------+------------------+--------+------------------+------------------------+------------------------+--------------+---------------+-----------------+-------+---------------------+--------------------+---------------+-----------------+-------------+
; done          ; 2.5 V        ; 0 in              ; 0 H/in                  ; 0 F/in                  ; short         ; -                   ; open           ; open             ; open   ; 0 in             ; 0 H/in                 ; 0 F/in                 ; short        ; open          ; open            ; open  ; 0 V                 ; -                  ; n/a           ; n/a             ; n/a         ;
; result[0]     ; 2.5 V        ; 0 in              ; 0 H/in                  ; 0 F/in                  ; short         ; -                   ; open           ; open             ; open   ; 0 in             ; 0 H/in                 ; 0 F/in                 ; short        ; open          ; open            ; open  ; 0 V                 ; -                  ; n/a           ; n/a             ; n/a         ;
; result[1]     ; 2.5 V        ; 0 in              ; 0 H/in                  ; 0 F/in                  ; short         ; -                   ; open           ; open             ; open   ; 0 in             ; 0 H/in                 ; 0 F/in                 ; short        ; open          ; open            ; open  ; 0 V                 ; -                  ; n/a           ; n/a             ; n/a         ;
; result[2]     ; 2.5 V        ; 0 in              ; 0 H/in                  ; 0 F/in                  ; short         ; -                   ; open           ; open             ; open   ; 0 in             ; 0 H/in                 ; 0 F/in                 ; short        ; open          ; open            ; open  ; 0 V                 ; -                  ; n/a           ; n/a             ; n/a         ;
; result[3]     ; 2.5 V        ; 0 in              ; 0 H/in                  ; 0 F/in                  ; short         ; -                   ; open           ; open             ; open   ; 0 in             ; 0 H/in                 ; 0 F/in                 ; short        ; open          ; open            ; open  ; 0 V                 ; -                  ; n/a           ; n/a             ; n/a         ;
; result[4]     ; 2.5 V        ; 0 in              ; 0 H/in                  ; 0 F/in                  ; short         ; -                   ; open           ; open             ; open   ; 0 in             ; 0 H/in                 ; 0 F/in                 ; short        ; open          ; open            ; open  ; 0 V                 ; -                  ; n/a           ; n/a             ; n/a         ;
; result[5]     ; 2.5 V        ; 0 in              ; 0 H/in                  ; 0 F/in                  ; short         ; -                   ; open           ; open             ; open   ; 0 in             ; 0 H/in                 ; 0 F/in                 ; short        ; open          ; open            ; open  ; 0 V                 ; -                  ; n/a           ; n/a             ; n/a         ;
; result[6]     ; 2.5 V        ; 0 in              ; 0 H/in                  ; 0 F/in                  ; short         ; -                   ; open           ; open             ; open   ; 0 in             ; 0 H/in                 ; 0 F/in                 ; short        ; open          ; open            ; open  ; 0 V                 ; -                  ; n/a           ; n/a             ; n/a         ;
; result[7]     ; 2.5 V        ; 0 in              ; 0 H/in                  ; 0 F/in                  ; short         ; -                   ; open           ; open             ; open   ; 0 in             ; 0 H/in                 ; 0 F/in                 ; short        ; open          ; open            ; open  ; 0 V                 ; -                  ; n/a           ; n/a             ; n/a         ;
; ~ALTERA_NCEO~ ; 2.5 V        ; 0 in              ; 0 H/in                  ; 0 F/in                  ; short         ; -                   ; open           ; open             ; open   ; 0 in             ; 0 H/in                 ; 0 F/in                 ; short        ; open          ; open            ; open  ; 0 V                 ; -                  ; n/a           ; n/a             ; n/a         ;
; ~ALTERA_DCLK~ ; 2.5 V        ; 0 in              ; 0 H/in                  ; 0 F/in                  ; short         ; -                   ; open           ; open             ; open   ; 0 in             ; 0 H/in                 ; 0 F/in                 ; short        ; open          ; open            ; open  ; 0 V                 ; -                  ; n/a           ; n/a             ; n/a         ;
+---------------+--------------+-------------------+-------------------------+-------------------------+---------------+---------------------+----------------+------------------+--------+------------------+------------------------+------------------------+--------------+---------------+-----------------+-------+---------------------+--------------------+---------------+-----------------+-------------+


+-------------------------------------------------------------------+
; Input Transition Times                                            ;
+----------------+--------------+-----------------+-----------------+
; Pin            ; I/O Standard ; 10-90 Rise Time ; 90-10 Fall Time ;
+----------------+--------------+-----------------+-----------------+
; clk            ; 2.5 V        ; 2000 ps         ; 2000 ps         ;
; rst            ; 2.5 V        ; 2000 ps         ; 2000 ps         ;
; Q_in[1]        ; 2.5 V        ; 2000 ps         ; 2000 ps         ;
; Q_in[0]        ; 2.5 V        ; 2000 ps         ; 2000 ps         ;
; Q_in[3]        ; 2.5 V        ; 2000 ps         ; 2000 ps         ;
; Q_in[2]        ; 2.5 V        ; 2000 ps         ; 2000 ps         ;
; M[0]           ; 2.5 V        ; 2000 ps         ; 2000 ps         ;
; M[1]           ; 2.5 V        ; 2000 ps         ; 2000 ps         ;
; M[2]           ; 2.5 V        ; 2000 ps         ; 2000 ps         ;
; M[3]           ; 2.5 V        ; 2000 ps         ; 2000 ps         ;
; ~ALTERA_DATA0~ ; 2.5 V        ; 2000 ps         ; 2000 ps         ;
; ~ALTERA_ASDO~  ; 2.5 V        ; 2000 ps         ; 2000 ps         ;
; ~ALTERA_NCSO~  ; 2.5 V        ; 2000 ps         ; 2000 ps         ;
+----------------+--------------+-----------------+-----------------+


+--------------------------------------------------------------------------------------------------------------------------------------------------------------------------------------------------------------------------------------------------------------------------------------------------------------------------------------------------------------------------------------------------------------------------------------------------------------------------------------------------------------------------------------------------------------------------------------------------------------------------------------------------------------------------------------------+
; Signal Integrity Metrics (Slow 1200mv 0c Model)                                                                                                                                                                                                                                                                                                                                                                                                                                                                                                                                                                                                                                            ;
+---------------+--------------+---------------------+---------------------+------------------------------+------------------------------+---------------------+---------------------+--------------------------------------+--------------------------------------+-----------------------------+-----------------------------+----------------------------+----------------------------+-----------------------------+-----------------------------+--------------------+--------------------+-------------------------------------+-------------------------------------+----------------------------+----------------------------+---------------------------+---------------------------+
; Pin           ; I/O Standard ; Board Delay on Rise ; Board Delay on Fall ; Steady State Voh at FPGA Pin ; Steady State Vol at FPGA Pin ; Voh Max at FPGA Pin ; Vol Min at FPGA Pin ; Ringback Voltage on Rise at FPGA Pin ; Ringback Voltage on Fall at FPGA Pin ; 10-90 Rise Time at FPGA Pin ; 90-10 Fall Time at FPGA Pin ; Monotonic Rise at FPGA Pin ; Monotonic Fall at FPGA Pin ; Steady State Voh at Far-end ; Steady State Vol at Far-end ; Voh Max at Far-end ; Vol Min at Far-end ; Ringback Voltage on Rise at Far-end ; Ringback Voltage on Fall at Far-end ; 10-90 Rise Time at Far-end ; 90-10 Fall Time at Far-end ; Monotonic Rise at Far-end ; Monotonic Fall at Far-end ;
+---------------+--------------+---------------------+---------------------+------------------------------+------------------------------+---------------------+---------------------+--------------------------------------+--------------------------------------+-----------------------------+-----------------------------+----------------------------+----------------------------+-----------------------------+-----------------------------+--------------------+--------------------+-------------------------------------+-------------------------------------+----------------------------+----------------------------+---------------------------+---------------------------+
; done          ; 2.5 V        ; 0 s                 ; 0 s                 ; 2.32 V                       ; 7.29e-09 V                   ; 2.39 V              ; -0.00339 V          ; 0.206 V                              ; 0.007 V                              ; 2.77e-10 s                  ; 3.24e-10 s                  ; Yes                        ; Yes                        ; 2.32 V                      ; 7.29e-09 V                  ; 2.39 V             ; -0.00339 V         ; 0.206 V                             ; 0.007 V                             ; 2.77e-10 s                 ; 3.24e-10 s                 ; Yes                       ; Yes                       ;
; result[0]     ; 2.5 V        ; 0 s                 ; 0 s                 ; 2.32 V                       ; 7.29e-09 V                   ; 2.39 V              ; -0.00317 V          ; 0.179 V                              ; 0.007 V                              ; 4.7e-10 s                   ; 4.72e-10 s                  ; No                         ; Yes                        ; 2.32 V                      ; 7.29e-09 V                  ; 2.39 V             ; -0.00317 V         ; 0.179 V                             ; 0.007 V                             ; 4.7e-10 s                  ; 4.72e-10 s                 ; No                        ; Yes                       ;
; result[1]     ; 2.5 V        ; 0 s                 ; 0 s                 ; 2.32 V                       ; 7.29e-09 V                   ; 2.39 V              ; -0.00339 V          ; 0.206 V                              ; 0.007 V                              ; 2.77e-10 s                  ; 3.24e-10 s                  ; Yes                        ; Yes                        ; 2.32 V                      ; 7.29e-09 V                  ; 2.39 V             ; -0.00339 V         ; 0.206 V                             ; 0.007 V                             ; 2.77e-10 s                 ; 3.24e-10 s                 ; Yes                       ; Yes                       ;
; result[2]     ; 2.5 V        ; 0 s                 ; 0 s                 ; 2.32 V                       ; 7.29e-09 V                   ; 2.39 V              ; -0.00317 V          ; 0.179 V                              ; 0.007 V                              ; 4.7e-10 s                   ; 4.72e-10 s                  ; No                         ; Yes                        ; 2.32 V                      ; 7.29e-09 V                  ; 2.39 V             ; -0.00317 V         ; 0.179 V                             ; 0.007 V                             ; 4.7e-10 s                  ; 4.72e-10 s                 ; No                        ; Yes                       ;
; result[3]     ; 2.5 V        ; 0 s                 ; 0 s                 ; 2.32 V                       ; 5.16e-09 V                   ; 2.37 V              ; -0.00861 V          ; 0.168 V                              ; 0.038 V                              ; 6.79e-10 s                  ; 6.49e-10 s                  ; No                         ; Yes                        ; 2.32 V                      ; 5.16e-09 V                  ; 2.37 V             ; -0.00861 V         ; 0.168 V                             ; 0.038 V                             ; 6.79e-10 s                 ; 6.49e-10 s                 ; No                        ; Yes                       ;
; result[4]     ; 2.5 V        ; 0 s                 ; 0 s                 ; 2.32 V                       ; 7.29e-09 V                   ; 2.39 V              ; -0.00317 V          ; 0.179 V                              ; 0.007 V                              ; 4.7e-10 s                   ; 4.72e-10 s                  ; No                         ; Yes                        ; 2.32 V                      ; 7.29e-09 V                  ; 2.39 V             ; -0.00317 V         ; 0.179 V                             ; 0.007 V                             ; 4.7e-10 s                  ; 4.72e-10 s                 ; No                        ; Yes                       ;
; result[5]     ; 2.5 V        ; 0 s                 ; 0 s                 ; 2.32 V                       ; 7.29e-09 V                   ; 2.39 V              ; -0.00339 V          ; 0.206 V                              ; 0.007 V                              ; 2.77e-10 s                  ; 3.24e-10 s                  ; Yes                        ; Yes                        ; 2.32 V                      ; 7.29e-09 V                  ; 2.39 V             ; -0.00339 V         ; 0.206 V                             ; 0.007 V                             ; 2.77e-10 s                 ; 3.24e-10 s                 ; Yes                       ; Yes                       ;
; result[6]     ; 2.5 V        ; 0 s                 ; 0 s                 ; 2.32 V                       ; 5.16e-09 V                   ; 2.37 V              ; -0.00861 V          ; 0.168 V                              ; 0.038 V                              ; 6.79e-10 s                  ; 6.49e-10 s                  ; No                         ; Yes                        ; 2.32 V                      ; 5.16e-09 V                  ; 2.37 V             ; -0.00861 V         ; 0.168 V                             ; 0.038 V                             ; 6.79e-10 s                 ; 6.49e-10 s                 ; No                        ; Yes                       ;
; result[7]     ; 2.5 V        ; 0 s                 ; 0 s                 ; 2.32 V                       ; 5.16e-09 V                   ; 2.37 V              ; -0.00861 V          ; 0.168 V                              ; 0.038 V                              ; 6.79e-10 s                  ; 6.49e-10 s                  ; No                         ; Yes                        ; 2.32 V                      ; 5.16e-09 V                  ; 2.37 V             ; -0.00861 V         ; 0.168 V                             ; 0.038 V                             ; 6.79e-10 s                 ; 6.49e-10 s                 ; No                        ; Yes                       ;
; ~ALTERA_NCEO~ ; 2.5 V        ; 0 s                 ; 0 s                 ; 2.32 V                       ; 4.76e-09 V                   ; 2.4 V               ; -0.034 V            ; 0.102 V                              ; 0.065 V                              ; 2.49e-10 s                  ; 3.49e-10 s                  ; Yes                        ; Yes                        ; 2.32 V                      ; 4.76e-09 V                  ; 2.4 V              ; -0.034 V           ; 0.102 V                             ; 0.065 V                             ; 2.49e-10 s                 ; 3.49e-10 s                 ; Yes                       ; Yes                       ;
; ~ALTERA_DCLK~ ; 2.5 V        ; 0 s                 ; 0 s                 ; 2.32 V                       ; 5.94e-09 V                   ; 2.39 V              ; -0.0344 V           ; 0.156 V                              ; 0.089 V                              ; 2.68e-10 s                  ; 2.6e-10 s                   ; Yes                        ; Yes                        ; 2.32 V                      ; 5.94e-09 V                  ; 2.39 V             ; -0.0344 V          ; 0.156 V                             ; 0.089 V                             ; 2.68e-10 s                 ; 2.6e-10 s                  ; Yes                       ; Yes                       ;
+---------------+--------------+---------------------+---------------------+------------------------------+------------------------------+---------------------+---------------------+--------------------------------------+--------------------------------------+-----------------------------+-----------------------------+----------------------------+----------------------------+-----------------------------+-----------------------------+--------------------+--------------------+-------------------------------------+-------------------------------------+----------------------------+----------------------------+---------------------------+---------------------------+


+--------------------------------------------------------------------------------------------------------------------------------------------------------------------------------------------------------------------------------------------------------------------------------------------------------------------------------------------------------------------------------------------------------------------------------------------------------------------------------------------------------------------------------------------------------------------------------------------------------------------------------------------------------------------------------------------+
; Signal Integrity Metrics (Slow 1200mv 85c Model)                                                                                                                                                                                                                                                                                                                                                                                                                                                                                                                                                                                                                                           ;
+---------------+--------------+---------------------+---------------------+------------------------------+------------------------------+---------------------+---------------------+--------------------------------------+--------------------------------------+-----------------------------+-----------------------------+----------------------------+----------------------------+-----------------------------+-----------------------------+--------------------+--------------------+-------------------------------------+-------------------------------------+----------------------------+----------------------------+---------------------------+---------------------------+
; Pin           ; I/O Standard ; Board Delay on Rise ; Board Delay on Fall ; Steady State Voh at FPGA Pin ; Steady State Vol at FPGA Pin ; Voh Max at FPGA Pin ; Vol Min at FPGA Pin ; Ringback Voltage on Rise at FPGA Pin ; Ringback Voltage on Fall at FPGA Pin ; 10-90 Rise Time at FPGA Pin ; 90-10 Fall Time at FPGA Pin ; Monotonic Rise at FPGA Pin ; Monotonic Fall at FPGA Pin ; Steady State Voh at Far-end ; Steady State Vol at Far-end ; Voh Max at Far-end ; Vol Min at Far-end ; Ringback Voltage on Rise at Far-end ; Ringback Voltage on Fall at Far-end ; 10-90 Rise Time at Far-end ; 90-10 Fall Time at Far-end ; Monotonic Rise at Far-end ; Monotonic Fall at Far-end ;
+---------------+--------------+---------------------+---------------------+------------------------------+------------------------------+---------------------+---------------------+--------------------------------------+--------------------------------------+-----------------------------+-----------------------------+----------------------------+----------------------------+-----------------------------+-----------------------------+--------------------+--------------------+-------------------------------------+-------------------------------------+----------------------------+----------------------------+---------------------------+---------------------------+
; done          ; 2.5 V        ; 0 s                 ; 0 s                 ; 2.32 V                       ; 1.21e-06 V                   ; 2.37 V              ; -0.00606 V          ; 0.107 V                              ; 0.021 V                              ; 4.26e-10 s                  ; 4.03e-10 s                  ; Yes                        ; Yes                        ; 2.32 V                      ; 1.21e-06 V                  ; 2.37 V             ; -0.00606 V         ; 0.107 V                             ; 0.021 V                             ; 4.26e-10 s                 ; 4.03e-10 s                 ; Yes                       ; Yes                       ;
; result[0]     ; 2.5 V        ; 0 s                 ; 0 s                 ; 2.32 V                       ; 1.21e-06 V                   ; 2.36 V              ; -0.00833 V          ; 0.113 V                              ; 0.035 V                              ; 6.32e-10 s                  ; 5.89e-10 s                  ; No                         ; Yes                        ; 2.32 V                      ; 1.21e-06 V                  ; 2.36 V             ; -0.00833 V         ; 0.113 V                             ; 0.035 V                             ; 6.32e-10 s                 ; 5.89e-10 s                 ; No                        ; Yes                       ;
; result[1]     ; 2.5 V        ; 0 s                 ; 0 s                 ; 2.32 V                       ; 1.21e-06 V                   ; 2.37 V              ; -0.00606 V          ; 0.107 V                              ; 0.021 V                              ; 4.26e-10 s                  ; 4.03e-10 s                  ; Yes                        ; Yes                        ; 2.32 V                      ; 1.21e-06 V                  ; 2.37 V             ; -0.00606 V         ; 0.107 V                             ; 0.021 V                             ; 4.26e-10 s                 ; 4.03e-10 s                 ; Yes                       ; Yes                       ;
; result[2]     ; 2.5 V        ; 0 s                 ; 0 s                 ; 2.32 V                       ; 1.21e-06 V                   ; 2.36 V              ; -0.00833 V          ; 0.113 V                              ; 0.035 V                              ; 6.32e-10 s                  ; 5.89e-10 s                  ; No                         ; Yes                        ; 2.32 V                      ; 1.21e-06 V                  ; 2.36 V             ; -0.00833 V         ; 0.113 V                             ; 0.035 V                             ; 6.32e-10 s                 ; 5.89e-10 s                 ; No                        ; Yes                       ;
; result[3]     ; 2.5 V        ; 0 s                 ; 0 s                 ; 2.32 V                       ; 8.13e-07 V                   ; 2.35 V              ; -0.00662 V          ; 0.129 V                              ; 0.049 V                              ; 8.55e-10 s                  ; 8.01e-10 s                  ; No                         ; Yes                        ; 2.32 V                      ; 8.13e-07 V                  ; 2.35 V             ; -0.00662 V         ; 0.129 V                             ; 0.049 V                             ; 8.55e-10 s                 ; 8.01e-10 s                 ; No                        ; Yes                       ;
; result[4]     ; 2.5 V        ; 0 s                 ; 0 s                 ; 2.32 V                       ; 1.21e-06 V                   ; 2.36 V              ; -0.00833 V          ; 0.113 V                              ; 0.035 V                              ; 6.32e-10 s                  ; 5.89e-10 s                  ; No                         ; Yes                        ; 2.32 V                      ; 1.21e-06 V                  ; 2.36 V             ; -0.00833 V         ; 0.113 V                             ; 0.035 V                             ; 6.32e-10 s                 ; 5.89e-10 s                 ; No                        ; Yes                       ;
; result[5]     ; 2.5 V        ; 0 s                 ; 0 s                 ; 2.32 V                       ; 1.21e-06 V                   ; 2.37 V              ; -0.00606 V          ; 0.107 V                              ; 0.021 V                              ; 4.26e-10 s                  ; 4.03e-10 s                  ; Yes                        ; Yes                        ; 2.32 V                      ; 1.21e-06 V                  ; 2.37 V             ; -0.00606 V         ; 0.107 V                             ; 0.021 V                             ; 4.26e-10 s                 ; 4.03e-10 s                 ; Yes                       ; Yes                       ;
; result[6]     ; 2.5 V        ; 0 s                 ; 0 s                 ; 2.32 V                       ; 8.13e-07 V                   ; 2.35 V              ; -0.00662 V          ; 0.129 V                              ; 0.049 V                              ; 8.55e-10 s                  ; 8.01e-10 s                  ; No                         ; Yes                        ; 2.32 V                      ; 8.13e-07 V                  ; 2.35 V             ; -0.00662 V         ; 0.129 V                             ; 0.049 V                             ; 8.55e-10 s                 ; 8.01e-10 s                 ; No                        ; Yes                       ;
; result[7]     ; 2.5 V        ; 0 s                 ; 0 s                 ; 2.32 V                       ; 8.13e-07 V                   ; 2.35 V              ; -0.00662 V          ; 0.129 V                              ; 0.049 V                              ; 8.55e-10 s                  ; 8.01e-10 s                  ; No                         ; Yes                        ; 2.32 V                      ; 8.13e-07 V                  ; 2.35 V             ; -0.00662 V         ; 0.129 V                             ; 0.049 V                             ; 8.55e-10 s                 ; 8.01e-10 s                 ; No                        ; Yes                       ;
; ~ALTERA_NCEO~ ; 2.5 V        ; 0 s                 ; 0 s                 ; 2.32 V                       ; 7.93e-07 V                   ; 2.37 V              ; -0.0278 V           ; 0.106 V                              ; 0.115 V                              ; 2.69e-10 s                  ; 4.05e-10 s                  ; Yes                        ; Yes                        ; 2.32 V                      ; 7.93e-07 V                  ; 2.37 V             ; -0.0278 V          ; 0.106 V                             ; 0.115 V                             ; 2.69e-10 s                 ; 4.05e-10 s                 ; Yes                       ; Yes                       ;
; ~ALTERA_DCLK~ ; 2.5 V        ; 0 s                 ; 0 s                 ; 2.32 V                       ; 9.76e-07 V                   ; 2.36 V              ; -0.00439 V          ; 0.088 V                              ; 0.007 V                              ; 4.05e-10 s                  ; 3.35e-10 s                  ; Yes                        ; Yes                        ; 2.32 V                      ; 9.76e-07 V                  ; 2.36 V             ; -0.00439 V         ; 0.088 V                             ; 0.007 V                             ; 4.05e-10 s                 ; 3.35e-10 s                 ; Yes                       ; Yes                       ;
+---------------+--------------+---------------------+---------------------+------------------------------+------------------------------+---------------------+---------------------+--------------------------------------+--------------------------------------+-----------------------------+-----------------------------+----------------------------+----------------------------+-----------------------------+-----------------------------+--------------------+--------------------+-------------------------------------+-------------------------------------+----------------------------+----------------------------+---------------------------+---------------------------+


+--------------------------------------------------------------------------------------------------------------------------------------------------------------------------------------------------------------------------------------------------------------------------------------------------------------------------------------------------------------------------------------------------------------------------------------------------------------------------------------------------------------------------------------------------------------------------------------------------------------------------------------------------------------------------------------------+
; Signal Integrity Metrics (Fast 1200mv 0c Model)                                                                                                                                                                                                                                                                                                                                                                                                                                                                                                                                                                                                                                            ;
+---------------+--------------+---------------------+---------------------+------------------------------+------------------------------+---------------------+---------------------+--------------------------------------+--------------------------------------+-----------------------------+-----------------------------+----------------------------+----------------------------+-----------------------------+-----------------------------+--------------------+--------------------+-------------------------------------+-------------------------------------+----------------------------+----------------------------+---------------------------+---------------------------+
; Pin           ; I/O Standard ; Board Delay on Rise ; Board Delay on Fall ; Steady State Voh at FPGA Pin ; Steady State Vol at FPGA Pin ; Voh Max at FPGA Pin ; Vol Min at FPGA Pin ; Ringback Voltage on Rise at FPGA Pin ; Ringback Voltage on Fall at FPGA Pin ; 10-90 Rise Time at FPGA Pin ; 90-10 Fall Time at FPGA Pin ; Monotonic Rise at FPGA Pin ; Monotonic Fall at FPGA Pin ; Steady State Voh at Far-end ; Steady State Vol at Far-end ; Voh Max at Far-end ; Vol Min at Far-end ; Ringback Voltage on Rise at Far-end ; Ringback Voltage on Fall at Far-end ; 10-90 Rise Time at Far-end ; 90-10 Fall Time at Far-end ; Monotonic Rise at Far-end ; Monotonic Fall at Far-end ;
+---------------+--------------+---------------------+---------------------+------------------------------+------------------------------+---------------------+---------------------+--------------------------------------+--------------------------------------+-----------------------------+-----------------------------+----------------------------+----------------------------+-----------------------------+-----------------------------+--------------------+--------------------+-------------------------------------+-------------------------------------+----------------------------+----------------------------+---------------------------+---------------------------+
; done          ; 2.5 V        ; 0 s                 ; 0 s                 ; 2.62 V                       ; 4.66e-08 V                   ; 2.73 V              ; -0.0205 V           ; 0.17 V                               ; 0.027 V                              ; 2.58e-10 s                  ; 2.57e-10 s                  ; Yes                        ; Yes                        ; 2.62 V                      ; 4.66e-08 V                  ; 2.73 V             ; -0.0205 V          ; 0.17 V                              ; 0.027 V                             ; 2.58e-10 s                 ; 2.57e-10 s                 ; Yes                       ; Yes                       ;
; result[0]     ; 2.5 V        ; 0 s                 ; 0 s                 ; 2.62 V                       ; 4.66e-08 V                   ; 2.72 V              ; -0.0215 V           ; 0.161 V                              ; 0.061 V                              ; 4.44e-10 s                  ; 4.06e-10 s                  ; No                         ; Yes                        ; 2.62 V                      ; 4.66e-08 V                  ; 2.72 V             ; -0.0215 V          ; 0.161 V                             ; 0.061 V                             ; 4.44e-10 s                 ; 4.06e-10 s                 ; No                        ; Yes                       ;
; result[1]     ; 2.5 V        ; 0 s                 ; 0 s                 ; 2.62 V                       ; 4.66e-08 V                   ; 2.73 V              ; -0.0205 V           ; 0.17 V                               ; 0.027 V                              ; 2.58e-10 s                  ; 2.57e-10 s                  ; Yes                        ; Yes                        ; 2.62 V                      ; 4.66e-08 V                  ; 2.73 V             ; -0.0205 V          ; 0.17 V                              ; 0.027 V                             ; 2.58e-10 s                 ; 2.57e-10 s                 ; Yes                       ; Yes                       ;
; result[2]     ; 2.5 V        ; 0 s                 ; 0 s                 ; 2.62 V                       ; 4.66e-08 V                   ; 2.72 V              ; -0.0215 V           ; 0.161 V                              ; 0.061 V                              ; 4.44e-10 s                  ; 4.06e-10 s                  ; No                         ; Yes                        ; 2.62 V                      ; 4.66e-08 V                  ; 2.72 V             ; -0.0215 V          ; 0.161 V                             ; 0.061 V                             ; 4.44e-10 s                 ; 4.06e-10 s                 ; No                        ; Yes                       ;
; result[3]     ; 2.5 V        ; 0 s                 ; 0 s                 ; 2.62 V                       ; 3.16e-08 V                   ; 2.71 V              ; -0.0171 V           ; 0.273 V                              ; 0.065 V                              ; 4.95e-10 s                  ; 5.37e-10 s                  ; No                         ; Yes                        ; 2.62 V                      ; 3.16e-08 V                  ; 2.71 V             ; -0.0171 V          ; 0.273 V                             ; 0.065 V                             ; 4.95e-10 s                 ; 5.37e-10 s                 ; No                        ; Yes                       ;
; result[4]     ; 2.5 V        ; 0 s                 ; 0 s                 ; 2.62 V                       ; 4.66e-08 V                   ; 2.72 V              ; -0.0215 V           ; 0.161 V                              ; 0.061 V                              ; 4.44e-10 s                  ; 4.06e-10 s                  ; No                         ; Yes                        ; 2.62 V                      ; 4.66e-08 V                  ; 2.72 V             ; -0.0215 V          ; 0.161 V                             ; 0.061 V                             ; 4.44e-10 s                 ; 4.06e-10 s                 ; No                        ; Yes                       ;
; result[5]     ; 2.5 V        ; 0 s                 ; 0 s                 ; 2.62 V                       ; 4.66e-08 V                   ; 2.73 V              ; -0.0205 V           ; 0.17 V                               ; 0.027 V                              ; 2.58e-10 s                  ; 2.57e-10 s                  ; Yes                        ; Yes                        ; 2.62 V                      ; 4.66e-08 V                  ; 2.73 V             ; -0.0205 V          ; 0.17 V                              ; 0.027 V                             ; 2.58e-10 s                 ; 2.57e-10 s                 ; Yes                       ; Yes                       ;
; result[6]     ; 2.5 V        ; 0 s                 ; 0 s                 ; 2.62 V                       ; 3.16e-08 V                   ; 2.71 V              ; -0.0171 V           ; 0.273 V                              ; 0.065 V                              ; 4.95e-10 s                  ; 5.37e-10 s                  ; No                         ; Yes                        ; 2.62 V                      ; 3.16e-08 V                  ; 2.71 V             ; -0.0171 V          ; 0.273 V                             ; 0.065 V                             ; 4.95e-10 s                 ; 5.37e-10 s                 ; No                        ; Yes                       ;
; result[7]     ; 2.5 V        ; 0 s                 ; 0 s                 ; 2.62 V                       ; 3.16e-08 V                   ; 2.71 V              ; -0.0171 V           ; 0.273 V                              ; 0.065 V                              ; 4.95e-10 s                  ; 5.37e-10 s                  ; No                         ; Yes                        ; 2.62 V                      ; 3.16e-08 V                  ; 2.71 V             ; -0.0171 V          ; 0.273 V                             ; 0.065 V                             ; 4.95e-10 s                 ; 5.37e-10 s                 ; No                        ; Yes                       ;
; ~ALTERA_NCEO~ ; 2.5 V        ; 0 s                 ; 0 s                 ; 2.62 V                       ; 3.06e-08 V                   ; 2.86 V              ; -0.0341 V           ; 0.364 V                              ; 0.046 V                              ; 1.17e-10 s                  ; 2.6e-10 s                   ; No                         ; Yes                        ; 2.62 V                      ; 3.06e-08 V                  ; 2.86 V             ; -0.0341 V          ; 0.364 V                             ; 0.046 V                             ; 1.17e-10 s                 ; 2.6e-10 s                  ; No                        ; Yes                       ;
; ~ALTERA_DCLK~ ; 2.5 V        ; 0 s                 ; 0 s                 ; 2.62 V                       ; 3.81e-08 V                   ; 2.72 V              ; -0.0542 V           ; 0.144 V                              ; 0.087 V                              ; 2.55e-10 s                  ; 2.14e-10 s                  ; Yes                        ; Yes                        ; 2.62 V                      ; 3.81e-08 V                  ; 2.72 V             ; -0.0542 V          ; 0.144 V                             ; 0.087 V                             ; 2.55e-10 s                 ; 2.14e-10 s                 ; Yes                       ; Yes                       ;
+---------------+--------------+---------------------+---------------------+------------------------------+------------------------------+---------------------+---------------------+--------------------------------------+--------------------------------------+-----------------------------+-----------------------------+----------------------------+----------------------------+-----------------------------+-----------------------------+--------------------+--------------------+-------------------------------------+-------------------------------------+----------------------------+----------------------------+---------------------------+---------------------------+


+-------------------------------------------------------------------+
; Setup Transfers                                                   ;
+------------+----------+----------+----------+----------+----------+
; From Clock ; To Clock ; RR Paths ; FR Paths ; RF Paths ; FF Paths ;
+------------+----------+----------+----------+----------+----------+
; clk        ; clk      ; 414      ; 0        ; 0        ; 0        ;
+------------+----------+----------+----------+----------+----------+
Entries labeled "false path" only account for clock-to-clock false paths and not path-based false paths. As a result, actual path counts may be lower than reported.


+-------------------------------------------------------------------+
; Hold Transfers                                                    ;
+------------+----------+----------+----------+----------+----------+
; From Clock ; To Clock ; RR Paths ; FR Paths ; RF Paths ; FF Paths ;
+------------+----------+----------+----------+----------+----------+
; clk        ; clk      ; 414      ; 0        ; 0        ; 0        ;
+------------+----------+----------+----------+----------+----------+
Entries labeled "false path" only account for clock-to-clock false paths and not path-based false paths. As a result, actual path counts may be lower than reported.


---------------
; Report TCCS ;
---------------
No dedicated SERDES Transmitter circuitry present in device or used in design


---------------
; Report RSKM ;
---------------
No dedicated SERDES Receiver circuitry present in device or used in design


+------------------------------------------------+
; Unconstrained Paths                            ;
+---------------------------------+-------+------+
; Property                        ; Setup ; Hold ;
+---------------------------------+-------+------+
; Illegal Clocks                  ; 0     ; 0    ;
; Unconstrained Clocks            ; 0     ; 0    ;
; Unconstrained Input Ports       ; 9     ; 9    ;
; Unconstrained Input Port Paths  ; 27    ; 27   ;
; Unconstrained Output Ports      ; 9     ; 9    ;
; Unconstrained Output Port Paths ; 9     ; 9    ;
+---------------------------------+-------+------+


+------------------------------------+
; TimeQuest Timing Analyzer Messages ;
+------------------------------------+
Info: *******************************************************************
Info: Running Quartus II 64-Bit TimeQuest Timing Analyzer
    Info: Version 13.0.1 Build 232 06/12/2013 Service Pack 1 SJ Web Edition
    Info: Processing started: Sat Aug 15 15:36:57 2026
Info: Command: quartus_sta az5 -c az5
Info: qsta_default_script.tcl version: #1
Warning (20028): Parallel compilation is not licensed and has been disabled
Info (21076): High junction temperature operating condition is not set. Assuming a default value of '85'.
Info (21076): Low junction temperature operating condition is not set. Assuming a default value of '0'.
Critical Warning (332012): Synopsys Design Constraints File file not found: 'az5.sdc'. A Synopsys Design Constraints File is required by the TimeQuest Timing Analyzer to get proper timing constraints. Without it, the Compiler will not properly optimize the design.
Info (332142): No user constrained base clocks found in the design. Calling "derive_clocks -period 1.0"
Info (332105): Deriving Clocks
    Info (332105): create_clock -period 1.000 -name clk clk
Info (332143): No user constrained clock uncertainty found in the design. Calling "derive_clock_uncertainty"
Info (332123): Deriving Clock Uncertainty. Please refer to report_sdc in TimeQuest to see clock uncertainties.
Info: Found TIMEQUEST_REPORT_SCRIPT_INCLUDE_DEFAULT_ANALYSIS = ON
Info: Analyzing Slow 1200mV 85C Model
Critical Warning (332148): Timing requirements not met
    Info (11105): For recommendations on closing timing, run Report Timing Closure Recommendations in the TimeQuest Timing Analyzer.
Info (332146): Worst-case setup slack is -2.223
    Info (332119):     Slack End Point TNS Clock 
    Info (332119): ========= ============= =====================
    Info (332119):    -2.223       -25.224 clk 
Info (332146): Worst-case hold slack is 0.355
    Info (332119):     Slack End Point TNS Clock 
    Info (332119): ========= ============= =====================
    Info (332119):     0.355         0.000 clk 
Info (332140): No Recovery paths to report
Info (332140): No Removal paths to report
Info (332146): Worst-case minimum pulse width slack is -3.000
    Info (332119):     Slack End Point TNS Clock 
    Info (332119): ========= ============= =====================
    Info (332119):    -3.000       -22.000 clk 
Info: Analyzing Slow 1200mV 0C Model
Info (334003): Started post-fitting delay annotation
Info (334004): Delay annotation completed successfully
Info (332123): Deriving Clock Uncertainty. Please refer to report_sdc in TimeQuest to see clock uncertainties.
Critical Warning (332148): Timing requirements not met
    Info (11105): For recommendations on closing timing, run Report Timing Closure Recommendations in the TimeQuest Timing Analyzer.
Info (332146): Worst-case setup slack is -1.885
    Info (332119):     Slack End Point TNS Clock 
    Info (332119): ========= ============= =====================
    Info (332119):    -1.885       -21.011 clk 
Info (332146): Worst-case hold slack is 0.310
    Info (332119):     Slack End Point TNS Clock 
    Info (332119): ========= ============= =====================
    Info (332119):     0.310         0.000 clk 
Info (332140): No Recovery paths to report
Info (332140): No Removal paths to report
Info (332146): Worst-case minimum pulse width slack is -3.000
    Info (332119):     Slack End Point TNS Clock 
    Info (332119): ========= ============= =====================
    Info (332119):    -3.000       -22.000 clk 
Info: Analyzing Fast 1200mV 0C Model
Info (332123): Deriving Clock Uncertainty. Please refer to report_sdc in TimeQuest to see clock uncertainties.
Critical Warning (332148): Timing requirements not met
    Info (11105): For recommendations on closing timing, run Report Timing Closure Recommendations in the TimeQuest Timing Analyzer.
Info (332146): Worst-case setup slack is -0.808
    Info (332119):     Slack End Point TNS Clock 
    Info (332119): ========= ============= =====================
    Info (332119):    -0.808        -7.522 clk 
Info (332146): Worst-case hold slack is 0.186
    Info (332119):     Slack End Point TNS Clock 
    Info (332119): ========= ============= =====================
    Info (332119):     0.186         0.000 clk 
Info (332140): No Recovery paths to report
Info (332140): No Removal paths to report
Info (332146): Worst-case minimum pulse width slack is -3.000
    Info (332119):     Slack End Point TNS Clock 
    Info (332119): ========= ============= =====================
    Info (332119):    -3.000       -22.513 clk 
Info (332102): Design is not fully constrained for setup requirements
Info (332102): Design is not fully constrained for hold requirements
Info: Quartus II 64-Bit TimeQuest Timing Analyzer was successful. 0 errors, 5 warnings
    Info: Peak virtual memory: 4615 megabytes
    Info: Processing ended: Sat Aug 15 15:36:59 2026
    Info: Elapsed time: 00:00:02
    Info: Total CPU time (on all processors): 00:00:02


