Timing Analyzer report for stack_processor_top
Sat Aug 29 22:05:56 2026
Quartus Prime Version 25.1std.0 Build 1129 10/21/2025 SC Lite Edition


---------------------
; Table of Contents ;
---------------------
  1. Legal Notice
  2. Timing Analyzer Summary
  3. Parallel Compilation
  4. Clocks
  5. Slow 1200mV 85C Model Fmax Summary
  6. Timing Closure Recommendations
  7. Slow 1200mV 85C Model Setup Summary
  8. Slow 1200mV 85C Model Hold Summary
  9. Slow 1200mV 85C Model Recovery Summary
 10. Slow 1200mV 85C Model Removal Summary
 11. Slow 1200mV 85C Model Minimum Pulse Width Summary
 12. Slow 1200mV 85C Model Setup: 'clk'
 13. Slow 1200mV 85C Model Hold: 'clk'
 14. Slow 1200mV 85C Model Metastability Summary
 15. Slow 1200mV 0C Model Fmax Summary
 16. Slow 1200mV 0C Model Setup Summary
 17. Slow 1200mV 0C Model Hold Summary
 18. Slow 1200mV 0C Model Recovery Summary
 19. Slow 1200mV 0C Model Removal Summary
 20. Slow 1200mV 0C Model Minimum Pulse Width Summary
 21. Slow 1200mV 0C Model Setup: 'clk'
 22. Slow 1200mV 0C Model Hold: 'clk'
 23. Slow 1200mV 0C Model Metastability Summary
 24. Fast 1200mV 0C Model Setup Summary
 25. Fast 1200mV 0C Model Hold Summary
 26. Fast 1200mV 0C Model Recovery Summary
 27. Fast 1200mV 0C Model Removal Summary
 28. Fast 1200mV 0C Model Minimum Pulse Width Summary
 29. Fast 1200mV 0C Model Setup: 'clk'
 30. Fast 1200mV 0C Model Hold: 'clk'
 31. Fast 1200mV 0C Model Metastability Summary
 32. Multicorner Timing Analysis Summary
 33. Board Trace Model Assignments
 34. Input Transition Times
 35. Signal Integrity Metrics (Slow 1200mv 0c Model)
 36. Signal Integrity Metrics (Slow 1200mv 85c Model)
 37. Signal Integrity Metrics (Fast 1200mv 0c Model)
 38. Setup Transfers
 39. Hold Transfers
 40. Report TCCS
 41. Report RSKM
 42. Unconstrained Paths Summary
 43. Clock Status Summary
 44. Unconstrained Input Ports
 45. Unconstrained Output Ports
 46. Unconstrained Input Ports
 47. Unconstrained Output Ports
 48. Timing Analyzer Messages



----------------
; Legal Notice ;
----------------
Copyright (C) 2025  Altera Corporation. All rights reserved.
Your use of Altera Corporation's design tools, logic functions 
and other software and tools, and any partner logic 
functions, and any output files from any of the foregoing 
(including device programming or simulation files), and any 
associated documentation or information are expressly subject 
to the terms and conditions of the Altera Program License 
Subscription Agreement, the Altera Quartus Prime License Agreement,
the Altera IP License Agreement, or other applicable license
agreement, including, without limitation, that your use is for
the sole purpose of programming logic devices manufactured by
Altera and sold by Altera or its authorized distributors.  Please
refer to the Altera Software License Subscription Agreements 
on the Quartus Prime software download page.



+---------------------------------------------------------------------------------+
; Timing Analyzer Summary                                                         ;
+-----------------------+---------------------------------------------------------+
; Quartus Prime Version ; Version 25.1std.0 Build 1129 10/21/2025 SC Lite Edition ;
; Timing Analyzer       ; Legacy Timing Analyzer                                  ;
; Revision Name         ; stack_processor_top                                     ;
; Device Family         ; Cyclone IV GX                                           ;
; Device Name           ; EP4CGX15BF14C6                                          ;
; Timing Models         ; Final                                                   ;
; Delay Model           ; Combined                                                ;
; Rise/Fall Delays      ; Enabled                                                 ;
+-----------------------+---------------------------------------------------------+


+------------------------------------------+
; Parallel Compilation                     ;
+----------------------------+-------------+
; Processors                 ; Number      ;
+----------------------------+-------------+
; Number detected on machine ; 22          ;
; Maximum allowed            ; 16          ;
;                            ;             ;
; Average used               ; 1.97        ;
; Maximum used               ; 16          ;
;                            ;             ;
; Usage by Processor         ; % Time Used ;
;     Processor 1            ; 100.0%      ;
;     Processor 2            ;  24.0%      ;
;     Processor 3            ;   8.9%      ;
;     Processor 4            ;   7.4%      ;
;     Processors 5-16        ;   4.8%      ;
+----------------------------+-------------+


+---------------------------------------------------------------------------------------------------------------------------------------------------------------------------------+
; Clocks                                                                                                                                                                          ;
+------------+------+--------+------------+-------+-------+------------+-----------+-------------+-------+--------+-----------+------------+----------+--------+--------+---------+
; Clock Name ; Type ; Period ; Frequency  ; Rise  ; Fall  ; Duty Cycle ; Divide by ; Multiply by ; Phase ; Offset ; Edge List ; Edge Shift ; Inverted ; Master ; Source ; Targets ;
+------------+------+--------+------------+-------+-------+------------+-----------+-------------+-------+--------+-----------+------------+----------+--------+--------+---------+
; clk        ; Base ; 1.000  ; 1000.0 MHz ; 0.000 ; 0.500 ;            ;           ;             ;       ;        ;           ;            ;          ;        ;        ; { clk } ;
+------------+------+--------+------------+-------+-------+------------+-----------+-------------+-------+--------+-----------+------------+----------+--------+--------+---------+


+--------------------------------------------------+
; Slow 1200mV 85C Model Fmax Summary               ;
+------------+-----------------+------------+------+
; Fmax       ; Restricted Fmax ; Clock Name ; Note ;
+------------+-----------------+------------+------+
; 126.82 MHz ; 126.82 MHz      ; clk        ;      ;
+------------+-----------------+------------+------+
This panel reports FMAX for every clock in the design, regardless of the user-specified clock periods.  FMAX is only computed for paths where the source and destination registers or ports are driven by the same clock.  Paths of different clocks, including generated clocks, are ignored.  For paths between a clock and its inversion, FMAX is computed as if the rising and falling edges are scaled along with FMAX, such that the duty cycle (in terms of a percentage) is maintained. Altera recommends that you always use clock constraints and other slack reports for sign-off analysis.


----------------------------------
; Timing Closure Recommendations ;
----------------------------------
HTML report is unavailable in plain text report export.


+-------------------------------------+
; Slow 1200mV 85C Model Setup Summary ;
+-------+--------+--------------------+
; Clock ; Slack  ; End Point TNS      ;
+-------+--------+--------------------+
; clk   ; -6.885 ; -11251.870         ;
+-------+--------+--------------------+


+------------------------------------+
; Slow 1200mV 85C Model Hold Summary ;
+-------+-------+--------------------+
; Clock ; Slack ; End Point TNS      ;
+-------+-------+--------------------+
; clk   ; 0.344 ; 0.000              ;
+-------+-------+--------------------+


------------------------------------------
; Slow 1200mV 85C Model Recovery Summary ;
------------------------------------------
No paths to report.


-----------------------------------------
; Slow 1200mV 85C Model Removal Summary ;
-----------------------------------------
No paths to report.


+---------------------------------------------------+
; Slow 1200mV 85C Model Minimum Pulse Width Summary ;
+-------+--------+----------------------------------+
; Clock ; Slack  ; End Point TNS                    ;
+-------+--------+----------------------------------+
; clk   ; -3.000 ; -2101.000                        ;
+-------+--------+----------------------------------+


+------------------------------------------------------------------------------------------------------------------------------------------------------------------------------------------------------------+
; Slow 1200mV 85C Model Setup: 'clk'                                                                                                                                                                         ;
+--------+--------------------------------------------------------------+--------------------------------------------------------------+--------------+-------------+--------------+------------+------------+
; Slack  ; From Node                                                    ; To Node                                                      ; Launch Clock ; Latch Clock ; Relationship ; Clock Skew ; Data Delay ;
+--------+--------------------------------------------------------------+--------------------------------------------------------------+--------------+-------------+--------------+------------+------------+
; -6.885 ; processor_system:processor|stack_cpu:cpu|program_counter[2]  ; processor_system:processor|stack_cpu:cpu|operand_register[0] ; clk          ; clk         ; 1.000        ; 0.253      ; 8.133      ;
; -6.873 ; processor_system:processor|stack_cpu:cpu|program_counter[3]  ; processor_system:processor|stack_cpu:cpu|operand_register[0] ; clk          ; clk         ; 1.000        ; 0.253      ; 8.121      ;
; -6.832 ; processor_system:processor|stack_cpu:cpu|program_counter[1]  ; processor_system:processor|stack_cpu:cpu|stack[4][3]         ; clk          ; clk         ; 1.000        ; 0.257      ; 8.084      ;
; -6.824 ; processor_system:processor|stack_cpu:cpu|state.STATE_PUSH    ; processor_system:processor|stack_cpu:cpu|operand_register[0] ; clk          ; clk         ; 1.000        ; 0.252      ; 8.071      ;
; -6.822 ; processor_system:processor|stack_cpu:cpu|state.STATE_PUSH    ; processor_system:processor|stack_cpu:cpu|stack[4][3]         ; clk          ; clk         ; 1.000        ; 0.256      ; 8.073      ;
; -6.819 ; processor_system:processor|stack_cpu:cpu|program_counter[2]  ; processor_system:processor|stack_cpu:cpu|stack[7][6]         ; clk          ; clk         ; 1.000        ; 0.235      ; 8.049      ;
; -6.805 ; processor_system:processor|stack_cpu:cpu|program_counter[1]  ; processor_system:processor|stack_cpu:cpu|stack[6][3]         ; clk          ; clk         ; 1.000        ; 0.283      ; 8.083      ;
; -6.799 ; processor_system:processor|stack_cpu:cpu|state.STATE_POP     ; processor_system:processor|stack_cpu:cpu|operand_register[0] ; clk          ; clk         ; 1.000        ; 0.252      ; 8.046      ;
; -6.797 ; processor_system:processor|stack_cpu:cpu|state.STATE_POP     ; processor_system:processor|stack_cpu:cpu|stack[4][3]         ; clk          ; clk         ; 1.000        ; 0.256      ; 8.048      ;
; -6.795 ; processor_system:processor|stack_cpu:cpu|state.STATE_PUSH    ; processor_system:processor|stack_cpu:cpu|stack[6][3]         ; clk          ; clk         ; 1.000        ; 0.282      ; 8.072      ;
; -6.791 ; processor_system:processor|stack_cpu:cpu|operand_register[0] ; processor_system:processor|stack_cpu:cpu|operand_register[0] ; clk          ; clk         ; 1.000        ; -0.078     ; 7.708      ;
; -6.789 ; processor_system:processor|stack_cpu:cpu|operand_register[0] ; processor_system:processor|stack_cpu:cpu|stack[4][3]         ; clk          ; clk         ; 1.000        ; -0.074     ; 7.710      ;
; -6.774 ; processor_system:processor|stack_cpu:cpu|program_counter[1]  ; processor_system:processor|stack_cpu:cpu|operand_register[0] ; clk          ; clk         ; 1.000        ; 0.253      ; 8.022      ;
; -6.770 ; processor_system:processor|stack_cpu:cpu|program_counter[1]  ; processor_system:processor|stack_cpu:cpu|stack[0][3]         ; clk          ; clk         ; 1.000        ; 0.236      ; 8.001      ;
; -6.770 ; processor_system:processor|stack_cpu:cpu|state.STATE_POP     ; processor_system:processor|stack_cpu:cpu|stack[6][3]         ; clk          ; clk         ; 1.000        ; 0.282      ; 8.047      ;
; -6.768 ; processor_system:processor|stack_cpu:cpu|program_counter[3]  ; processor_system:processor|stack_cpu:cpu|stack[0][1]         ; clk          ; clk         ; 1.000        ; 0.236      ; 7.999      ;
; -6.763 ; processor_system:processor|stack_cpu:cpu|program_counter[2]  ; processor_system:processor|stack_cpu:cpu|stack[3][6]         ; clk          ; clk         ; 1.000        ; 0.232      ; 7.990      ;
; -6.763 ; processor_system:processor|stack_cpu:cpu|operand_register[2] ; processor_system:processor|stack_cpu:cpu|operand_register[0] ; clk          ; clk         ; 1.000        ; -0.078     ; 7.680      ;
; -6.762 ; processor_system:processor|stack_cpu:cpu|program_counter[2]  ; processor_system:processor|stack_cpu:cpu|stack[0][1]         ; clk          ; clk         ; 1.000        ; 0.236      ; 7.993      ;
; -6.762 ; processor_system:processor|stack_cpu:cpu|operand_register[0] ; processor_system:processor|stack_cpu:cpu|stack[6][3]         ; clk          ; clk         ; 1.000        ; -0.048     ; 7.709      ;
; -6.760 ; processor_system:processor|stack_cpu:cpu|state.STATE_PUSH    ; processor_system:processor|stack_cpu:cpu|stack[0][3]         ; clk          ; clk         ; 1.000        ; 0.235      ; 7.990      ;
; -6.759 ; processor_system:processor|stack_cpu:cpu|state.STATE_PUSH    ; processor_system:processor|stack_cpu:cpu|stack[0][1]         ; clk          ; clk         ; 1.000        ; 0.235      ; 7.989      ;
; -6.751 ; processor_system:processor|stack_cpu:cpu|program_counter[1]  ; processor_system:processor|stack_cpu:cpu|stack[5][3]         ; clk          ; clk         ; 1.000        ; 0.247      ; 7.993      ;
; -6.744 ; processor_system:processor|stack_cpu:cpu|program_counter[1]  ; processor_system:processor|stack_cpu:cpu|stack[2][3]         ; clk          ; clk         ; 1.000        ; 0.262      ; 8.001      ;
; -6.742 ; processor_system:processor|stack_cpu:cpu|program_counter[3]  ; processor_system:processor|stack_cpu:cpu|stack[2][1]         ; clk          ; clk         ; 1.000        ; 0.262      ; 7.999      ;
; -6.741 ; processor_system:processor|stack_cpu:cpu|state.STATE_PUSH    ; processor_system:processor|stack_cpu:cpu|stack[5][3]         ; clk          ; clk         ; 1.000        ; 0.246      ; 7.982      ;
; -6.737 ; processor_system:processor|stack_cpu:cpu|program_counter[2]  ; processor_system:processor|stack_cpu:cpu|stack[1][6]         ; clk          ; clk         ; 1.000        ; 0.258      ; 7.990      ;
; -6.736 ; processor_system:processor|stack_cpu:cpu|program_counter[2]  ; processor_system:processor|stack_cpu:cpu|stack[2][1]         ; clk          ; clk         ; 1.000        ; 0.262      ; 7.993      ;
; -6.736 ; processor_system:processor|stack_cpu:cpu|program_counter[2]  ; processor_system:processor|stack_cpu:cpu|stack[0][6]         ; clk          ; clk         ; 1.000        ; 0.236      ; 7.967      ;
; -6.735 ; processor_system:processor|stack_cpu:cpu|state.STATE_POP     ; processor_system:processor|stack_cpu:cpu|stack[0][3]         ; clk          ; clk         ; 1.000        ; 0.235      ; 7.965      ;
; -6.734 ; processor_system:processor|stack_cpu:cpu|state.STATE_POP     ; processor_system:processor|stack_cpu:cpu|stack[0][1]         ; clk          ; clk         ; 1.000        ; 0.235      ; 7.964      ;
; -6.734 ; processor_system:processor|stack_cpu:cpu|state.STATE_PUSH    ; processor_system:processor|stack_cpu:cpu|stack[2][3]         ; clk          ; clk         ; 1.000        ; 0.261      ; 7.990      ;
; -6.733 ; processor_system:processor|stack_cpu:cpu|state.STATE_PUSH    ; processor_system:processor|stack_cpu:cpu|stack[2][1]         ; clk          ; clk         ; 1.000        ; 0.261      ; 7.989      ;
; -6.732 ; processor_system:processor|stack_cpu:cpu|program_counter[3]  ; processor_system:processor|stack_cpu:cpu|stack[4][1]         ; clk          ; clk         ; 1.000        ; 0.250      ; 7.977      ;
; -6.731 ; processor_system:processor|stack_cpu:cpu|program_counter[1]  ; processor_system:processor|stack_cpu:cpu|stack[3][3]         ; clk          ; clk         ; 1.000        ; 0.262      ; 7.988      ;
; -6.729 ; processor_system:processor|stack_cpu:cpu|operand_register[3] ; processor_system:processor|stack_cpu:cpu|operand_register[0] ; clk          ; clk         ; 1.000        ; -0.078     ; 7.646      ;
; -6.728 ; processor_system:processor|stack_cpu:cpu|state.STATE_PUSH    ; processor_system:processor|stack_cpu:cpu|stack[7][6]         ; clk          ; clk         ; 1.000        ; 0.234      ; 7.957      ;
; -6.727 ; processor_system:processor|stack_cpu:cpu|operand_register[0] ; processor_system:processor|stack_cpu:cpu|stack[0][3]         ; clk          ; clk         ; 1.000        ; -0.095     ; 7.627      ;
; -6.726 ; processor_system:processor|stack_cpu:cpu|program_counter[2]  ; processor_system:processor|stack_cpu:cpu|stack[4][1]         ; clk          ; clk         ; 1.000        ; 0.250      ; 7.971      ;
; -6.726 ; processor_system:processor|stack_cpu:cpu|operand_register[0] ; processor_system:processor|stack_cpu:cpu|stack[0][1]         ; clk          ; clk         ; 1.000        ; -0.095     ; 7.626      ;
; -6.725 ; processor_system:processor|stack_cpu:cpu|program_counter[1]  ; processor_system:processor|stack_cpu:cpu|stack[7][3]         ; clk          ; clk         ; 1.000        ; 0.273      ; 7.993      ;
; -6.723 ; processor_system:processor|stack_cpu:cpu|state.STATE_PUSH    ; processor_system:processor|stack_cpu:cpu|stack[4][1]         ; clk          ; clk         ; 1.000        ; 0.249      ; 7.967      ;
; -6.721 ; processor_system:processor|stack_cpu:cpu|state.STATE_PUSH    ; processor_system:processor|stack_cpu:cpu|stack[3][3]         ; clk          ; clk         ; 1.000        ; 0.261      ; 7.977      ;
; -6.716 ; processor_system:processor|stack_cpu:cpu|state.STATE_POP     ; processor_system:processor|stack_cpu:cpu|stack[5][3]         ; clk          ; clk         ; 1.000        ; 0.246      ; 7.957      ;
; -6.715 ; processor_system:processor|stack_cpu:cpu|state.STATE_PUSH    ; processor_system:processor|stack_cpu:cpu|stack[7][3]         ; clk          ; clk         ; 1.000        ; 0.272      ; 7.982      ;
; -6.714 ; processor_system:processor|stack_cpu:cpu|program_counter[2]  ; processor_system:processor|stack_cpu:cpu|stack[2][6]         ; clk          ; clk         ; 1.000        ; 0.259      ; 7.968      ;
; -6.711 ; processor_system:processor|stack_cpu:cpu|program_counter[3]  ; processor_system:processor|stack_cpu:cpu|stack[5][1]         ; clk          ; clk         ; 1.000        ; 0.274      ; 7.980      ;
; -6.709 ; processor_system:processor|stack_cpu:cpu|state.STATE_POP     ; processor_system:processor|stack_cpu:cpu|stack[2][3]         ; clk          ; clk         ; 1.000        ; 0.261      ; 7.965      ;
; -6.708 ; processor_system:processor|stack_cpu:cpu|program_counter[2]  ; processor_system:processor|stack_cpu:cpu|stack[4][6]         ; clk          ; clk         ; 1.000        ; 0.235      ; 7.938      ;
; -6.708 ; processor_system:processor|stack_cpu:cpu|operand_register[0] ; processor_system:processor|stack_cpu:cpu|stack[5][3]         ; clk          ; clk         ; 1.000        ; -0.084     ; 7.619      ;
; -6.708 ; processor_system:processor|stack_cpu:cpu|state.STATE_POP     ; processor_system:processor|stack_cpu:cpu|stack[2][1]         ; clk          ; clk         ; 1.000        ; 0.261      ; 7.964      ;
; -6.707 ; processor_system:processor|stack_cpu:cpu|program_counter[2]  ; processor_system:processor|stack_cpu:cpu|stack[5][6]         ; clk          ; clk         ; 1.000        ; 0.274      ; 7.976      ;
; -6.705 ; processor_system:processor|stack_cpu:cpu|program_counter[2]  ; processor_system:processor|stack_cpu:cpu|stack[5][1]         ; clk          ; clk         ; 1.000        ; 0.274      ; 7.974      ;
; -6.702 ; processor_system:processor|stack_cpu:cpu|state.STATE_PUSH    ; processor_system:processor|stack_cpu:cpu|stack[5][1]         ; clk          ; clk         ; 1.000        ; 0.273      ; 7.970      ;
; -6.701 ; processor_system:processor|stack_cpu:cpu|operand_register[0] ; processor_system:processor|stack_cpu:cpu|stack[2][3]         ; clk          ; clk         ; 1.000        ; -0.069     ; 7.627      ;
; -6.700 ; processor_system:processor|stack_cpu:cpu|operand_register[0] ; processor_system:processor|stack_cpu:cpu|stack[2][1]         ; clk          ; clk         ; 1.000        ; -0.069     ; 7.626      ;
; -6.698 ; processor_system:processor|stack_cpu:cpu|state.STATE_POP     ; processor_system:processor|stack_cpu:cpu|stack[4][1]         ; clk          ; clk         ; 1.000        ; 0.249      ; 7.942      ;
; -6.697 ; processor_system:processor|stack_cpu:cpu|operand_register[2] ; processor_system:processor|stack_cpu:cpu|stack[7][6]         ; clk          ; clk         ; 1.000        ; -0.096     ; 7.596      ;
; -6.696 ; processor_system:processor|stack_cpu:cpu|state.STATE_POP     ; processor_system:processor|stack_cpu:cpu|stack[3][3]         ; clk          ; clk         ; 1.000        ; 0.261      ; 7.952      ;
; -6.692 ; processor_system:processor|stack_cpu:cpu|program_counter[2]  ; processor_system:processor|stack_cpu:cpu|stack[4][3]         ; clk          ; clk         ; 1.000        ; 0.257      ; 7.944      ;
; -6.690 ; processor_system:processor|stack_cpu:cpu|operand_register[0] ; processor_system:processor|stack_cpu:cpu|stack[4][1]         ; clk          ; clk         ; 1.000        ; -0.081     ; 7.604      ;
; -6.690 ; processor_system:processor|stack_cpu:cpu|state.STATE_POP     ; processor_system:processor|stack_cpu:cpu|stack[7][3]         ; clk          ; clk         ; 1.000        ; 0.272      ; 7.957      ;
; -6.688 ; processor_system:processor|stack_cpu:cpu|operand_register[0] ; processor_system:processor|stack_cpu:cpu|stack[3][3]         ; clk          ; clk         ; 1.000        ; -0.069     ; 7.614      ;
; -6.682 ; processor_system:processor|stack_cpu:cpu|operand_register[0] ; processor_system:processor|stack_cpu:cpu|stack[7][3]         ; clk          ; clk         ; 1.000        ; -0.058     ; 7.619      ;
; -6.677 ; processor_system:processor|stack_cpu:cpu|state.STATE_POP     ; processor_system:processor|stack_cpu:cpu|stack[5][1]         ; clk          ; clk         ; 1.000        ; 0.273      ; 7.945      ;
; -6.675 ; processor_system:processor|stack_cpu:cpu|operand_register[1] ; processor_system:processor|stack_cpu:cpu|stack[4][3]         ; clk          ; clk         ; 1.000        ; -0.074     ; 7.596      ;
; -6.672 ; processor_system:processor|stack_cpu:cpu|state.STATE_PUSH    ; processor_system:processor|stack_cpu:cpu|stack[3][6]         ; clk          ; clk         ; 1.000        ; 0.231      ; 7.898      ;
; -6.670 ; processor_system:processor|stack_cpu:cpu|program_counter[3]  ; processor_system:processor|stack_cpu:cpu|stack[7][6]         ; clk          ; clk         ; 1.000        ; 0.235      ; 7.900      ;
; -6.669 ; processor_system:processor|stack_cpu:cpu|operand_register[0] ; processor_system:processor|stack_cpu:cpu|stack[5][1]         ; clk          ; clk         ; 1.000        ; -0.057     ; 7.607      ;
; -6.665 ; processor_system:processor|stack_cpu:cpu|program_counter[2]  ; processor_system:processor|stack_cpu:cpu|stack[6][3]         ; clk          ; clk         ; 1.000        ; 0.283      ; 7.943      ;
; -6.648 ; processor_system:processor|stack_cpu:cpu|operand_register[1] ; processor_system:processor|stack_cpu:cpu|stack[6][3]         ; clk          ; clk         ; 1.000        ; -0.048     ; 7.595      ;
; -6.647 ; processor_system:processor|stack_cpu:cpu|program_counter[3]  ; processor_system:processor|stack_cpu:cpu|stack[4][3]         ; clk          ; clk         ; 1.000        ; 0.257      ; 7.899      ;
; -6.646 ; processor_system:processor|stack_cpu:cpu|state.STATE_PUSH    ; processor_system:processor|stack_cpu:cpu|stack[1][6]         ; clk          ; clk         ; 1.000        ; 0.257      ; 7.898      ;
; -6.645 ; processor_system:processor|stack_cpu:cpu|state.STATE_PUSH    ; processor_system:processor|stack_cpu:cpu|stack[0][6]         ; clk          ; clk         ; 1.000        ; 0.235      ; 7.875      ;
; -6.641 ; processor_system:processor|stack_cpu:cpu|operand_register[2] ; processor_system:processor|stack_cpu:cpu|stack[3][6]         ; clk          ; clk         ; 1.000        ; -0.099     ; 7.537      ;
; -6.640 ; processor_system:processor|stack_cpu:cpu|program_counter[0]  ; processor_system:processor|stack_cpu:cpu|operand_register[0] ; clk          ; clk         ; 1.000        ; 0.253      ; 7.888      ;
; -6.640 ; processor_system:processor|stack_cpu:cpu|operand_register[2] ; processor_system:processor|stack_cpu:cpu|stack[0][1]         ; clk          ; clk         ; 1.000        ; -0.095     ; 7.540      ;
; -6.638 ; processor_system:processor|stack_cpu:cpu|program_counter[0]  ; processor_system:processor|stack_cpu:cpu|stack[4][3]         ; clk          ; clk         ; 1.000        ; 0.257      ; 7.890      ;
; -6.630 ; processor_system:processor|stack_cpu:cpu|program_counter[2]  ; processor_system:processor|stack_cpu:cpu|stack[0][3]         ; clk          ; clk         ; 1.000        ; 0.236      ; 7.861      ;
; -6.627 ; processor_system:processor|stack_cpu:cpu|operand_register[3] ; processor_system:processor|stack_cpu:cpu|stack[0][1]         ; clk          ; clk         ; 1.000        ; -0.095     ; 7.527      ;
; -6.623 ; processor_system:processor|stack_cpu:cpu|state.STATE_PUSH    ; processor_system:processor|stack_cpu:cpu|stack[2][6]         ; clk          ; clk         ; 1.000        ; 0.258      ; 7.876      ;
; -6.622 ; processor_system:processor|stack_cpu:cpu|program_counter[2]  ; processor_system:processor|stack_cpu:cpu|stack[6][6]         ; clk          ; clk         ; 1.000        ; 0.283      ; 7.900      ;
; -6.622 ; processor_system:processor|stack_cpu:cpu|program_counter[1]  ; processor_system:processor|stack_cpu:cpu|stack[0][1]         ; clk          ; clk         ; 1.000        ; 0.236      ; 7.853      ;
; -6.620 ; processor_system:processor|stack_cpu:cpu|program_counter[3]  ; processor_system:processor|stack_cpu:cpu|stack[6][3]         ; clk          ; clk         ; 1.000        ; 0.283      ; 7.898      ;
; -6.617 ; processor_system:processor|stack_cpu:cpu|state.STATE_PUSH    ; processor_system:processor|stack_cpu:cpu|stack[4][6]         ; clk          ; clk         ; 1.000        ; 0.234      ; 7.846      ;
; -6.616 ; processor_system:processor|stack_cpu:cpu|state.STATE_PUSH    ; processor_system:processor|stack_cpu:cpu|stack[5][6]         ; clk          ; clk         ; 1.000        ; 0.273      ; 7.884      ;
; -6.615 ; processor_system:processor|stack_cpu:cpu|operand_register[1] ; processor_system:processor|stack_cpu:cpu|operand_register[0] ; clk          ; clk         ; 1.000        ; -0.078     ; 7.532      ;
; -6.615 ; processor_system:processor|stack_cpu:cpu|operand_register[2] ; processor_system:processor|stack_cpu:cpu|stack[1][6]         ; clk          ; clk         ; 1.000        ; -0.073     ; 7.537      ;
; -6.614 ; processor_system:processor|stack_cpu:cpu|program_counter[3]  ; processor_system:processor|stack_cpu:cpu|stack[3][6]         ; clk          ; clk         ; 1.000        ; 0.232      ; 7.841      ;
; -6.614 ; processor_system:processor|stack_cpu:cpu|operand_register[2] ; processor_system:processor|stack_cpu:cpu|stack[2][1]         ; clk          ; clk         ; 1.000        ; -0.069     ; 7.540      ;
; -6.614 ; processor_system:processor|stack_cpu:cpu|operand_register[2] ; processor_system:processor|stack_cpu:cpu|stack[0][6]         ; clk          ; clk         ; 1.000        ; -0.095     ; 7.514      ;
; -6.613 ; processor_system:processor|stack_cpu:cpu|operand_register[1] ; processor_system:processor|stack_cpu:cpu|stack[0][3]         ; clk          ; clk         ; 1.000        ; -0.095     ; 7.513      ;
; -6.611 ; processor_system:processor|stack_cpu:cpu|program_counter[0]  ; processor_system:processor|stack_cpu:cpu|stack[6][3]         ; clk          ; clk         ; 1.000        ; 0.283      ; 7.889      ;
; -6.611 ; processor_system:processor|stack_cpu:cpu|program_counter[2]  ; processor_system:processor|stack_cpu:cpu|stack[5][3]         ; clk          ; clk         ; 1.000        ; 0.247      ; 7.853      ;
; -6.610 ; processor_system:processor|stack_cpu:cpu|program_counter[1]  ; processor_system:processor|stack_cpu:cpu|operand_register[3] ; clk          ; clk         ; 1.000        ; 0.253      ; 7.858      ;
; -6.604 ; processor_system:processor|stack_cpu:cpu|program_counter[2]  ; processor_system:processor|stack_cpu:cpu|stack[2][3]         ; clk          ; clk         ; 1.000        ; 0.262      ; 7.861      ;
; -6.604 ; processor_system:processor|stack_cpu:cpu|operand_register[2] ; processor_system:processor|stack_cpu:cpu|stack[4][1]         ; clk          ; clk         ; 1.000        ; -0.081     ; 7.518      ;
; -6.601 ; processor_system:processor|stack_cpu:cpu|operand_register[3] ; processor_system:processor|stack_cpu:cpu|stack[2][1]         ; clk          ; clk         ; 1.000        ; -0.069     ; 7.527      ;
; -6.600 ; processor_system:processor|stack_cpu:cpu|state.STATE_PUSH    ; processor_system:processor|stack_cpu:cpu|operand_register[3] ; clk          ; clk         ; 1.000        ; 0.252      ; 7.847      ;
; -6.596 ; processor_system:processor|stack_cpu:cpu|program_counter[1]  ; processor_system:processor|stack_cpu:cpu|stack[2][1]         ; clk          ; clk         ; 1.000        ; 0.262      ; 7.853      ;
+--------+--------------------------------------------------------------+--------------------------------------------------------------+--------------+-------------+--------------+------------+------------+


+-----------------------------------------------------------------------------------------------------------------------------------------------------------------------------------------------------------------------+
; Slow 1200mV 85C Model Hold: 'clk'                                                                                                                                                                                     ;
+-------+--------------------------------------------------------------------+--------------------------------------------------------------------+--------------+-------------+--------------+------------+------------+
; Slack ; From Node                                                          ; To Node                                                            ; Launch Clock ; Latch Clock ; Relationship ; Clock Skew ; Data Delay ;
+-------+--------------------------------------------------------------------+--------------------------------------------------------------------+--------------+-------------+--------------+------------+------------+
; 0.344 ; processor_system:processor|stack_cpu:cpu|stack_pointer[0]          ; processor_system:processor|stack_cpu:cpu|stack_pointer[0]          ; clk          ; clk         ; 0.000        ; 0.079      ; 0.580      ;
; 0.355 ; processor_system:processor|memory_io:memory_unit|done_led          ; processor_system:processor|memory_io:memory_unit|done_led          ; clk          ; clk         ; 0.000        ; 0.065      ; 0.577      ;
; 0.355 ; processor_system:processor|stack_cpu:cpu|stack_pointer[1]          ; processor_system:processor|stack_cpu:cpu|stack_pointer[1]          ; clk          ; clk         ; 0.000        ; 0.065      ; 0.577      ;
; 0.356 ; processor_system:processor|stack_cpu:cpu|stack_pointer[3]          ; processor_system:processor|stack_cpu:cpu|stack_pointer[3]          ; clk          ; clk         ; 0.000        ; 0.064      ; 0.577      ;
; 0.356 ; processor_system:processor|stack_cpu:cpu|stack_pointer[2]          ; processor_system:processor|stack_cpu:cpu|stack_pointer[2]          ; clk          ; clk         ; 0.000        ; 0.064      ; 0.577      ;
; 0.356 ; processor_system:processor|memory_io:memory_unit|error_led         ; processor_system:processor|memory_io:memory_unit|error_led         ; clk          ; clk         ; 0.000        ; 0.064      ; 0.577      ;
; 0.399 ; processor_system:processor|stack_cpu:cpu|state.STATE_DECODE        ; processor_system:processor|stack_cpu:cpu|state.STATE_JS            ; clk          ; clk         ; 0.000        ; 0.065      ; 0.621      ;
; 0.401 ; processor_system:processor|stack_cpu:cpu|state.STATE_DECODE        ; processor_system:processor|stack_cpu:cpu|state.STATE_JUMP          ; clk          ; clk         ; 0.000        ; 0.065      ; 0.623      ;
; 0.405 ; processor_system:processor|stack_cpu:cpu|state.STATE_DECODE        ; processor_system:processor|stack_cpu:cpu|state.STATE_JZ            ; clk          ; clk         ; 0.000        ; 0.065      ; 0.627      ;
; 0.505 ; processor_system:processor|stack_cpu:cpu|program_counter[7]        ; processor_system:processor|stack_cpu:cpu|program_counter[7]        ; clk          ; clk         ; 0.000        ; 0.065      ; 0.727      ;
; 0.573 ; processor_system:processor|stack_cpu:cpu|program_counter[5]        ; processor_system:processor|stack_cpu:cpu|program_counter[5]        ; clk          ; clk         ; 0.000        ; 0.065      ; 0.795      ;
; 0.573 ; processor_system:processor|stack_cpu:cpu|program_counter[3]        ; processor_system:processor|stack_cpu:cpu|program_counter[3]        ; clk          ; clk         ; 0.000        ; 0.065      ; 0.795      ;
; 0.573 ; processor_system:processor|stack_cpu:cpu|program_counter[6]        ; processor_system:processor|stack_cpu:cpu|program_counter[6]        ; clk          ; clk         ; 0.000        ; 0.065      ; 0.795      ;
; 0.573 ; processor_system:processor|stack_cpu:cpu|program_counter[1]        ; processor_system:processor|stack_cpu:cpu|program_counter[1]        ; clk          ; clk         ; 0.000        ; 0.065      ; 0.795      ;
; 0.574 ; processor_system:processor|stack_cpu:cpu|program_counter[4]        ; processor_system:processor|stack_cpu:cpu|program_counter[4]        ; clk          ; clk         ; 0.000        ; 0.065      ; 0.796      ;
; 0.575 ; processor_system:processor|stack_cpu:cpu|program_counter[2]        ; processor_system:processor|stack_cpu:cpu|program_counter[2]        ; clk          ; clk         ; 0.000        ; 0.065      ; 0.797      ;
; 0.595 ; processor_system:processor|stack_cpu:cpu|program_counter[0]        ; processor_system:processor|stack_cpu:cpu|program_counter[0]        ; clk          ; clk         ; 0.000        ; 0.065      ; 0.817      ;
; 0.738 ; processor_system:processor|stack_cpu:cpu|stack_pointer[2]          ; processor_system:processor|stack_cpu:cpu|stack_pointer[3]          ; clk          ; clk         ; 0.000        ; 0.064      ; 0.959      ;
; 0.787 ; processor_system:processor|stack_cpu:cpu|state.STATE_FETCH_OPERAND ; processor_system:processor|stack_cpu:cpu|state.STATE_FETCH         ; clk          ; clk         ; 0.000        ; 0.065      ; 1.009      ;
; 0.824 ; processor_system:processor|stack_cpu:cpu|state.STATE_FETCH         ; processor_system:processor|stack_cpu:cpu|state.STATE_DECODE        ; clk          ; clk         ; 0.000        ; 0.066      ; 1.047      ;
; 0.847 ; processor_system:processor|stack_cpu:cpu|program_counter[5]        ; processor_system:processor|stack_cpu:cpu|program_counter[6]        ; clk          ; clk         ; 0.000        ; 0.065      ; 1.069      ;
; 0.847 ; processor_system:processor|stack_cpu:cpu|program_counter[3]        ; processor_system:processor|stack_cpu:cpu|program_counter[4]        ; clk          ; clk         ; 0.000        ; 0.065      ; 1.069      ;
; 0.847 ; processor_system:processor|stack_cpu:cpu|program_counter[1]        ; processor_system:processor|stack_cpu:cpu|program_counter[2]        ; clk          ; clk         ; 0.000        ; 0.065      ; 1.069      ;
; 0.861 ; processor_system:processor|stack_cpu:cpu|program_counter[6]        ; processor_system:processor|stack_cpu:cpu|program_counter[7]        ; clk          ; clk         ; 0.000        ; 0.065      ; 1.083      ;
; 0.862 ; processor_system:processor|stack_cpu:cpu|program_counter[4]        ; processor_system:processor|stack_cpu:cpu|program_counter[5]        ; clk          ; clk         ; 0.000        ; 0.065      ; 1.084      ;
; 0.862 ; processor_system:processor|stack_cpu:cpu|program_counter[2]        ; processor_system:processor|stack_cpu:cpu|program_counter[3]        ; clk          ; clk         ; 0.000        ; 0.065      ; 1.084      ;
; 0.862 ; processor_system:processor|stack_cpu:cpu|program_counter[0]        ; processor_system:processor|stack_cpu:cpu|program_counter[1]        ; clk          ; clk         ; 0.000        ; 0.065      ; 1.084      ;
; 0.864 ; processor_system:processor|stack_cpu:cpu|program_counter[4]        ; processor_system:processor|stack_cpu:cpu|program_counter[6]        ; clk          ; clk         ; 0.000        ; 0.065      ; 1.086      ;
; 0.864 ; processor_system:processor|stack_cpu:cpu|program_counter[2]        ; processor_system:processor|stack_cpu:cpu|program_counter[4]        ; clk          ; clk         ; 0.000        ; 0.065      ; 1.086      ;
; 0.864 ; processor_system:processor|stack_cpu:cpu|program_counter[0]        ; processor_system:processor|stack_cpu:cpu|program_counter[2]        ; clk          ; clk         ; 0.000        ; 0.065      ; 1.086      ;
; 0.881 ; processor_system:processor|stack_cpu:cpu|state.STATE_SWAP          ; processor_system:processor|stack_cpu:cpu|stack[7][5]               ; clk          ; clk         ; 0.000        ; 0.439      ; 1.477      ;
; 0.882 ; processor_system:processor|stack_cpu:cpu|sign_flag                 ; processor_system:processor|stack_cpu:cpu|sign_flag                 ; clk          ; clk         ; 0.000        ; 0.065      ; 1.104      ;
; 0.890 ; processor_system:processor|stack_cpu:cpu|state.STATE_FETCH         ; processor_system:processor|stack_cpu:cpu|state.STATE_FETCH         ; clk          ; clk         ; 0.000        ; 0.065      ; 1.112      ;
; 0.910 ; processor_system:processor|stack_cpu:cpu|state.STATE_SWAP          ; processor_system:processor|stack_cpu:cpu|stack[5][5]               ; clk          ; clk         ; 0.000        ; 0.411      ; 1.478      ;
; 0.917 ; processor_system:processor|stack_cpu:cpu|state.STATE_PUSH          ; processor_system:processor|stack_cpu:cpu|stack[5][7]               ; clk          ; clk         ; 0.000        ; 0.424      ; 1.498      ;
; 0.937 ; processor_system:processor|stack_cpu:cpu|state.STATE_FETCH_OPERAND ; processor_system:processor|stack_cpu:cpu|operand_register[5]       ; clk          ; clk         ; 0.000        ; 0.428      ; 1.522      ;
; 0.940 ; processor_system:processor|stack_cpu:cpu|state.STATE_PUSH          ; processor_system:processor|stack_cpu:cpu|stack[4][7]               ; clk          ; clk         ; 0.000        ; 0.397      ; 1.494      ;
; 0.945 ; processor_system:processor|stack_cpu:cpu|state.STATE_PUSH          ; processor_system:processor|stack_cpu:cpu|stack[4][6]               ; clk          ; clk         ; 0.000        ; 0.397      ; 1.499      ;
; 0.957 ; processor_system:processor|stack_cpu:cpu|program_counter[5]        ; processor_system:processor|stack_cpu:cpu|program_counter[7]        ; clk          ; clk         ; 0.000        ; 0.065      ; 1.179      ;
; 0.957 ; processor_system:processor|stack_cpu:cpu|program_counter[3]        ; processor_system:processor|stack_cpu:cpu|program_counter[5]        ; clk          ; clk         ; 0.000        ; 0.065      ; 1.179      ;
; 0.957 ; processor_system:processor|stack_cpu:cpu|program_counter[1]        ; processor_system:processor|stack_cpu:cpu|program_counter[3]        ; clk          ; clk         ; 0.000        ; 0.065      ; 1.179      ;
; 0.959 ; processor_system:processor|stack_cpu:cpu|program_counter[3]        ; processor_system:processor|stack_cpu:cpu|program_counter[6]        ; clk          ; clk         ; 0.000        ; 0.065      ; 1.181      ;
; 0.959 ; processor_system:processor|stack_cpu:cpu|program_counter[1]        ; processor_system:processor|stack_cpu:cpu|program_counter[4]        ; clk          ; clk         ; 0.000        ; 0.065      ; 1.181      ;
; 0.965 ; processor_system:processor|stack_cpu:cpu|state.STATE_FETCH_OPERAND ; processor_system:processor|stack_cpu:cpu|state.STATE_PUSHC         ; clk          ; clk         ; 0.000        ; 0.072      ; 1.194      ;
; 0.974 ; processor_system:processor|stack_cpu:cpu|program_counter[4]        ; processor_system:processor|stack_cpu:cpu|program_counter[7]        ; clk          ; clk         ; 0.000        ; 0.065      ; 1.196      ;
; 0.974 ; processor_system:processor|stack_cpu:cpu|program_counter[2]        ; processor_system:processor|stack_cpu:cpu|program_counter[5]        ; clk          ; clk         ; 0.000        ; 0.065      ; 1.196      ;
; 0.974 ; processor_system:processor|stack_cpu:cpu|program_counter[0]        ; processor_system:processor|stack_cpu:cpu|program_counter[3]        ; clk          ; clk         ; 0.000        ; 0.065      ; 1.196      ;
; 0.976 ; processor_system:processor|stack_cpu:cpu|program_counter[2]        ; processor_system:processor|stack_cpu:cpu|program_counter[6]        ; clk          ; clk         ; 0.000        ; 0.065      ; 1.198      ;
; 0.976 ; processor_system:processor|stack_cpu:cpu|program_counter[0]        ; processor_system:processor|stack_cpu:cpu|program_counter[4]        ; clk          ; clk         ; 0.000        ; 0.065      ; 1.198      ;
; 1.045 ; processor_system:processor|stack_cpu:cpu|state.STATE_FETCH_OPERAND ; processor_system:processor|stack_cpu:cpu|state.STATE_PUSH          ; clk          ; clk         ; 0.000        ; 0.067      ; 1.269      ;
; 1.066 ; processor_system:processor|stack_cpu:cpu|state.STATE_PUSH          ; processor_system:processor|stack_cpu:cpu|stack[3][5]               ; clk          ; clk         ; 0.000        ; 0.435      ; 1.658      ;
; 1.069 ; processor_system:processor|stack_cpu:cpu|program_counter[3]        ; processor_system:processor|stack_cpu:cpu|program_counter[7]        ; clk          ; clk         ; 0.000        ; 0.065      ; 1.291      ;
; 1.069 ; processor_system:processor|stack_cpu:cpu|program_counter[1]        ; processor_system:processor|stack_cpu:cpu|program_counter[5]        ; clk          ; clk         ; 0.000        ; 0.065      ; 1.291      ;
; 1.071 ; processor_system:processor|stack_cpu:cpu|program_counter[1]        ; processor_system:processor|stack_cpu:cpu|program_counter[6]        ; clk          ; clk         ; 0.000        ; 0.065      ; 1.293      ;
; 1.086 ; processor_system:processor|stack_cpu:cpu|program_counter[2]        ; processor_system:processor|stack_cpu:cpu|program_counter[7]        ; clk          ; clk         ; 0.000        ; 0.065      ; 1.308      ;
; 1.086 ; processor_system:processor|stack_cpu:cpu|program_counter[0]        ; processor_system:processor|stack_cpu:cpu|program_counter[5]        ; clk          ; clk         ; 0.000        ; 0.065      ; 1.308      ;
; 1.088 ; processor_system:processor|stack_cpu:cpu|program_counter[0]        ; processor_system:processor|stack_cpu:cpu|program_counter[6]        ; clk          ; clk         ; 0.000        ; 0.065      ; 1.310      ;
; 1.096 ; processor_system:processor|stack_cpu:cpu|stack[1][0]               ; processor_system:processor|stack_cpu:cpu|stack[1][0]               ; clk          ; clk         ; 0.000        ; 0.079      ; 1.332      ;
; 1.121 ; processor_system:processor|stack_cpu:cpu|stack_pointer[0]          ; processor_system:processor|stack_cpu:cpu|stack_pointer[1]          ; clk          ; clk         ; 0.000        ; -0.279     ; 0.999      ;
; 1.153 ; processor_system:processor|stack_cpu:cpu|state.STATE_JZ            ; processor_system:processor|stack_cpu:cpu|program_counter[5]        ; clk          ; clk         ; 0.000        ; 0.065      ; 1.375      ;
; 1.153 ; processor_system:processor|stack_cpu:cpu|state.STATE_JZ            ; processor_system:processor|stack_cpu:cpu|program_counter[3]        ; clk          ; clk         ; 0.000        ; 0.065      ; 1.375      ;
; 1.153 ; processor_system:processor|stack_cpu:cpu|state.STATE_JZ            ; processor_system:processor|stack_cpu:cpu|program_counter[0]        ; clk          ; clk         ; 0.000        ; 0.065      ; 1.375      ;
; 1.153 ; processor_system:processor|stack_cpu:cpu|state.STATE_JZ            ; processor_system:processor|stack_cpu:cpu|program_counter[6]        ; clk          ; clk         ; 0.000        ; 0.065      ; 1.375      ;
; 1.153 ; processor_system:processor|stack_cpu:cpu|state.STATE_JZ            ; processor_system:processor|stack_cpu:cpu|program_counter[1]        ; clk          ; clk         ; 0.000        ; 0.065      ; 1.375      ;
; 1.153 ; processor_system:processor|stack_cpu:cpu|state.STATE_JZ            ; processor_system:processor|stack_cpu:cpu|program_counter[2]        ; clk          ; clk         ; 0.000        ; 0.065      ; 1.375      ;
; 1.153 ; processor_system:processor|stack_cpu:cpu|state.STATE_JZ            ; processor_system:processor|stack_cpu:cpu|program_counter[4]        ; clk          ; clk         ; 0.000        ; 0.065      ; 1.375      ;
; 1.153 ; processor_system:processor|stack_cpu:cpu|state.STATE_JZ            ; processor_system:processor|stack_cpu:cpu|program_counter[7]        ; clk          ; clk         ; 0.000        ; 0.065      ; 1.375      ;
; 1.169 ; processor_system:processor|stack_cpu:cpu|state.STATE_DECODE        ; processor_system:processor|stack_cpu:cpu|state.STATE_FETCH         ; clk          ; clk         ; 0.000        ; 0.064      ; 1.390      ;
; 1.170 ; processor_system:processor|stack_cpu:cpu|state.STATE_DECODE        ; processor_system:processor|stack_cpu:cpu|state.STATE_SWAP          ; clk          ; clk         ; 0.000        ; 0.064      ; 1.391      ;
; 1.171 ; processor_system:processor|stack_cpu:cpu|state.STATE_DECODE        ; processor_system:processor|stack_cpu:cpu|state.STATE_CMP           ; clk          ; clk         ; 0.000        ; 0.064      ; 1.392      ;
; 1.171 ; processor_system:processor|stack_cpu:cpu|state.STATE_DECODE        ; processor_system:processor|stack_cpu:cpu|state.STATE_FETCH_OPERAND ; clk          ; clk         ; 0.000        ; 0.064      ; 1.392      ;
; 1.175 ; processor_system:processor|stack_cpu:cpu|state.STATE_DECODE        ; processor_system:processor|stack_cpu:cpu|state.STATE_SHL           ; clk          ; clk         ; 0.000        ; 0.064      ; 1.396      ;
; 1.181 ; processor_system:processor|stack_cpu:cpu|state.STATE_PUSH          ; processor_system:processor|stack_cpu:cpu|stack[0][6]               ; clk          ; clk         ; 0.000        ; 0.397      ; 1.735      ;
; 1.181 ; processor_system:processor|stack_cpu:cpu|program_counter[1]        ; processor_system:processor|stack_cpu:cpu|program_counter[7]        ; clk          ; clk         ; 0.000        ; 0.065      ; 1.403      ;
; 1.198 ; processor_system:processor|stack_cpu:cpu|state.STATE_PUSH          ; processor_system:processor|stack_cpu:cpu|stack[5][1]               ; clk          ; clk         ; 0.000        ; 0.437      ; 1.792      ;
; 1.198 ; processor_system:processor|stack_cpu:cpu|state.STATE_PUSH          ; processor_system:processor|stack_cpu:cpu|stack[5][6]               ; clk          ; clk         ; 0.000        ; 0.437      ; 1.792      ;
; 1.198 ; processor_system:processor|stack_cpu:cpu|program_counter[0]        ; processor_system:processor|stack_cpu:cpu|program_counter[7]        ; clk          ; clk         ; 0.000        ; 0.065      ; 1.420      ;
; 1.211 ; processor_system:processor|stack_cpu:cpu|stack_pointer[2]          ; processor_system:processor|stack_cpu:cpu|stack[4][0]               ; clk          ; clk         ; 0.000        ; 0.421      ; 1.789      ;
; 1.224 ; processor_system:processor|stack_cpu:cpu|state.STATE_PUSH          ; processor_system:processor|stack_cpu:cpu|stack[4][1]               ; clk          ; clk         ; 0.000        ; 0.412      ; 1.793      ;
; 1.233 ; processor_system:processor|stack_cpu:cpu|state.STATE_CMP           ; processor_system:processor|stack_cpu:cpu|sign_flag                 ; clk          ; clk         ; 0.000        ; 0.064      ; 1.454      ;
; 1.235 ; processor_system:processor|stack_cpu:cpu|state.STATE_JUMP          ; processor_system:processor|stack_cpu:cpu|program_counter[5]        ; clk          ; clk         ; 0.000        ; 0.065      ; 1.457      ;
; 1.235 ; processor_system:processor|stack_cpu:cpu|state.STATE_JUMP          ; processor_system:processor|stack_cpu:cpu|program_counter[3]        ; clk          ; clk         ; 0.000        ; 0.065      ; 1.457      ;
; 1.235 ; processor_system:processor|stack_cpu:cpu|state.STATE_JUMP          ; processor_system:processor|stack_cpu:cpu|program_counter[0]        ; clk          ; clk         ; 0.000        ; 0.065      ; 1.457      ;
; 1.235 ; processor_system:processor|stack_cpu:cpu|state.STATE_JUMP          ; processor_system:processor|stack_cpu:cpu|program_counter[6]        ; clk          ; clk         ; 0.000        ; 0.065      ; 1.457      ;
; 1.235 ; processor_system:processor|stack_cpu:cpu|state.STATE_JUMP          ; processor_system:processor|stack_cpu:cpu|program_counter[1]        ; clk          ; clk         ; 0.000        ; 0.065      ; 1.457      ;
; 1.235 ; processor_system:processor|stack_cpu:cpu|state.STATE_JUMP          ; processor_system:processor|stack_cpu:cpu|program_counter[2]        ; clk          ; clk         ; 0.000        ; 0.065      ; 1.457      ;
; 1.235 ; processor_system:processor|stack_cpu:cpu|state.STATE_JUMP          ; processor_system:processor|stack_cpu:cpu|program_counter[4]        ; clk          ; clk         ; 0.000        ; 0.065      ; 1.457      ;
; 1.235 ; processor_system:processor|stack_cpu:cpu|state.STATE_JUMP          ; processor_system:processor|stack_cpu:cpu|program_counter[7]        ; clk          ; clk         ; 0.000        ; 0.065      ; 1.457      ;
; 1.238 ; processor_system:processor|stack_cpu:cpu|state.STATE_JS            ; processor_system:processor|stack_cpu:cpu|program_counter[5]        ; clk          ; clk         ; 0.000        ; 0.065      ; 1.460      ;
; 1.238 ; processor_system:processor|stack_cpu:cpu|state.STATE_JS            ; processor_system:processor|stack_cpu:cpu|program_counter[3]        ; clk          ; clk         ; 0.000        ; 0.065      ; 1.460      ;
; 1.238 ; processor_system:processor|stack_cpu:cpu|state.STATE_JS            ; processor_system:processor|stack_cpu:cpu|program_counter[0]        ; clk          ; clk         ; 0.000        ; 0.065      ; 1.460      ;
; 1.238 ; processor_system:processor|stack_cpu:cpu|state.STATE_JS            ; processor_system:processor|stack_cpu:cpu|program_counter[6]        ; clk          ; clk         ; 0.000        ; 0.065      ; 1.460      ;
; 1.238 ; processor_system:processor|stack_cpu:cpu|state.STATE_JS            ; processor_system:processor|stack_cpu:cpu|program_counter[1]        ; clk          ; clk         ; 0.000        ; 0.065      ; 1.460      ;
; 1.238 ; processor_system:processor|stack_cpu:cpu|state.STATE_JS            ; processor_system:processor|stack_cpu:cpu|program_counter[2]        ; clk          ; clk         ; 0.000        ; 0.065      ; 1.460      ;
; 1.238 ; processor_system:processor|stack_cpu:cpu|state.STATE_JS            ; processor_system:processor|stack_cpu:cpu|program_counter[4]        ; clk          ; clk         ; 0.000        ; 0.065      ; 1.460      ;
; 1.238 ; processor_system:processor|stack_cpu:cpu|state.STATE_JS            ; processor_system:processor|stack_cpu:cpu|program_counter[7]        ; clk          ; clk         ; 0.000        ; 0.065      ; 1.460      ;
; 1.248 ; processor_system:processor|stack_cpu:cpu|stack_pointer[2]          ; processor_system:processor|stack_cpu:cpu|stack[3][0]               ; clk          ; clk         ; 0.000        ; 0.421      ; 1.826      ;
; 1.274 ; processor_system:processor|stack_cpu:cpu|state.STATE_PUSH          ; processor_system:processor|stack_cpu:cpu|stack[1][1]               ; clk          ; clk         ; 0.000        ; 0.463      ; 1.894      ;
; 1.274 ; processor_system:processor|stack_cpu:cpu|state.STATE_PUSH          ; processor_system:processor|stack_cpu:cpu|stack[1][5]               ; clk          ; clk         ; 0.000        ; 0.463      ; 1.894      ;
; 1.289 ; processor_system:processor|stack_cpu:cpu|state.STATE_PUSH          ; processor_system:processor|stack_cpu:cpu|stack[1][7]               ; clk          ; clk         ; 0.000        ; 0.400      ; 1.846      ;
+-------+--------------------------------------------------------------------+--------------------------------------------------------------------+--------------+-------------+--------------+------------+------------+


-----------------------------------------------
; Slow 1200mV 85C Model Metastability Summary ;
-----------------------------------------------
No synchronizer chains to report.


+--------------------------------------------------+
; Slow 1200mV 0C Model Fmax Summary                ;
+------------+-----------------+------------+------+
; Fmax       ; Restricted Fmax ; Clock Name ; Note ;
+------------+-----------------+------------+------+
; 141.22 MHz ; 141.22 MHz      ; clk        ;      ;
+------------+-----------------+------------+------+
This panel reports FMAX for every clock in the design, regardless of the user-specified clock periods.  FMAX is only computed for paths where the source and destination registers or ports are driven by the same clock.  Paths of different clocks, including generated clocks, are ignored.  For paths between a clock and its inversion, FMAX is computed as if the rising and falling edges are scaled along with FMAX, such that the duty cycle (in terms of a percentage) is maintained. Altera recommends that you always use clock constraints and other slack reports for sign-off analysis.


+------------------------------------+
; Slow 1200mV 0C Model Setup Summary ;
+-------+--------+-------------------+
; Clock ; Slack  ; End Point TNS     ;
+-------+--------+-------------------+
; clk   ; -6.081 ; -9973.568         ;
+-------+--------+-------------------+


+-----------------------------------+
; Slow 1200mV 0C Model Hold Summary ;
+-------+-------+-------------------+
; Clock ; Slack ; End Point TNS     ;
+-------+-------+-------------------+
; clk   ; 0.305 ; 0.000             ;
+-------+-------+-------------------+


-----------------------------------------
; Slow 1200mV 0C Model Recovery Summary ;
-----------------------------------------
No paths to report.


----------------------------------------
; Slow 1200mV 0C Model Removal Summary ;
----------------------------------------
No paths to report.


+--------------------------------------------------+
; Slow 1200mV 0C Model Minimum Pulse Width Summary ;
+-------+--------+---------------------------------+
; Clock ; Slack  ; End Point TNS                   ;
+-------+--------+---------------------------------+
; clk   ; -3.000 ; -2101.000                       ;
+-------+--------+---------------------------------+


+------------------------------------------------------------------------------------------------------------------------------------------------------------------------------------------------------------+
; Slow 1200mV 0C Model Setup: 'clk'                                                                                                                                                                          ;
+--------+--------------------------------------------------------------+--------------------------------------------------------------+--------------+-------------+--------------+------------+------------+
; Slack  ; From Node                                                    ; To Node                                                      ; Launch Clock ; Latch Clock ; Relationship ; Clock Skew ; Data Delay ;
+--------+--------------------------------------------------------------+--------------------------------------------------------------+--------------+-------------+--------------+------------+------------+
; -6.081 ; processor_system:processor|stack_cpu:cpu|program_counter[2]  ; processor_system:processor|stack_cpu:cpu|operand_register[0] ; clk          ; clk         ; 1.000        ; 0.232      ; 7.308      ;
; -6.075 ; processor_system:processor|stack_cpu:cpu|state.STATE_PUSH    ; processor_system:processor|stack_cpu:cpu|stack[4][3]         ; clk          ; clk         ; 1.000        ; 0.236      ; 7.306      ;
; -6.075 ; processor_system:processor|stack_cpu:cpu|operand_register[0] ; processor_system:processor|stack_cpu:cpu|stack[4][3]         ; clk          ; clk         ; 1.000        ; -0.066     ; 7.004      ;
; -6.058 ; processor_system:processor|stack_cpu:cpu|program_counter[3]  ; processor_system:processor|stack_cpu:cpu|operand_register[0] ; clk          ; clk         ; 1.000        ; 0.232      ; 7.285      ;
; -6.054 ; processor_system:processor|stack_cpu:cpu|state.STATE_POP     ; processor_system:processor|stack_cpu:cpu|stack[4][3]         ; clk          ; clk         ; 1.000        ; 0.236      ; 7.285      ;
; -6.051 ; processor_system:processor|stack_cpu:cpu|program_counter[3]  ; processor_system:processor|stack_cpu:cpu|stack[0][1]         ; clk          ; clk         ; 1.000        ; 0.218      ; 7.264      ;
; -6.050 ; processor_system:processor|stack_cpu:cpu|state.STATE_PUSH    ; processor_system:processor|stack_cpu:cpu|stack[6][3]         ; clk          ; clk         ; 1.000        ; 0.261      ; 7.306      ;
; -6.050 ; processor_system:processor|stack_cpu:cpu|operand_register[0] ; processor_system:processor|stack_cpu:cpu|stack[6][3]         ; clk          ; clk         ; 1.000        ; -0.041     ; 7.004      ;
; -6.037 ; processor_system:processor|stack_cpu:cpu|program_counter[2]  ; processor_system:processor|stack_cpu:cpu|stack[0][1]         ; clk          ; clk         ; 1.000        ; 0.218      ; 7.250      ;
; -6.031 ; processor_system:processor|stack_cpu:cpu|program_counter[1]  ; processor_system:processor|stack_cpu:cpu|stack[4][3]         ; clk          ; clk         ; 1.000        ; 0.236      ; 7.262      ;
; -6.029 ; processor_system:processor|stack_cpu:cpu|state.STATE_POP     ; processor_system:processor|stack_cpu:cpu|stack[6][3]         ; clk          ; clk         ; 1.000        ; 0.261      ; 7.285      ;
; -6.028 ; processor_system:processor|stack_cpu:cpu|program_counter[2]  ; processor_system:processor|stack_cpu:cpu|stack[7][6]         ; clk          ; clk         ; 1.000        ; 0.218      ; 7.241      ;
; -6.026 ; processor_system:processor|stack_cpu:cpu|program_counter[3]  ; processor_system:processor|stack_cpu:cpu|stack[2][1]         ; clk          ; clk         ; 1.000        ; 0.244      ; 7.265      ;
; -6.026 ; processor_system:processor|stack_cpu:cpu|state.STATE_PUSH    ; processor_system:processor|stack_cpu:cpu|operand_register[0] ; clk          ; clk         ; 1.000        ; 0.232      ; 7.253      ;
; -6.020 ; processor_system:processor|stack_cpu:cpu|program_counter[3]  ; processor_system:processor|stack_cpu:cpu|stack[4][1]         ; clk          ; clk         ; 1.000        ; 0.232      ; 7.247      ;
; -6.017 ; processor_system:processor|stack_cpu:cpu|state.STATE_PUSH    ; processor_system:processor|stack_cpu:cpu|stack[0][3]         ; clk          ; clk         ; 1.000        ; 0.218      ; 7.230      ;
; -6.017 ; processor_system:processor|stack_cpu:cpu|operand_register[0] ; processor_system:processor|stack_cpu:cpu|stack[0][3]         ; clk          ; clk         ; 1.000        ; -0.084     ; 6.928      ;
; -6.012 ; processor_system:processor|stack_cpu:cpu|program_counter[2]  ; processor_system:processor|stack_cpu:cpu|stack[2][1]         ; clk          ; clk         ; 1.000        ; 0.244      ; 7.251      ;
; -6.006 ; processor_system:processor|stack_cpu:cpu|program_counter[1]  ; processor_system:processor|stack_cpu:cpu|stack[6][3]         ; clk          ; clk         ; 1.000        ; 0.261      ; 7.262      ;
; -6.006 ; processor_system:processor|stack_cpu:cpu|program_counter[2]  ; processor_system:processor|stack_cpu:cpu|stack[4][1]         ; clk          ; clk         ; 1.000        ; 0.232      ; 7.233      ;
; -6.001 ; processor_system:processor|stack_cpu:cpu|program_counter[3]  ; processor_system:processor|stack_cpu:cpu|stack[5][1]         ; clk          ; clk         ; 1.000        ; 0.254      ; 7.250      ;
; -5.999 ; processor_system:processor|stack_cpu:cpu|state.STATE_PUSH    ; processor_system:processor|stack_cpu:cpu|stack[5][3]         ; clk          ; clk         ; 1.000        ; 0.228      ; 7.222      ;
; -5.999 ; processor_system:processor|stack_cpu:cpu|operand_register[0] ; processor_system:processor|stack_cpu:cpu|stack[5][3]         ; clk          ; clk         ; 1.000        ; -0.074     ; 6.920      ;
; -5.997 ; processor_system:processor|stack_cpu:cpu|state.STATE_PUSH    ; processor_system:processor|stack_cpu:cpu|stack[0][1]         ; clk          ; clk         ; 1.000        ; 0.218      ; 7.210      ;
; -5.996 ; processor_system:processor|stack_cpu:cpu|state.STATE_POP     ; processor_system:processor|stack_cpu:cpu|stack[0][3]         ; clk          ; clk         ; 1.000        ; 0.218      ; 7.209      ;
; -5.995 ; processor_system:processor|stack_cpu:cpu|state.STATE_PUSH    ; processor_system:processor|stack_cpu:cpu|stack[3][3]         ; clk          ; clk         ; 1.000        ; 0.243      ; 7.233      ;
; -5.995 ; processor_system:processor|stack_cpu:cpu|operand_register[0] ; processor_system:processor|stack_cpu:cpu|stack[3][3]         ; clk          ; clk         ; 1.000        ; -0.059     ; 6.931      ;
; -5.990 ; processor_system:processor|stack_cpu:cpu|state.STATE_PUSH    ; processor_system:processor|stack_cpu:cpu|stack[2][3]         ; clk          ; clk         ; 1.000        ; 0.244      ; 7.229      ;
; -5.990 ; processor_system:processor|stack_cpu:cpu|operand_register[0] ; processor_system:processor|stack_cpu:cpu|stack[2][3]         ; clk          ; clk         ; 1.000        ; -0.058     ; 6.927      ;
; -5.987 ; processor_system:processor|stack_cpu:cpu|program_counter[2]  ; processor_system:processor|stack_cpu:cpu|stack[5][1]         ; clk          ; clk         ; 1.000        ; 0.254      ; 7.236      ;
; -5.978 ; processor_system:processor|stack_cpu:cpu|operand_register[2] ; processor_system:processor|stack_cpu:cpu|operand_register[0] ; clk          ; clk         ; 1.000        ; -0.070     ; 6.903      ;
; -5.978 ; processor_system:processor|stack_cpu:cpu|state.STATE_POP     ; processor_system:processor|stack_cpu:cpu|stack[5][3]         ; clk          ; clk         ; 1.000        ; 0.228      ; 7.201      ;
; -5.974 ; processor_system:processor|stack_cpu:cpu|state.STATE_POP     ; processor_system:processor|stack_cpu:cpu|stack[3][3]         ; clk          ; clk         ; 1.000        ; 0.243      ; 7.212      ;
; -5.973 ; processor_system:processor|stack_cpu:cpu|state.STATE_PUSH    ; processor_system:processor|stack_cpu:cpu|stack[7][3]         ; clk          ; clk         ; 1.000        ; 0.254      ; 7.222      ;
; -5.973 ; processor_system:processor|stack_cpu:cpu|program_counter[1]  ; processor_system:processor|stack_cpu:cpu|stack[0][3]         ; clk          ; clk         ; 1.000        ; 0.218      ; 7.186      ;
; -5.973 ; processor_system:processor|stack_cpu:cpu|operand_register[0] ; processor_system:processor|stack_cpu:cpu|stack[7][3]         ; clk          ; clk         ; 1.000        ; -0.048     ; 6.920      ;
; -5.972 ; processor_system:processor|stack_cpu:cpu|state.STATE_PUSH    ; processor_system:processor|stack_cpu:cpu|stack[2][1]         ; clk          ; clk         ; 1.000        ; 0.244      ; 7.211      ;
; -5.972 ; processor_system:processor|stack_cpu:cpu|state.STATE_POP     ; processor_system:processor|stack_cpu:cpu|operand_register[0] ; clk          ; clk         ; 1.000        ; 0.232      ; 7.199      ;
; -5.972 ; processor_system:processor|stack_cpu:cpu|operand_register[0] ; processor_system:processor|stack_cpu:cpu|operand_register[0] ; clk          ; clk         ; 1.000        ; -0.070     ; 6.897      ;
; -5.969 ; processor_system:processor|stack_cpu:cpu|program_counter[2]  ; processor_system:processor|stack_cpu:cpu|stack[3][6]         ; clk          ; clk         ; 1.000        ; 0.216      ; 7.180      ;
; -5.969 ; processor_system:processor|stack_cpu:cpu|state.STATE_POP     ; processor_system:processor|stack_cpu:cpu|stack[2][3]         ; clk          ; clk         ; 1.000        ; 0.244      ; 7.208      ;
; -5.967 ; processor_system:processor|stack_cpu:cpu|program_counter[1]  ; processor_system:processor|stack_cpu:cpu|operand_register[0] ; clk          ; clk         ; 1.000        ; 0.232      ; 7.194      ;
; -5.966 ; processor_system:processor|stack_cpu:cpu|state.STATE_PUSH    ; processor_system:processor|stack_cpu:cpu|stack[4][1]         ; clk          ; clk         ; 1.000        ; 0.232      ; 7.193      ;
; -5.955 ; processor_system:processor|stack_cpu:cpu|program_counter[1]  ; processor_system:processor|stack_cpu:cpu|stack[5][3]         ; clk          ; clk         ; 1.000        ; 0.228      ; 7.178      ;
; -5.952 ; processor_system:processor|stack_cpu:cpu|state.STATE_POP     ; processor_system:processor|stack_cpu:cpu|stack[7][3]         ; clk          ; clk         ; 1.000        ; 0.254      ; 7.201      ;
; -5.951 ; processor_system:processor|stack_cpu:cpu|program_counter[1]  ; processor_system:processor|stack_cpu:cpu|stack[3][3]         ; clk          ; clk         ; 1.000        ; 0.243      ; 7.189      ;
; -5.947 ; processor_system:processor|stack_cpu:cpu|program_counter[2]  ; processor_system:processor|stack_cpu:cpu|stack[0][6]         ; clk          ; clk         ; 1.000        ; 0.220      ; 7.162      ;
; -5.947 ; processor_system:processor|stack_cpu:cpu|state.STATE_PUSH    ; processor_system:processor|stack_cpu:cpu|stack[5][1]         ; clk          ; clk         ; 1.000        ; 0.254      ; 7.196      ;
; -5.946 ; processor_system:processor|stack_cpu:cpu|program_counter[1]  ; processor_system:processor|stack_cpu:cpu|stack[2][3]         ; clk          ; clk         ; 1.000        ; 0.244      ; 7.185      ;
; -5.945 ; processor_system:processor|stack_cpu:cpu|program_counter[2]  ; processor_system:processor|stack_cpu:cpu|stack[1][6]         ; clk          ; clk         ; 1.000        ; 0.241      ; 7.181      ;
; -5.945 ; processor_system:processor|stack_cpu:cpu|state.STATE_PUSH    ; processor_system:processor|stack_cpu:cpu|stack[7][6]         ; clk          ; clk         ; 1.000        ; 0.218      ; 7.158      ;
; -5.936 ; processor_system:processor|stack_cpu:cpu|operand_register[3] ; processor_system:processor|stack_cpu:cpu|operand_register[0] ; clk          ; clk         ; 1.000        ; -0.070     ; 6.861      ;
; -5.935 ; processor_system:processor|stack_cpu:cpu|operand_register[3] ; processor_system:processor|stack_cpu:cpu|stack[0][1]         ; clk          ; clk         ; 1.000        ; -0.084     ; 6.846      ;
; -5.934 ; processor_system:processor|stack_cpu:cpu|operand_register[2] ; processor_system:processor|stack_cpu:cpu|stack[0][1]         ; clk          ; clk         ; 1.000        ; -0.084     ; 6.845      ;
; -5.933 ; processor_system:processor|stack_cpu:cpu|program_counter[2]  ; processor_system:processor|stack_cpu:cpu|stack[4][3]         ; clk          ; clk         ; 1.000        ; 0.236      ; 7.164      ;
; -5.929 ; processor_system:processor|stack_cpu:cpu|program_counter[1]  ; processor_system:processor|stack_cpu:cpu|stack[7][3]         ; clk          ; clk         ; 1.000        ; 0.254      ; 7.178      ;
; -5.927 ; processor_system:processor|stack_cpu:cpu|program_counter[2]  ; processor_system:processor|stack_cpu:cpu|stack[4][6]         ; clk          ; clk         ; 1.000        ; 0.218      ; 7.140      ;
; -5.925 ; processor_system:processor|stack_cpu:cpu|program_counter[2]  ; processor_system:processor|stack_cpu:cpu|stack[2][6]         ; clk          ; clk         ; 1.000        ; 0.243      ; 7.163      ;
; -5.925 ; processor_system:processor|stack_cpu:cpu|program_counter[0]  ; processor_system:processor|stack_cpu:cpu|stack[4][3]         ; clk          ; clk         ; 1.000        ; 0.236      ; 7.156      ;
; -5.925 ; processor_system:processor|stack_cpu:cpu|operand_register[2] ; processor_system:processor|stack_cpu:cpu|stack[7][6]         ; clk          ; clk         ; 1.000        ; -0.084     ; 6.836      ;
; -5.920 ; processor_system:processor|stack_cpu:cpu|program_counter[2]  ; processor_system:processor|stack_cpu:cpu|stack[5][6]         ; clk          ; clk         ; 1.000        ; 0.254      ; 7.169      ;
; -5.918 ; processor_system:processor|stack_cpu:cpu|operand_register[1] ; processor_system:processor|stack_cpu:cpu|stack[4][3]         ; clk          ; clk         ; 1.000        ; -0.066     ; 6.847      ;
; -5.910 ; processor_system:processor|stack_cpu:cpu|operand_register[3] ; processor_system:processor|stack_cpu:cpu|stack[2][1]         ; clk          ; clk         ; 1.000        ; -0.058     ; 6.847      ;
; -5.909 ; processor_system:processor|stack_cpu:cpu|operand_register[2] ; processor_system:processor|stack_cpu:cpu|stack[2][1]         ; clk          ; clk         ; 1.000        ; -0.058     ; 6.846      ;
; -5.908 ; processor_system:processor|stack_cpu:cpu|program_counter[2]  ; processor_system:processor|stack_cpu:cpu|stack[6][3]         ; clk          ; clk         ; 1.000        ; 0.261      ; 7.164      ;
; -5.906 ; processor_system:processor|stack_cpu:cpu|state.STATE_POP     ; processor_system:processor|stack_cpu:cpu|stack[0][1]         ; clk          ; clk         ; 1.000        ; 0.218      ; 7.119      ;
; -5.904 ; processor_system:processor|stack_cpu:cpu|operand_register[3] ; processor_system:processor|stack_cpu:cpu|stack[4][1]         ; clk          ; clk         ; 1.000        ; -0.070     ; 6.829      ;
; -5.904 ; processor_system:processor|stack_cpu:cpu|operand_register[0] ; processor_system:processor|stack_cpu:cpu|stack[0][1]         ; clk          ; clk         ; 1.000        ; -0.084     ; 6.815      ;
; -5.903 ; processor_system:processor|stack_cpu:cpu|operand_register[2] ; processor_system:processor|stack_cpu:cpu|stack[4][1]         ; clk          ; clk         ; 1.000        ; -0.070     ; 6.828      ;
; -5.900 ; processor_system:processor|stack_cpu:cpu|program_counter[0]  ; processor_system:processor|stack_cpu:cpu|stack[6][3]         ; clk          ; clk         ; 1.000        ; 0.261      ; 7.156      ;
; -5.893 ; processor_system:processor|stack_cpu:cpu|state.STATE_PUSH    ; processor_system:processor|stack_cpu:cpu|operand_register[3] ; clk          ; clk         ; 1.000        ; 0.232      ; 7.120      ;
; -5.893 ; processor_system:processor|stack_cpu:cpu|operand_register[1] ; processor_system:processor|stack_cpu:cpu|stack[6][3]         ; clk          ; clk         ; 1.000        ; -0.041     ; 6.847      ;
; -5.893 ; processor_system:processor|stack_cpu:cpu|operand_register[0] ; processor_system:processor|stack_cpu:cpu|operand_register[3] ; clk          ; clk         ; 1.000        ; -0.070     ; 6.818      ;
; -5.891 ; processor_system:processor|stack_cpu:cpu|program_counter[3]  ; processor_system:processor|stack_cpu:cpu|stack[7][6]         ; clk          ; clk         ; 1.000        ; 0.218      ; 7.104      ;
; -5.886 ; processor_system:processor|stack_cpu:cpu|state.STATE_PUSH    ; processor_system:processor|stack_cpu:cpu|stack[3][6]         ; clk          ; clk         ; 1.000        ; 0.216      ; 7.097      ;
; -5.885 ; processor_system:processor|stack_cpu:cpu|operand_register[3] ; processor_system:processor|stack_cpu:cpu|stack[5][1]         ; clk          ; clk         ; 1.000        ; -0.048     ; 6.832      ;
; -5.884 ; processor_system:processor|stack_cpu:cpu|operand_register[2] ; processor_system:processor|stack_cpu:cpu|stack[5][1]         ; clk          ; clk         ; 1.000        ; -0.048     ; 6.831      ;
; -5.881 ; processor_system:processor|stack_cpu:cpu|program_counter[3]  ; processor_system:processor|stack_cpu:cpu|operand_register[1] ; clk          ; clk         ; 1.000        ; 0.232      ; 7.108      ;
; -5.881 ; processor_system:processor|stack_cpu:cpu|state.STATE_POP     ; processor_system:processor|stack_cpu:cpu|stack[2][1]         ; clk          ; clk         ; 1.000        ; 0.244      ; 7.120      ;
; -5.879 ; processor_system:processor|stack_cpu:cpu|operand_register[0] ; processor_system:processor|stack_cpu:cpu|stack[2][1]         ; clk          ; clk         ; 1.000        ; -0.058     ; 6.816      ;
; -5.875 ; processor_system:processor|stack_cpu:cpu|program_counter[2]  ; processor_system:processor|stack_cpu:cpu|stack[0][3]         ; clk          ; clk         ; 1.000        ; 0.218      ; 7.088      ;
; -5.875 ; processor_system:processor|stack_cpu:cpu|state.STATE_POP     ; processor_system:processor|stack_cpu:cpu|stack[4][1]         ; clk          ; clk         ; 1.000        ; 0.232      ; 7.102      ;
; -5.873 ; processor_system:processor|stack_cpu:cpu|operand_register[0] ; processor_system:processor|stack_cpu:cpu|stack[4][1]         ; clk          ; clk         ; 1.000        ; -0.070     ; 6.798      ;
; -5.872 ; processor_system:processor|stack_cpu:cpu|state.STATE_POP     ; processor_system:processor|stack_cpu:cpu|operand_register[3] ; clk          ; clk         ; 1.000        ; 0.232      ; 7.099      ;
; -5.867 ; processor_system:processor|stack_cpu:cpu|program_counter[0]  ; processor_system:processor|stack_cpu:cpu|stack[0][3]         ; clk          ; clk         ; 1.000        ; 0.218      ; 7.080      ;
; -5.867 ; processor_system:processor|stack_cpu:cpu|program_counter[2]  ; processor_system:processor|stack_cpu:cpu|operand_register[1] ; clk          ; clk         ; 1.000        ; 0.232      ; 7.094      ;
; -5.866 ; processor_system:processor|stack_cpu:cpu|operand_register[2] ; processor_system:processor|stack_cpu:cpu|stack[3][6]         ; clk          ; clk         ; 1.000        ; -0.086     ; 6.775      ;
; -5.865 ; processor_system:processor|stack_cpu:cpu|program_counter[3]  ; processor_system:processor|stack_cpu:cpu|stack[4][3]         ; clk          ; clk         ; 1.000        ; 0.236      ; 7.096      ;
; -5.864 ; processor_system:processor|stack_cpu:cpu|state.STATE_PUSH    ; processor_system:processor|stack_cpu:cpu|stack[0][6]         ; clk          ; clk         ; 1.000        ; 0.220      ; 7.079      ;
; -5.862 ; processor_system:processor|stack_cpu:cpu|state.STATE_PUSH    ; processor_system:processor|stack_cpu:cpu|stack[1][6]         ; clk          ; clk         ; 1.000        ; 0.241      ; 7.098      ;
; -5.861 ; processor_system:processor|stack_cpu:cpu|program_counter[2]  ; processor_system:processor|stack_cpu:cpu|stack[3][3]         ; clk          ; clk         ; 1.000        ; 0.243      ; 7.099      ;
; -5.860 ; processor_system:processor|stack_cpu:cpu|operand_register[1] ; processor_system:processor|stack_cpu:cpu|stack[0][3]         ; clk          ; clk         ; 1.000        ; -0.084     ; 6.771      ;
; -5.857 ; processor_system:processor|stack_cpu:cpu|program_counter[2]  ; processor_system:processor|stack_cpu:cpu|stack[5][3]         ; clk          ; clk         ; 1.000        ; 0.228      ; 7.080      ;
; -5.856 ; processor_system:processor|stack_cpu:cpu|state.STATE_POP     ; processor_system:processor|stack_cpu:cpu|stack[5][1]         ; clk          ; clk         ; 1.000        ; 0.254      ; 7.105      ;
; -5.854 ; processor_system:processor|stack_cpu:cpu|operand_register[0] ; processor_system:processor|stack_cpu:cpu|stack[5][1]         ; clk          ; clk         ; 1.000        ; -0.048     ; 6.801      ;
; -5.849 ; processor_system:processor|stack_cpu:cpu|program_counter[0]  ; processor_system:processor|stack_cpu:cpu|stack[5][3]         ; clk          ; clk         ; 1.000        ; 0.228      ; 7.072      ;
; -5.849 ; processor_system:processor|stack_cpu:cpu|program_counter[1]  ; processor_system:processor|stack_cpu:cpu|operand_register[3] ; clk          ; clk         ; 1.000        ; 0.232      ; 7.076      ;
; -5.848 ; processor_system:processor|stack_cpu:cpu|program_counter[2]  ; processor_system:processor|stack_cpu:cpu|stack[2][3]         ; clk          ; clk         ; 1.000        ; 0.244      ; 7.087      ;
; -5.847 ; processor_system:processor|stack_cpu:cpu|program_counter[2]  ; processor_system:processor|stack_cpu:cpu|stack[6][6]         ; clk          ; clk         ; 1.000        ; 0.261      ; 7.103      ;
; -5.845 ; processor_system:processor|stack_cpu:cpu|program_counter[0]  ; processor_system:processor|stack_cpu:cpu|stack[3][3]         ; clk          ; clk         ; 1.000        ; 0.243      ; 7.083      ;
+--------+--------------------------------------------------------------+--------------------------------------------------------------+--------------+-------------+--------------+------------+------------+


+-----------------------------------------------------------------------------------------------------------------------------------------------------------------------------------------------------------------------+
; Slow 1200mV 0C Model Hold: 'clk'                                                                                                                                                                                      ;
+-------+--------------------------------------------------------------------+--------------------------------------------------------------------+--------------+-------------+--------------+------------+------------+
; Slack ; From Node                                                          ; To Node                                                            ; Launch Clock ; Latch Clock ; Relationship ; Clock Skew ; Data Delay ;
+-------+--------------------------------------------------------------------+--------------------------------------------------------------------+--------------+-------------+--------------+------------+------------+
; 0.305 ; processor_system:processor|stack_cpu:cpu|stack_pointer[0]          ; processor_system:processor|stack_cpu:cpu|stack_pointer[0]          ; clk          ; clk         ; 0.000        ; 0.070      ; 0.519      ;
; 0.310 ; processor_system:processor|memory_io:memory_unit|done_led          ; processor_system:processor|memory_io:memory_unit|done_led          ; clk          ; clk         ; 0.000        ; 0.057      ; 0.511      ;
; 0.310 ; processor_system:processor|stack_cpu:cpu|stack_pointer[3]          ; processor_system:processor|stack_cpu:cpu|stack_pointer[3]          ; clk          ; clk         ; 0.000        ; 0.057      ; 0.511      ;
; 0.310 ; processor_system:processor|stack_cpu:cpu|stack_pointer[2]          ; processor_system:processor|stack_cpu:cpu|stack_pointer[2]          ; clk          ; clk         ; 0.000        ; 0.057      ; 0.511      ;
; 0.310 ; processor_system:processor|stack_cpu:cpu|stack_pointer[1]          ; processor_system:processor|stack_cpu:cpu|stack_pointer[1]          ; clk          ; clk         ; 0.000        ; 0.057      ; 0.511      ;
; 0.310 ; processor_system:processor|memory_io:memory_unit|error_led         ; processor_system:processor|memory_io:memory_unit|error_led         ; clk          ; clk         ; 0.000        ; 0.057      ; 0.511      ;
; 0.362 ; processor_system:processor|stack_cpu:cpu|state.STATE_DECODE        ; processor_system:processor|stack_cpu:cpu|state.STATE_JS            ; clk          ; clk         ; 0.000        ; 0.057      ; 0.563      ;
; 0.364 ; processor_system:processor|stack_cpu:cpu|state.STATE_DECODE        ; processor_system:processor|stack_cpu:cpu|state.STATE_JUMP          ; clk          ; clk         ; 0.000        ; 0.057      ; 0.565      ;
; 0.368 ; processor_system:processor|stack_cpu:cpu|state.STATE_DECODE        ; processor_system:processor|stack_cpu:cpu|state.STATE_JZ            ; clk          ; clk         ; 0.000        ; 0.057      ; 0.569      ;
; 0.456 ; processor_system:processor|stack_cpu:cpu|program_counter[7]        ; processor_system:processor|stack_cpu:cpu|program_counter[7]        ; clk          ; clk         ; 0.000        ; 0.057      ; 0.657      ;
; 0.518 ; processor_system:processor|stack_cpu:cpu|program_counter[5]        ; processor_system:processor|stack_cpu:cpu|program_counter[5]        ; clk          ; clk         ; 0.000        ; 0.057      ; 0.719      ;
; 0.518 ; processor_system:processor|stack_cpu:cpu|program_counter[3]        ; processor_system:processor|stack_cpu:cpu|program_counter[3]        ; clk          ; clk         ; 0.000        ; 0.057      ; 0.719      ;
; 0.518 ; processor_system:processor|stack_cpu:cpu|program_counter[6]        ; processor_system:processor|stack_cpu:cpu|program_counter[6]        ; clk          ; clk         ; 0.000        ; 0.057      ; 0.719      ;
; 0.518 ; processor_system:processor|stack_cpu:cpu|program_counter[1]        ; processor_system:processor|stack_cpu:cpu|program_counter[1]        ; clk          ; clk         ; 0.000        ; 0.057      ; 0.719      ;
; 0.518 ; processor_system:processor|stack_cpu:cpu|program_counter[4]        ; processor_system:processor|stack_cpu:cpu|program_counter[4]        ; clk          ; clk         ; 0.000        ; 0.057      ; 0.719      ;
; 0.520 ; processor_system:processor|stack_cpu:cpu|program_counter[2]        ; processor_system:processor|stack_cpu:cpu|program_counter[2]        ; clk          ; clk         ; 0.000        ; 0.057      ; 0.721      ;
; 0.536 ; processor_system:processor|stack_cpu:cpu|program_counter[0]        ; processor_system:processor|stack_cpu:cpu|program_counter[0]        ; clk          ; clk         ; 0.000        ; 0.057      ; 0.737      ;
; 0.664 ; processor_system:processor|stack_cpu:cpu|stack_pointer[2]          ; processor_system:processor|stack_cpu:cpu|stack_pointer[3]          ; clk          ; clk         ; 0.000        ; 0.057      ; 0.865      ;
; 0.709 ; processor_system:processor|stack_cpu:cpu|state.STATE_FETCH_OPERAND ; processor_system:processor|stack_cpu:cpu|state.STATE_FETCH         ; clk          ; clk         ; 0.000        ; 0.057      ; 0.910      ;
; 0.751 ; processor_system:processor|stack_cpu:cpu|state.STATE_FETCH         ; processor_system:processor|stack_cpu:cpu|state.STATE_DECODE        ; clk          ; clk         ; 0.000        ; 0.058      ; 0.953      ;
; 0.763 ; processor_system:processor|stack_cpu:cpu|program_counter[5]        ; processor_system:processor|stack_cpu:cpu|program_counter[6]        ; clk          ; clk         ; 0.000        ; 0.057      ; 0.964      ;
; 0.763 ; processor_system:processor|stack_cpu:cpu|program_counter[3]        ; processor_system:processor|stack_cpu:cpu|program_counter[4]        ; clk          ; clk         ; 0.000        ; 0.057      ; 0.964      ;
; 0.763 ; processor_system:processor|stack_cpu:cpu|program_counter[1]        ; processor_system:processor|stack_cpu:cpu|program_counter[2]        ; clk          ; clk         ; 0.000        ; 0.057      ; 0.964      ;
; 0.767 ; processor_system:processor|stack_cpu:cpu|program_counter[6]        ; processor_system:processor|stack_cpu:cpu|program_counter[7]        ; clk          ; clk         ; 0.000        ; 0.057      ; 0.968      ;
; 0.767 ; processor_system:processor|stack_cpu:cpu|program_counter[4]        ; processor_system:processor|stack_cpu:cpu|program_counter[5]        ; clk          ; clk         ; 0.000        ; 0.057      ; 0.968      ;
; 0.769 ; processor_system:processor|stack_cpu:cpu|program_counter[2]        ; processor_system:processor|stack_cpu:cpu|program_counter[3]        ; clk          ; clk         ; 0.000        ; 0.057      ; 0.970      ;
; 0.769 ; processor_system:processor|stack_cpu:cpu|program_counter[0]        ; processor_system:processor|stack_cpu:cpu|program_counter[1]        ; clk          ; clk         ; 0.000        ; 0.057      ; 0.970      ;
; 0.774 ; processor_system:processor|stack_cpu:cpu|program_counter[4]        ; processor_system:processor|stack_cpu:cpu|program_counter[6]        ; clk          ; clk         ; 0.000        ; 0.057      ; 0.975      ;
; 0.776 ; processor_system:processor|stack_cpu:cpu|program_counter[2]        ; processor_system:processor|stack_cpu:cpu|program_counter[4]        ; clk          ; clk         ; 0.000        ; 0.057      ; 0.977      ;
; 0.776 ; processor_system:processor|stack_cpu:cpu|program_counter[0]        ; processor_system:processor|stack_cpu:cpu|program_counter[2]        ; clk          ; clk         ; 0.000        ; 0.057      ; 0.977      ;
; 0.801 ; processor_system:processor|stack_cpu:cpu|sign_flag                 ; processor_system:processor|stack_cpu:cpu|sign_flag                 ; clk          ; clk         ; 0.000        ; 0.057      ; 1.002      ;
; 0.803 ; processor_system:processor|stack_cpu:cpu|state.STATE_FETCH         ; processor_system:processor|stack_cpu:cpu|state.STATE_FETCH         ; clk          ; clk         ; 0.000        ; 0.057      ; 1.004      ;
; 0.807 ; processor_system:processor|stack_cpu:cpu|state.STATE_SWAP          ; processor_system:processor|stack_cpu:cpu|stack[7][5]               ; clk          ; clk         ; 0.000        ; 0.400      ; 1.351      ;
; 0.835 ; processor_system:processor|stack_cpu:cpu|state.STATE_SWAP          ; processor_system:processor|stack_cpu:cpu|stack[5][5]               ; clk          ; clk         ; 0.000        ; 0.374      ; 1.353      ;
; 0.844 ; processor_system:processor|stack_cpu:cpu|state.STATE_PUSH          ; processor_system:processor|stack_cpu:cpu|stack[5][7]               ; clk          ; clk         ; 0.000        ; 0.388      ; 1.376      ;
; 0.847 ; processor_system:processor|stack_cpu:cpu|state.STATE_FETCH_OPERAND ; processor_system:processor|stack_cpu:cpu|operand_register[5]       ; clk          ; clk         ; 0.000        ; 0.393      ; 1.384      ;
; 0.852 ; processor_system:processor|stack_cpu:cpu|program_counter[5]        ; processor_system:processor|stack_cpu:cpu|program_counter[7]        ; clk          ; clk         ; 0.000        ; 0.057      ; 1.053      ;
; 0.852 ; processor_system:processor|stack_cpu:cpu|program_counter[3]        ; processor_system:processor|stack_cpu:cpu|program_counter[5]        ; clk          ; clk         ; 0.000        ; 0.057      ; 1.053      ;
; 0.852 ; processor_system:processor|stack_cpu:cpu|program_counter[1]        ; processor_system:processor|stack_cpu:cpu|program_counter[3]        ; clk          ; clk         ; 0.000        ; 0.057      ; 1.053      ;
; 0.859 ; processor_system:processor|stack_cpu:cpu|program_counter[3]        ; processor_system:processor|stack_cpu:cpu|program_counter[6]        ; clk          ; clk         ; 0.000        ; 0.057      ; 1.060      ;
; 0.859 ; processor_system:processor|stack_cpu:cpu|program_counter[1]        ; processor_system:processor|stack_cpu:cpu|program_counter[4]        ; clk          ; clk         ; 0.000        ; 0.057      ; 1.060      ;
; 0.863 ; processor_system:processor|stack_cpu:cpu|program_counter[4]        ; processor_system:processor|stack_cpu:cpu|program_counter[7]        ; clk          ; clk         ; 0.000        ; 0.057      ; 1.064      ;
; 0.865 ; processor_system:processor|stack_cpu:cpu|state.STATE_PUSH          ; processor_system:processor|stack_cpu:cpu|stack[4][7]               ; clk          ; clk         ; 0.000        ; 0.362      ; 1.371      ;
; 0.865 ; processor_system:processor|stack_cpu:cpu|program_counter[2]        ; processor_system:processor|stack_cpu:cpu|program_counter[5]        ; clk          ; clk         ; 0.000        ; 0.057      ; 1.066      ;
; 0.865 ; processor_system:processor|stack_cpu:cpu|program_counter[0]        ; processor_system:processor|stack_cpu:cpu|program_counter[3]        ; clk          ; clk         ; 0.000        ; 0.057      ; 1.066      ;
; 0.870 ; processor_system:processor|stack_cpu:cpu|state.STATE_PUSH          ; processor_system:processor|stack_cpu:cpu|stack[4][6]               ; clk          ; clk         ; 0.000        ; 0.362      ; 1.376      ;
; 0.872 ; processor_system:processor|stack_cpu:cpu|program_counter[2]        ; processor_system:processor|stack_cpu:cpu|program_counter[6]        ; clk          ; clk         ; 0.000        ; 0.057      ; 1.073      ;
; 0.872 ; processor_system:processor|stack_cpu:cpu|program_counter[0]        ; processor_system:processor|stack_cpu:cpu|program_counter[4]        ; clk          ; clk         ; 0.000        ; 0.057      ; 1.073      ;
; 0.879 ; processor_system:processor|stack_cpu:cpu|state.STATE_FETCH_OPERAND ; processor_system:processor|stack_cpu:cpu|state.STATE_PUSHC         ; clk          ; clk         ; 0.000        ; 0.066      ; 1.089      ;
; 0.948 ; processor_system:processor|stack_cpu:cpu|program_counter[3]        ; processor_system:processor|stack_cpu:cpu|program_counter[7]        ; clk          ; clk         ; 0.000        ; 0.057      ; 1.149      ;
; 0.948 ; processor_system:processor|stack_cpu:cpu|program_counter[1]        ; processor_system:processor|stack_cpu:cpu|program_counter[5]        ; clk          ; clk         ; 0.000        ; 0.057      ; 1.149      ;
; 0.955 ; processor_system:processor|stack_cpu:cpu|program_counter[1]        ; processor_system:processor|stack_cpu:cpu|program_counter[6]        ; clk          ; clk         ; 0.000        ; 0.057      ; 1.156      ;
; 0.961 ; processor_system:processor|stack_cpu:cpu|program_counter[2]        ; processor_system:processor|stack_cpu:cpu|program_counter[7]        ; clk          ; clk         ; 0.000        ; 0.057      ; 1.162      ;
; 0.961 ; processor_system:processor|stack_cpu:cpu|program_counter[0]        ; processor_system:processor|stack_cpu:cpu|program_counter[5]        ; clk          ; clk         ; 0.000        ; 0.057      ; 1.162      ;
; 0.963 ; processor_system:processor|stack_cpu:cpu|state.STATE_FETCH_OPERAND ; processor_system:processor|stack_cpu:cpu|state.STATE_PUSH          ; clk          ; clk         ; 0.000        ; 0.058      ; 1.165      ;
; 0.968 ; processor_system:processor|stack_cpu:cpu|state.STATE_PUSH          ; processor_system:processor|stack_cpu:cpu|stack[3][5]               ; clk          ; clk         ; 0.000        ; 0.397      ; 1.509      ;
; 0.968 ; processor_system:processor|stack_cpu:cpu|program_counter[0]        ; processor_system:processor|stack_cpu:cpu|program_counter[6]        ; clk          ; clk         ; 0.000        ; 0.057      ; 1.169      ;
; 0.991 ; processor_system:processor|stack_cpu:cpu|stack[1][0]               ; processor_system:processor|stack_cpu:cpu|stack[1][0]               ; clk          ; clk         ; 0.000        ; 0.070      ; 1.205      ;
; 1.022 ; processor_system:processor|stack_cpu:cpu|stack_pointer[0]          ; processor_system:processor|stack_cpu:cpu|stack_pointer[1]          ; clk          ; clk         ; 0.000        ; -0.257     ; 0.909      ;
; 1.044 ; processor_system:processor|stack_cpu:cpu|program_counter[1]        ; processor_system:processor|stack_cpu:cpu|program_counter[7]        ; clk          ; clk         ; 0.000        ; 0.057      ; 1.245      ;
; 1.045 ; processor_system:processor|stack_cpu:cpu|state.STATE_JZ            ; processor_system:processor|stack_cpu:cpu|program_counter[5]        ; clk          ; clk         ; 0.000        ; 0.057      ; 1.246      ;
; 1.045 ; processor_system:processor|stack_cpu:cpu|state.STATE_JZ            ; processor_system:processor|stack_cpu:cpu|program_counter[3]        ; clk          ; clk         ; 0.000        ; 0.057      ; 1.246      ;
; 1.045 ; processor_system:processor|stack_cpu:cpu|state.STATE_JZ            ; processor_system:processor|stack_cpu:cpu|program_counter[0]        ; clk          ; clk         ; 0.000        ; 0.057      ; 1.246      ;
; 1.045 ; processor_system:processor|stack_cpu:cpu|state.STATE_JZ            ; processor_system:processor|stack_cpu:cpu|program_counter[6]        ; clk          ; clk         ; 0.000        ; 0.057      ; 1.246      ;
; 1.045 ; processor_system:processor|stack_cpu:cpu|state.STATE_JZ            ; processor_system:processor|stack_cpu:cpu|program_counter[1]        ; clk          ; clk         ; 0.000        ; 0.057      ; 1.246      ;
; 1.045 ; processor_system:processor|stack_cpu:cpu|state.STATE_JZ            ; processor_system:processor|stack_cpu:cpu|program_counter[2]        ; clk          ; clk         ; 0.000        ; 0.057      ; 1.246      ;
; 1.045 ; processor_system:processor|stack_cpu:cpu|state.STATE_JZ            ; processor_system:processor|stack_cpu:cpu|program_counter[4]        ; clk          ; clk         ; 0.000        ; 0.057      ; 1.246      ;
; 1.045 ; processor_system:processor|stack_cpu:cpu|state.STATE_JZ            ; processor_system:processor|stack_cpu:cpu|program_counter[7]        ; clk          ; clk         ; 0.000        ; 0.057      ; 1.246      ;
; 1.057 ; processor_system:processor|stack_cpu:cpu|program_counter[0]        ; processor_system:processor|stack_cpu:cpu|program_counter[7]        ; clk          ; clk         ; 0.000        ; 0.057      ; 1.258      ;
; 1.060 ; processor_system:processor|stack_cpu:cpu|state.STATE_DECODE        ; processor_system:processor|stack_cpu:cpu|state.STATE_FETCH         ; clk          ; clk         ; 0.000        ; 0.056      ; 1.260      ;
; 1.067 ; processor_system:processor|stack_cpu:cpu|state.STATE_DECODE        ; processor_system:processor|stack_cpu:cpu|state.STATE_SWAP          ; clk          ; clk         ; 0.000        ; 0.056      ; 1.267      ;
; 1.068 ; processor_system:processor|stack_cpu:cpu|state.STATE_DECODE        ; processor_system:processor|stack_cpu:cpu|state.STATE_CMP           ; clk          ; clk         ; 0.000        ; 0.056      ; 1.268      ;
; 1.068 ; processor_system:processor|stack_cpu:cpu|state.STATE_DECODE        ; processor_system:processor|stack_cpu:cpu|state.STATE_FETCH_OPERAND ; clk          ; clk         ; 0.000        ; 0.056      ; 1.268      ;
; 1.071 ; processor_system:processor|stack_cpu:cpu|state.STATE_DECODE        ; processor_system:processor|stack_cpu:cpu|state.STATE_SHL           ; clk          ; clk         ; 0.000        ; 0.056      ; 1.271      ;
; 1.078 ; processor_system:processor|stack_cpu:cpu|state.STATE_PUSH          ; processor_system:processor|stack_cpu:cpu|stack[0][6]               ; clk          ; clk         ; 0.000        ; 0.364      ; 1.586      ;
; 1.097 ; processor_system:processor|stack_cpu:cpu|state.STATE_PUSH          ; processor_system:processor|stack_cpu:cpu|stack[5][1]               ; clk          ; clk         ; 0.000        ; 0.400      ; 1.641      ;
; 1.097 ; processor_system:processor|stack_cpu:cpu|state.STATE_PUSH          ; processor_system:processor|stack_cpu:cpu|stack[5][6]               ; clk          ; clk         ; 0.000        ; 0.400      ; 1.641      ;
; 1.104 ; processor_system:processor|stack_cpu:cpu|stack_pointer[2]          ; processor_system:processor|stack_cpu:cpu|stack[3][0]               ; clk          ; clk         ; 0.000        ; 0.382      ; 1.630      ;
; 1.113 ; processor_system:processor|stack_cpu:cpu|stack_pointer[2]          ; processor_system:processor|stack_cpu:cpu|stack[4][0]               ; clk          ; clk         ; 0.000        ; 0.382      ; 1.639      ;
; 1.118 ; processor_system:processor|stack_cpu:cpu|state.STATE_JUMP          ; processor_system:processor|stack_cpu:cpu|program_counter[5]        ; clk          ; clk         ; 0.000        ; 0.057      ; 1.319      ;
; 1.118 ; processor_system:processor|stack_cpu:cpu|state.STATE_JUMP          ; processor_system:processor|stack_cpu:cpu|program_counter[3]        ; clk          ; clk         ; 0.000        ; 0.057      ; 1.319      ;
; 1.118 ; processor_system:processor|stack_cpu:cpu|state.STATE_JUMP          ; processor_system:processor|stack_cpu:cpu|program_counter[0]        ; clk          ; clk         ; 0.000        ; 0.057      ; 1.319      ;
; 1.118 ; processor_system:processor|stack_cpu:cpu|state.STATE_JUMP          ; processor_system:processor|stack_cpu:cpu|program_counter[6]        ; clk          ; clk         ; 0.000        ; 0.057      ; 1.319      ;
; 1.118 ; processor_system:processor|stack_cpu:cpu|state.STATE_JUMP          ; processor_system:processor|stack_cpu:cpu|program_counter[1]        ; clk          ; clk         ; 0.000        ; 0.057      ; 1.319      ;
; 1.118 ; processor_system:processor|stack_cpu:cpu|state.STATE_JUMP          ; processor_system:processor|stack_cpu:cpu|program_counter[2]        ; clk          ; clk         ; 0.000        ; 0.057      ; 1.319      ;
; 1.118 ; processor_system:processor|stack_cpu:cpu|state.STATE_JUMP          ; processor_system:processor|stack_cpu:cpu|program_counter[4]        ; clk          ; clk         ; 0.000        ; 0.057      ; 1.319      ;
; 1.118 ; processor_system:processor|stack_cpu:cpu|state.STATE_JUMP          ; processor_system:processor|stack_cpu:cpu|program_counter[7]        ; clk          ; clk         ; 0.000        ; 0.057      ; 1.319      ;
; 1.120 ; processor_system:processor|stack_cpu:cpu|state.STATE_PUSH          ; processor_system:processor|stack_cpu:cpu|stack[4][1]               ; clk          ; clk         ; 0.000        ; 0.377      ; 1.641      ;
; 1.122 ; processor_system:processor|stack_cpu:cpu|state.STATE_JS            ; processor_system:processor|stack_cpu:cpu|program_counter[5]        ; clk          ; clk         ; 0.000        ; 0.057      ; 1.323      ;
; 1.122 ; processor_system:processor|stack_cpu:cpu|state.STATE_JS            ; processor_system:processor|stack_cpu:cpu|program_counter[3]        ; clk          ; clk         ; 0.000        ; 0.057      ; 1.323      ;
; 1.122 ; processor_system:processor|stack_cpu:cpu|state.STATE_JS            ; processor_system:processor|stack_cpu:cpu|program_counter[0]        ; clk          ; clk         ; 0.000        ; 0.057      ; 1.323      ;
; 1.122 ; processor_system:processor|stack_cpu:cpu|state.STATE_JS            ; processor_system:processor|stack_cpu:cpu|program_counter[6]        ; clk          ; clk         ; 0.000        ; 0.057      ; 1.323      ;
; 1.122 ; processor_system:processor|stack_cpu:cpu|state.STATE_JS            ; processor_system:processor|stack_cpu:cpu|program_counter[1]        ; clk          ; clk         ; 0.000        ; 0.057      ; 1.323      ;
; 1.122 ; processor_system:processor|stack_cpu:cpu|state.STATE_JS            ; processor_system:processor|stack_cpu:cpu|program_counter[2]        ; clk          ; clk         ; 0.000        ; 0.057      ; 1.323      ;
; 1.122 ; processor_system:processor|stack_cpu:cpu|state.STATE_JS            ; processor_system:processor|stack_cpu:cpu|program_counter[4]        ; clk          ; clk         ; 0.000        ; 0.057      ; 1.323      ;
; 1.122 ; processor_system:processor|stack_cpu:cpu|state.STATE_JS            ; processor_system:processor|stack_cpu:cpu|program_counter[7]        ; clk          ; clk         ; 0.000        ; 0.057      ; 1.323      ;
; 1.125 ; processor_system:processor|stack_cpu:cpu|state.STATE_CMP           ; processor_system:processor|stack_cpu:cpu|sign_flag                 ; clk          ; clk         ; 0.000        ; 0.059      ; 1.328      ;
; 1.158 ; processor_system:processor|stack_cpu:cpu|state.STATE_PUSH          ; processor_system:processor|stack_cpu:cpu|stack[1][1]               ; clk          ; clk         ; 0.000        ; 0.424      ; 1.726      ;
; 1.158 ; processor_system:processor|stack_cpu:cpu|state.STATE_PUSH          ; processor_system:processor|stack_cpu:cpu|stack[1][5]               ; clk          ; clk         ; 0.000        ; 0.424      ; 1.726      ;
; 1.176 ; processor_system:processor|stack_cpu:cpu|state.STATE_PUSH          ; processor_system:processor|stack_cpu:cpu|stack[1][7]               ; clk          ; clk         ; 0.000        ; 0.365      ; 1.685      ;
+-------+--------------------------------------------------------------------+--------------------------------------------------------------------+--------------+-------------+--------------+------------+------------+


----------------------------------------------
; Slow 1200mV 0C Model Metastability Summary ;
----------------------------------------------
No synchronizer chains to report.


+------------------------------------+
; Fast 1200mV 0C Model Setup Summary ;
+-------+--------+-------------------+
; Clock ; Slack  ; End Point TNS     ;
+-------+--------+-------------------+
; clk   ; -3.685 ; -5472.514         ;
+-------+--------+-------------------+


+-----------------------------------+
; Fast 1200mV 0C Model Hold Summary ;
+-------+-------+-------------------+
; Clock ; Slack ; End Point TNS     ;
+-------+-------+-------------------+
; clk   ; 0.186 ; 0.000             ;
+-------+-------+-------------------+


-----------------------------------------
; Fast 1200mV 0C Model Recovery Summary ;
-----------------------------------------
No paths to report.


----------------------------------------
; Fast 1200mV 0C Model Removal Summary ;
----------------------------------------
No paths to report.


+--------------------------------------------------+
; Fast 1200mV 0C Model Minimum Pulse Width Summary ;
+-------+--------+---------------------------------+
; Clock ; Slack  ; End Point TNS                   ;
+-------+--------+---------------------------------+
; clk   ; -3.000 ; -2186.139                       ;
+-------+--------+---------------------------------+


+----------------------------------------------------------------------------------------------------------------------------------------------------------------------------------------------------------------+
; Fast 1200mV 0C Model Setup: 'clk'                                                                                                                                                                              ;
+--------+--------------------------------------------------------------+------------------------------------------------------------------+--------------+-------------+--------------+------------+------------+
; Slack  ; From Node                                                    ; To Node                                                          ; Launch Clock ; Latch Clock ; Relationship ; Clock Skew ; Data Delay ;
+--------+--------------------------------------------------------------+------------------------------------------------------------------+--------------+-------------+--------------+------------+------------+
; -3.685 ; processor_system:processor|stack_cpu:cpu|program_counter[2]  ; processor_system:processor|stack_cpu:cpu|operand_register[0]     ; clk          ; clk         ; 1.000        ; 0.138      ; 4.810      ;
; -3.654 ; processor_system:processor|stack_cpu:cpu|program_counter[3]  ; processor_system:processor|stack_cpu:cpu|operand_register[0]     ; clk          ; clk         ; 1.000        ; 0.138      ; 4.779      ;
; -3.638 ; processor_system:processor|stack_cpu:cpu|state.STATE_PUSH    ; processor_system:processor|stack_cpu:cpu|operand_register[0]     ; clk          ; clk         ; 1.000        ; 0.137      ; 4.762      ;
; -3.619 ; processor_system:processor|stack_cpu:cpu|operand_register[2] ; processor_system:processor|stack_cpu:cpu|operand_register[0]     ; clk          ; clk         ; 1.000        ; -0.045     ; 4.561      ;
; -3.607 ; processor_system:processor|stack_cpu:cpu|program_counter[1]  ; processor_system:processor|stack_cpu:cpu|stack[4][3]             ; clk          ; clk         ; 1.000        ; 0.140      ; 4.734      ;
; -3.603 ; processor_system:processor|stack_cpu:cpu|state.STATE_PUSH    ; processor_system:processor|stack_cpu:cpu|stack[4][3]             ; clk          ; clk         ; 1.000        ; 0.139      ; 4.729      ;
; -3.592 ; processor_system:processor|stack_cpu:cpu|program_counter[1]  ; processor_system:processor|stack_cpu:cpu|stack[6][3]             ; clk          ; clk         ; 1.000        ; 0.154      ; 4.733      ;
; -3.588 ; processor_system:processor|stack_cpu:cpu|state.STATE_PUSH    ; processor_system:processor|stack_cpu:cpu|stack[6][3]             ; clk          ; clk         ; 1.000        ; 0.153      ; 4.728      ;
; -3.586 ; processor_system:processor|stack_cpu:cpu|state.STATE_POP     ; processor_system:processor|stack_cpu:cpu|stack[4][3]             ; clk          ; clk         ; 1.000        ; 0.139      ; 4.712      ;
; -3.584 ; processor_system:processor|stack_cpu:cpu|program_counter[1]  ; processor_system:processor|stack_cpu:cpu|stack[0][3]             ; clk          ; clk         ; 1.000        ; 0.124      ; 4.695      ;
; -3.584 ; processor_system:processor|stack_cpu:cpu|state.STATE_POP     ; processor_system:processor|stack_cpu:cpu|operand_register[0]     ; clk          ; clk         ; 1.000        ; 0.137      ; 4.708      ;
; -3.582 ; processor_system:processor|stack_cpu:cpu|operand_register[0] ; processor_system:processor|stack_cpu:cpu|stack[4][3]             ; clk          ; clk         ; 1.000        ; -0.043     ; 4.526      ;
; -3.580 ; processor_system:processor|stack_cpu:cpu|operand_register[0] ; processor_system:processor|stack_cpu:cpu|operand_register[0]     ; clk          ; clk         ; 1.000        ; -0.045     ; 4.522      ;
; -3.580 ; processor_system:processor|stack_cpu:cpu|state.STATE_PUSH    ; processor_system:processor|stack_cpu:cpu|stack[0][3]             ; clk          ; clk         ; 1.000        ; 0.123      ; 4.690      ;
; -3.575 ; processor_system:processor|stack_cpu:cpu|operand_register[3] ; processor_system:processor|stack_cpu:cpu|operand_register[0]     ; clk          ; clk         ; 1.000        ; -0.045     ; 4.517      ;
; -3.571 ; processor_system:processor|stack_cpu:cpu|state.STATE_POP     ; processor_system:processor|stack_cpu:cpu|stack[6][3]             ; clk          ; clk         ; 1.000        ; 0.153      ; 4.711      ;
; -3.570 ; processor_system:processor|stack_cpu:cpu|program_counter[1]  ; processor_system:processor|stack_cpu:cpu|stack[2][3]             ; clk          ; clk         ; 1.000        ; 0.138      ; 4.695      ;
; -3.567 ; processor_system:processor|stack_cpu:cpu|program_counter[1]  ; processor_system:processor|stack_cpu:cpu|stack[5][3]             ; clk          ; clk         ; 1.000        ; 0.132      ; 4.686      ;
; -3.567 ; processor_system:processor|stack_cpu:cpu|operand_register[0] ; processor_system:processor|stack_cpu:cpu|stack[6][3]             ; clk          ; clk         ; 1.000        ; -0.029     ; 4.525      ;
; -3.566 ; processor_system:processor|stack_cpu:cpu|program_counter[1]  ; processor_system:processor|stack_cpu:cpu|operand_register[0]     ; clk          ; clk         ; 1.000        ; 0.138      ; 4.691      ;
; -3.566 ; processor_system:processor|stack_cpu:cpu|state.STATE_PUSH    ; processor_system:processor|stack_cpu:cpu|stack[2][3]             ; clk          ; clk         ; 1.000        ; 0.137      ; 4.690      ;
; -3.563 ; processor_system:processor|stack_cpu:cpu|state.STATE_POP     ; processor_system:processor|stack_cpu:cpu|stack[0][3]             ; clk          ; clk         ; 1.000        ; 0.123      ; 4.673      ;
; -3.563 ; processor_system:processor|stack_cpu:cpu|state.STATE_PUSH    ; processor_system:processor|stack_cpu:cpu|stack[5][3]             ; clk          ; clk         ; 1.000        ; 0.131      ; 4.681      ;
; -3.559 ; processor_system:processor|stack_cpu:cpu|operand_register[0] ; processor_system:processor|stack_cpu:cpu|stack[0][3]             ; clk          ; clk         ; 1.000        ; -0.059     ; 4.487      ;
; -3.553 ; processor_system:processor|stack_cpu:cpu|program_counter[1]  ; processor_system:processor|stack_cpu:cpu|stack[7][3]             ; clk          ; clk         ; 1.000        ; 0.146      ; 4.686      ;
; -3.552 ; processor_system:processor|stack_cpu:cpu|program_counter[2]  ; processor_system:processor|stack_cpu:cpu|stack[0][1]             ; clk          ; clk         ; 1.000        ; 0.124      ; 4.663      ;
; -3.551 ; processor_system:processor|stack_cpu:cpu|state.STATE_PUSH    ; processor_system:processor|stack_cpu:cpu|stack[0][1]             ; clk          ; clk         ; 1.000        ; 0.123      ; 4.661      ;
; -3.549 ; processor_system:processor|stack_cpu:cpu|state.STATE_POP     ; processor_system:processor|stack_cpu:cpu|stack[2][3]             ; clk          ; clk         ; 1.000        ; 0.137      ; 4.673      ;
; -3.549 ; processor_system:processor|stack_cpu:cpu|state.STATE_PUSH    ; processor_system:processor|stack_cpu:cpu|stack[7][3]             ; clk          ; clk         ; 1.000        ; 0.145      ; 4.681      ;
; -3.547 ; processor_system:processor|stack_cpu:cpu|program_counter[1]  ; processor_system:processor|stack_cpu:cpu|stack[3][3]             ; clk          ; clk         ; 1.000        ; 0.138      ; 4.672      ;
; -3.546 ; processor_system:processor|stack_cpu:cpu|state.STATE_POP     ; processor_system:processor|stack_cpu:cpu|stack[5][3]             ; clk          ; clk         ; 1.000        ; 0.131      ; 4.664      ;
; -3.545 ; processor_system:processor|stack_cpu:cpu|operand_register[0] ; processor_system:processor|stack_cpu:cpu|stack[2][3]             ; clk          ; clk         ; 1.000        ; -0.045     ; 4.487      ;
; -3.543 ; processor_system:processor|stack_cpu:cpu|state.STATE_PUSH    ; processor_system:processor|stack_cpu:cpu|stack[3][3]             ; clk          ; clk         ; 1.000        ; 0.137      ; 4.667      ;
; -3.542 ; processor_system:processor|stack_cpu:cpu|operand_register[0] ; processor_system:processor|stack_cpu:cpu|stack[5][3]             ; clk          ; clk         ; 1.000        ; -0.051     ; 4.478      ;
; -3.539 ; processor_system:processor|stack_cpu:cpu|program_counter[2]  ; processor_system:processor|stack_cpu:cpu|stack[2][1]             ; clk          ; clk         ; 1.000        ; 0.138      ; 4.664      ;
; -3.538 ; processor_system:processor|stack_cpu:cpu|state.STATE_PUSH    ; processor_system:processor|stack_cpu:cpu|stack[2][1]             ; clk          ; clk         ; 1.000        ; 0.137      ; 4.662      ;
; -3.535 ; processor_system:processor|stack_cpu:cpu|program_counter[2]  ; processor_system:processor|stack_cpu:cpu|stack[4][1]             ; clk          ; clk         ; 1.000        ; 0.133      ; 4.655      ;
; -3.534 ; processor_system:processor|stack_cpu:cpu|state.STATE_POP     ; processor_system:processor|stack_cpu:cpu|stack[0][1]             ; clk          ; clk         ; 1.000        ; 0.123      ; 4.644      ;
; -3.534 ; processor_system:processor|stack_cpu:cpu|state.STATE_PUSH    ; processor_system:processor|stack_cpu:cpu|stack[4][1]             ; clk          ; clk         ; 1.000        ; 0.132      ; 4.653      ;
; -3.532 ; processor_system:processor|stack_cpu:cpu|program_counter[2]  ; processor_system:processor|stack_cpu:cpu|instruction_register[0] ; clk          ; clk         ; 1.000        ; -0.036     ; 4.483      ;
; -3.532 ; processor_system:processor|stack_cpu:cpu|state.STATE_POP     ; processor_system:processor|stack_cpu:cpu|stack[7][3]             ; clk          ; clk         ; 1.000        ; 0.145      ; 4.664      ;
; -3.530 ; processor_system:processor|stack_cpu:cpu|operand_register[0] ; processor_system:processor|stack_cpu:cpu|stack[0][1]             ; clk          ; clk         ; 1.000        ; -0.059     ; 4.458      ;
; -3.528 ; processor_system:processor|stack_cpu:cpu|operand_register[0] ; processor_system:processor|stack_cpu:cpu|stack[7][3]             ; clk          ; clk         ; 1.000        ; -0.037     ; 4.478      ;
; -3.527 ; processor_system:processor|stack_cpu:cpu|program_counter[3]  ; processor_system:processor|stack_cpu:cpu|stack[0][1]             ; clk          ; clk         ; 1.000        ; 0.124      ; 4.638      ;
; -3.526 ; processor_system:processor|stack_cpu:cpu|program_counter[2]  ; processor_system:processor|stack_cpu:cpu|stack[5][1]             ; clk          ; clk         ; 1.000        ; 0.145      ; 4.658      ;
; -3.526 ; processor_system:processor|stack_cpu:cpu|state.STATE_POP     ; processor_system:processor|stack_cpu:cpu|stack[3][3]             ; clk          ; clk         ; 1.000        ; 0.137      ; 4.650      ;
; -3.525 ; processor_system:processor|stack_cpu:cpu|state.STATE_PUSH    ; processor_system:processor|stack_cpu:cpu|stack[5][1]             ; clk          ; clk         ; 1.000        ; 0.144      ; 4.656      ;
; -3.522 ; processor_system:processor|stack_cpu:cpu|operand_register[0] ; processor_system:processor|stack_cpu:cpu|stack[3][3]             ; clk          ; clk         ; 1.000        ; -0.045     ; 4.464      ;
; -3.521 ; processor_system:processor|stack_cpu:cpu|state.STATE_POP     ; processor_system:processor|stack_cpu:cpu|stack[2][1]             ; clk          ; clk         ; 1.000        ; 0.137      ; 4.645      ;
; -3.518 ; processor_system:processor|stack_cpu:cpu|operand_register[1] ; processor_system:processor|stack_cpu:cpu|stack[4][3]             ; clk          ; clk         ; 1.000        ; -0.043     ; 4.462      ;
; -3.517 ; processor_system:processor|stack_cpu:cpu|operand_register[0] ; processor_system:processor|stack_cpu:cpu|stack[2][1]             ; clk          ; clk         ; 1.000        ; -0.045     ; 4.459      ;
; -3.517 ; processor_system:processor|stack_cpu:cpu|state.STATE_POP     ; processor_system:processor|stack_cpu:cpu|stack[4][1]             ; clk          ; clk         ; 1.000        ; 0.132      ; 4.636      ;
; -3.514 ; processor_system:processor|stack_cpu:cpu|program_counter[3]  ; processor_system:processor|stack_cpu:cpu|stack[2][1]             ; clk          ; clk         ; 1.000        ; 0.138      ; 4.639      ;
; -3.513 ; processor_system:processor|stack_cpu:cpu|operand_register[0] ; processor_system:processor|stack_cpu:cpu|stack[4][1]             ; clk          ; clk         ; 1.000        ; -0.050     ; 4.450      ;
; -3.510 ; processor_system:processor|stack_cpu:cpu|program_counter[2]  ; processor_system:processor|stack_cpu:cpu|stack[7][6]             ; clk          ; clk         ; 1.000        ; 0.124      ; 4.621      ;
; -3.510 ; processor_system:processor|stack_cpu:cpu|program_counter[3]  ; processor_system:processor|stack_cpu:cpu|stack[4][1]             ; clk          ; clk         ; 1.000        ; 0.133      ; 4.630      ;
; -3.508 ; processor_system:processor|stack_cpu:cpu|state.STATE_POP     ; processor_system:processor|stack_cpu:cpu|stack[5][1]             ; clk          ; clk         ; 1.000        ; 0.144      ; 4.639      ;
; -3.504 ; processor_system:processor|stack_cpu:cpu|operand_register[0] ; processor_system:processor|stack_cpu:cpu|stack[5][1]             ; clk          ; clk         ; 1.000        ; -0.038     ; 4.453      ;
; -3.503 ; processor_system:processor|stack_cpu:cpu|operand_register[1] ; processor_system:processor|stack_cpu:cpu|stack[6][3]             ; clk          ; clk         ; 1.000        ; -0.029     ; 4.461      ;
; -3.501 ; processor_system:processor|stack_cpu:cpu|program_counter[3]  ; processor_system:processor|stack_cpu:cpu|instruction_register[0] ; clk          ; clk         ; 1.000        ; -0.036     ; 4.452      ;
; -3.501 ; processor_system:processor|stack_cpu:cpu|program_counter[3]  ; processor_system:processor|stack_cpu:cpu|stack[5][1]             ; clk          ; clk         ; 1.000        ; 0.145      ; 4.633      ;
; -3.500 ; processor_system:processor|stack_cpu:cpu|program_counter[0]  ; processor_system:processor|stack_cpu:cpu|stack[4][3]             ; clk          ; clk         ; 1.000        ; 0.140      ; 4.627      ;
; -3.498 ; processor_system:processor|stack_cpu:cpu|program_counter[0]  ; processor_system:processor|stack_cpu:cpu|operand_register[0]     ; clk          ; clk         ; 1.000        ; 0.138      ; 4.623      ;
; -3.498 ; processor_system:processor|stack_cpu:cpu|program_counter[3]  ; processor_system:processor|stack_cpu:cpu|stack[7][6]             ; clk          ; clk         ; 1.000        ; 0.124      ; 4.609      ;
; -3.495 ; processor_system:processor|stack_cpu:cpu|operand_register[1] ; processor_system:processor|stack_cpu:cpu|stack[0][3]             ; clk          ; clk         ; 1.000        ; -0.059     ; 4.423      ;
; -3.487 ; processor_system:processor|stack_cpu:cpu|program_counter[2]  ; processor_system:processor|stack_cpu:cpu|stack[3][6]             ; clk          ; clk         ; 1.000        ; 0.122      ; 4.596      ;
; -3.486 ; processor_system:processor|stack_cpu:cpu|operand_register[2] ; processor_system:processor|stack_cpu:cpu|stack[0][1]             ; clk          ; clk         ; 1.000        ; -0.059     ; 4.414      ;
; -3.485 ; processor_system:processor|stack_cpu:cpu|program_counter[0]  ; processor_system:processor|stack_cpu:cpu|stack[6][3]             ; clk          ; clk         ; 1.000        ; 0.154      ; 4.626      ;
; -3.485 ; processor_system:processor|stack_cpu:cpu|state.STATE_PUSH    ; processor_system:processor|stack_cpu:cpu|instruction_register[0] ; clk          ; clk         ; 1.000        ; -0.037     ; 4.435      ;
; -3.482 ; processor_system:processor|stack_cpu:cpu|program_counter[1]  ; processor_system:processor|stack_cpu:cpu|stack[0][1]             ; clk          ; clk         ; 1.000        ; 0.124      ; 4.593      ;
; -3.481 ; processor_system:processor|stack_cpu:cpu|operand_register[1] ; processor_system:processor|stack_cpu:cpu|stack[2][3]             ; clk          ; clk         ; 1.000        ; -0.045     ; 4.423      ;
; -3.478 ; processor_system:processor|stack_cpu:cpu|operand_register[1] ; processor_system:processor|stack_cpu:cpu|stack[5][3]             ; clk          ; clk         ; 1.000        ; -0.051     ; 4.414      ;
; -3.477 ; processor_system:processor|stack_cpu:cpu|program_counter[0]  ; processor_system:processor|stack_cpu:cpu|stack[0][3]             ; clk          ; clk         ; 1.000        ; 0.124      ; 4.588      ;
; -3.477 ; processor_system:processor|stack_cpu:cpu|operand_register[1] ; processor_system:processor|stack_cpu:cpu|operand_register[0]     ; clk          ; clk         ; 1.000        ; -0.045     ; 4.419      ;
; -3.475 ; processor_system:processor|stack_cpu:cpu|program_counter[2]  ; processor_system:processor|stack_cpu:cpu|stack[4][3]             ; clk          ; clk         ; 1.000        ; 0.140      ; 4.602      ;
; -3.475 ; processor_system:processor|stack_cpu:cpu|program_counter[3]  ; processor_system:processor|stack_cpu:cpu|stack[3][6]             ; clk          ; clk         ; 1.000        ; 0.122      ; 4.584      ;
; -3.473 ; processor_system:processor|stack_cpu:cpu|program_counter[2]  ; processor_system:processor|stack_cpu:cpu|stack[1][6]             ; clk          ; clk         ; 1.000        ; 0.136      ; 4.596      ;
; -3.473 ; processor_system:processor|stack_cpu:cpu|operand_register[2] ; processor_system:processor|stack_cpu:cpu|stack[2][1]             ; clk          ; clk         ; 1.000        ; -0.045     ; 4.415      ;
; -3.471 ; processor_system:processor|stack_cpu:cpu|program_counter[2]  ; processor_system:processor|stack_cpu:cpu|stack[0][6]             ; clk          ; clk         ; 1.000        ; 0.124      ; 4.582      ;
; -3.469 ; processor_system:processor|stack_cpu:cpu|program_counter[1]  ; processor_system:processor|stack_cpu:cpu|stack[2][1]             ; clk          ; clk         ; 1.000        ; 0.138      ; 4.594      ;
; -3.469 ; processor_system:processor|stack_cpu:cpu|operand_register[2] ; processor_system:processor|stack_cpu:cpu|stack[4][1]             ; clk          ; clk         ; 1.000        ; -0.050     ; 4.406      ;
; -3.466 ; processor_system:processor|stack_cpu:cpu|operand_register[2] ; processor_system:processor|stack_cpu:cpu|instruction_register[0] ; clk          ; clk         ; 1.000        ; -0.219     ; 4.234      ;
; -3.465 ; processor_system:processor|stack_cpu:cpu|program_counter[1]  ; processor_system:processor|stack_cpu:cpu|stack[4][1]             ; clk          ; clk         ; 1.000        ; 0.133      ; 4.585      ;
; -3.464 ; processor_system:processor|stack_cpu:cpu|operand_register[1] ; processor_system:processor|stack_cpu:cpu|stack[7][3]             ; clk          ; clk         ; 1.000        ; -0.037     ; 4.414      ;
; -3.463 ; processor_system:processor|stack_cpu:cpu|program_counter[0]  ; processor_system:processor|stack_cpu:cpu|stack[2][3]             ; clk          ; clk         ; 1.000        ; 0.138      ; 4.588      ;
; -3.463 ; processor_system:processor|stack_cpu:cpu|state.STATE_PUSH    ; processor_system:processor|stack_cpu:cpu|stack[7][6]             ; clk          ; clk         ; 1.000        ; 0.123      ; 4.573      ;
; -3.461 ; processor_system:processor|stack_cpu:cpu|program_counter[3]  ; processor_system:processor|stack_cpu:cpu|stack[1][6]             ; clk          ; clk         ; 1.000        ; 0.136      ; 4.584      ;
; -3.460 ; processor_system:processor|stack_cpu:cpu|program_counter[2]  ; processor_system:processor|stack_cpu:cpu|stack[6][3]             ; clk          ; clk         ; 1.000        ; 0.154      ; 4.601      ;
; -3.460 ; processor_system:processor|stack_cpu:cpu|program_counter[0]  ; processor_system:processor|stack_cpu:cpu|stack[5][3]             ; clk          ; clk         ; 1.000        ; 0.132      ; 4.579      ;
; -3.460 ; processor_system:processor|stack_cpu:cpu|operand_register[2] ; processor_system:processor|stack_cpu:cpu|stack[5][1]             ; clk          ; clk         ; 1.000        ; -0.038     ; 4.409      ;
; -3.459 ; processor_system:processor|stack_cpu:cpu|program_counter[2]  ; processor_system:processor|stack_cpu:cpu|stack[2][6]             ; clk          ; clk         ; 1.000        ; 0.137      ; 4.583      ;
; -3.459 ; processor_system:processor|stack_cpu:cpu|program_counter[3]  ; processor_system:processor|stack_cpu:cpu|stack[0][6]             ; clk          ; clk         ; 1.000        ; 0.124      ; 4.570      ;
; -3.458 ; processor_system:processor|stack_cpu:cpu|operand_register[1] ; processor_system:processor|stack_cpu:cpu|stack[3][3]             ; clk          ; clk         ; 1.000        ; -0.045     ; 4.400      ;
; -3.456 ; processor_system:processor|stack_cpu:cpu|program_counter[2]  ; processor_system:processor|stack_cpu:cpu|stack[5][6]             ; clk          ; clk         ; 1.000        ; 0.145      ; 4.588      ;
; -3.456 ; processor_system:processor|stack_cpu:cpu|program_counter[1]  ; processor_system:processor|stack_cpu:cpu|stack[5][1]             ; clk          ; clk         ; 1.000        ; 0.145      ; 4.588      ;
; -3.453 ; processor_system:processor|stack_cpu:cpu|program_counter[2]  ; processor_system:processor|stack_cpu:cpu|stack[4][6]             ; clk          ; clk         ; 1.000        ; 0.124      ; 4.564      ;
; -3.452 ; processor_system:processor|stack_cpu:cpu|program_counter[2]  ; processor_system:processor|stack_cpu:cpu|stack[0][3]             ; clk          ; clk         ; 1.000        ; 0.124      ; 4.563      ;
; -3.448 ; processor_system:processor|stack_cpu:cpu|program_counter[0]  ; processor_system:processor|stack_cpu:cpu|stack[0][1]             ; clk          ; clk         ; 1.000        ; 0.124      ; 4.559      ;
; -3.448 ; processor_system:processor|stack_cpu:cpu|operand_register[3] ; processor_system:processor|stack_cpu:cpu|stack[0][1]             ; clk          ; clk         ; 1.000        ; -0.059     ; 4.376      ;
; -3.448 ; processor_system:processor|stack_cpu:cpu|program_counter[3]  ; processor_system:processor|stack_cpu:cpu|stack[4][3]             ; clk          ; clk         ; 1.000        ; 0.140      ; 4.575      ;
+--------+--------------------------------------------------------------+------------------------------------------------------------------+--------------+-------------+--------------+------------+------------+


+-----------------------------------------------------------------------------------------------------------------------------------------------------------------------------------------------------------------------+
; Fast 1200mV 0C Model Hold: 'clk'                                                                                                                                                                                      ;
+-------+--------------------------------------------------------------------+--------------------------------------------------------------------+--------------+-------------+--------------+------------+------------+
; Slack ; From Node                                                          ; To Node                                                            ; Launch Clock ; Latch Clock ; Relationship ; Clock Skew ; Data Delay ;
+-------+--------------------------------------------------------------------+--------------------------------------------------------------------+--------------+-------------+--------------+------------+------------+
; 0.186 ; processor_system:processor|memory_io:memory_unit|done_led          ; processor_system:processor|memory_io:memory_unit|done_led          ; clk          ; clk         ; 0.000        ; 0.037      ; 0.307      ;
; 0.186 ; processor_system:processor|stack_cpu:cpu|stack_pointer[1]          ; processor_system:processor|stack_cpu:cpu|stack_pointer[1]          ; clk          ; clk         ; 0.000        ; 0.037      ; 0.307      ;
; 0.186 ; processor_system:processor|stack_cpu:cpu|stack_pointer[0]          ; processor_system:processor|stack_cpu:cpu|stack_pointer[0]          ; clk          ; clk         ; 0.000        ; 0.044      ; 0.314      ;
; 0.187 ; processor_system:processor|stack_cpu:cpu|stack_pointer[3]          ; processor_system:processor|stack_cpu:cpu|stack_pointer[3]          ; clk          ; clk         ; 0.000        ; 0.036      ; 0.307      ;
; 0.187 ; processor_system:processor|stack_cpu:cpu|stack_pointer[2]          ; processor_system:processor|stack_cpu:cpu|stack_pointer[2]          ; clk          ; clk         ; 0.000        ; 0.036      ; 0.307      ;
; 0.187 ; processor_system:processor|memory_io:memory_unit|error_led         ; processor_system:processor|memory_io:memory_unit|error_led         ; clk          ; clk         ; 0.000        ; 0.036      ; 0.307      ;
; 0.210 ; processor_system:processor|stack_cpu:cpu|state.STATE_DECODE        ; processor_system:processor|stack_cpu:cpu|state.STATE_JS            ; clk          ; clk         ; 0.000        ; 0.037      ; 0.331      ;
; 0.212 ; processor_system:processor|stack_cpu:cpu|state.STATE_DECODE        ; processor_system:processor|stack_cpu:cpu|state.STATE_JUMP          ; clk          ; clk         ; 0.000        ; 0.037      ; 0.333      ;
; 0.215 ; processor_system:processor|stack_cpu:cpu|state.STATE_DECODE        ; processor_system:processor|stack_cpu:cpu|state.STATE_JZ            ; clk          ; clk         ; 0.000        ; 0.037      ; 0.336      ;
; 0.262 ; processor_system:processor|stack_cpu:cpu|program_counter[7]        ; processor_system:processor|stack_cpu:cpu|program_counter[7]        ; clk          ; clk         ; 0.000        ; 0.037      ; 0.383      ;
; 0.308 ; processor_system:processor|stack_cpu:cpu|program_counter[1]        ; processor_system:processor|stack_cpu:cpu|program_counter[1]        ; clk          ; clk         ; 0.000        ; 0.037      ; 0.429      ;
; 0.309 ; processor_system:processor|stack_cpu:cpu|program_counter[5]        ; processor_system:processor|stack_cpu:cpu|program_counter[5]        ; clk          ; clk         ; 0.000        ; 0.037      ; 0.430      ;
; 0.309 ; processor_system:processor|stack_cpu:cpu|program_counter[3]        ; processor_system:processor|stack_cpu:cpu|program_counter[3]        ; clk          ; clk         ; 0.000        ; 0.037      ; 0.430      ;
; 0.309 ; processor_system:processor|stack_cpu:cpu|program_counter[6]        ; processor_system:processor|stack_cpu:cpu|program_counter[6]        ; clk          ; clk         ; 0.000        ; 0.037      ; 0.430      ;
; 0.309 ; processor_system:processor|stack_cpu:cpu|program_counter[2]        ; processor_system:processor|stack_cpu:cpu|program_counter[2]        ; clk          ; clk         ; 0.000        ; 0.037      ; 0.430      ;
; 0.309 ; processor_system:processor|stack_cpu:cpu|program_counter[4]        ; processor_system:processor|stack_cpu:cpu|program_counter[4]        ; clk          ; clk         ; 0.000        ; 0.037      ; 0.430      ;
; 0.320 ; processor_system:processor|stack_cpu:cpu|program_counter[0]        ; processor_system:processor|stack_cpu:cpu|program_counter[0]        ; clk          ; clk         ; 0.000        ; 0.037      ; 0.441      ;
; 0.397 ; processor_system:processor|stack_cpu:cpu|stack_pointer[2]          ; processor_system:processor|stack_cpu:cpu|stack_pointer[3]          ; clk          ; clk         ; 0.000        ; 0.036      ; 0.517      ;
; 0.423 ; processor_system:processor|stack_cpu:cpu|state.STATE_FETCH_OPERAND ; processor_system:processor|stack_cpu:cpu|state.STATE_FETCH         ; clk          ; clk         ; 0.000        ; 0.037      ; 0.544      ;
; 0.445 ; processor_system:processor|stack_cpu:cpu|state.STATE_FETCH         ; processor_system:processor|stack_cpu:cpu|state.STATE_DECODE        ; clk          ; clk         ; 0.000        ; 0.038      ; 0.567      ;
; 0.457 ; processor_system:processor|stack_cpu:cpu|program_counter[1]        ; processor_system:processor|stack_cpu:cpu|program_counter[2]        ; clk          ; clk         ; 0.000        ; 0.037      ; 0.578      ;
; 0.458 ; processor_system:processor|stack_cpu:cpu|program_counter[5]        ; processor_system:processor|stack_cpu:cpu|program_counter[6]        ; clk          ; clk         ; 0.000        ; 0.037      ; 0.579      ;
; 0.458 ; processor_system:processor|stack_cpu:cpu|program_counter[3]        ; processor_system:processor|stack_cpu:cpu|program_counter[4]        ; clk          ; clk         ; 0.000        ; 0.037      ; 0.579      ;
; 0.463 ; processor_system:processor|stack_cpu:cpu|state.STATE_SWAP          ; processor_system:processor|stack_cpu:cpu|stack[7][5]               ; clk          ; clk         ; 0.000        ; 0.243      ; 0.790      ;
; 0.467 ; processor_system:processor|stack_cpu:cpu|program_counter[6]        ; processor_system:processor|stack_cpu:cpu|program_counter[7]        ; clk          ; clk         ; 0.000        ; 0.037      ; 0.588      ;
; 0.467 ; processor_system:processor|stack_cpu:cpu|program_counter[0]        ; processor_system:processor|stack_cpu:cpu|program_counter[1]        ; clk          ; clk         ; 0.000        ; 0.037      ; 0.588      ;
; 0.467 ; processor_system:processor|stack_cpu:cpu|program_counter[4]        ; processor_system:processor|stack_cpu:cpu|program_counter[5]        ; clk          ; clk         ; 0.000        ; 0.037      ; 0.588      ;
; 0.467 ; processor_system:processor|stack_cpu:cpu|program_counter[2]        ; processor_system:processor|stack_cpu:cpu|program_counter[3]        ; clk          ; clk         ; 0.000        ; 0.037      ; 0.588      ;
; 0.470 ; processor_system:processor|stack_cpu:cpu|program_counter[0]        ; processor_system:processor|stack_cpu:cpu|program_counter[2]        ; clk          ; clk         ; 0.000        ; 0.037      ; 0.591      ;
; 0.470 ; processor_system:processor|stack_cpu:cpu|program_counter[4]        ; processor_system:processor|stack_cpu:cpu|program_counter[6]        ; clk          ; clk         ; 0.000        ; 0.037      ; 0.591      ;
; 0.470 ; processor_system:processor|stack_cpu:cpu|program_counter[2]        ; processor_system:processor|stack_cpu:cpu|program_counter[4]        ; clk          ; clk         ; 0.000        ; 0.037      ; 0.591      ;
; 0.471 ; processor_system:processor|stack_cpu:cpu|sign_flag                 ; processor_system:processor|stack_cpu:cpu|sign_flag                 ; clk          ; clk         ; 0.000        ; 0.036      ; 0.591      ;
; 0.478 ; processor_system:processor|stack_cpu:cpu|state.STATE_SWAP          ; processor_system:processor|stack_cpu:cpu|stack[5][5]               ; clk          ; clk         ; 0.000        ; 0.229      ; 0.791      ;
; 0.481 ; processor_system:processor|stack_cpu:cpu|state.STATE_FETCH         ; processor_system:processor|stack_cpu:cpu|state.STATE_FETCH         ; clk          ; clk         ; 0.000        ; 0.037      ; 0.602      ;
; 0.504 ; processor_system:processor|stack_cpu:cpu|state.STATE_PUSH          ; processor_system:processor|stack_cpu:cpu|stack[5][7]               ; clk          ; clk         ; 0.000        ; 0.232      ; 0.820      ;
; 0.506 ; processor_system:processor|stack_cpu:cpu|state.STATE_FETCH_OPERAND ; processor_system:processor|stack_cpu:cpu|operand_register[5]       ; clk          ; clk         ; 0.000        ; 0.237      ; 0.827      ;
; 0.515 ; processor_system:processor|stack_cpu:cpu|state.STATE_PUSH          ; processor_system:processor|stack_cpu:cpu|stack[4][7]               ; clk          ; clk         ; 0.000        ; 0.218      ; 0.817      ;
; 0.519 ; processor_system:processor|stack_cpu:cpu|state.STATE_PUSH          ; processor_system:processor|stack_cpu:cpu|stack[4][6]               ; clk          ; clk         ; 0.000        ; 0.218      ; 0.821      ;
; 0.520 ; processor_system:processor|stack_cpu:cpu|program_counter[1]        ; processor_system:processor|stack_cpu:cpu|program_counter[3]        ; clk          ; clk         ; 0.000        ; 0.037      ; 0.641      ;
; 0.521 ; processor_system:processor|stack_cpu:cpu|state.STATE_FETCH_OPERAND ; processor_system:processor|stack_cpu:cpu|state.STATE_PUSHC         ; clk          ; clk         ; 0.000        ; 0.043      ; 0.648      ;
; 0.521 ; processor_system:processor|stack_cpu:cpu|program_counter[5]        ; processor_system:processor|stack_cpu:cpu|program_counter[7]        ; clk          ; clk         ; 0.000        ; 0.037      ; 0.642      ;
; 0.521 ; processor_system:processor|stack_cpu:cpu|program_counter[3]        ; processor_system:processor|stack_cpu:cpu|program_counter[5]        ; clk          ; clk         ; 0.000        ; 0.037      ; 0.642      ;
; 0.523 ; processor_system:processor|stack_cpu:cpu|program_counter[1]        ; processor_system:processor|stack_cpu:cpu|program_counter[4]        ; clk          ; clk         ; 0.000        ; 0.037      ; 0.644      ;
; 0.524 ; processor_system:processor|stack_cpu:cpu|program_counter[3]        ; processor_system:processor|stack_cpu:cpu|program_counter[6]        ; clk          ; clk         ; 0.000        ; 0.037      ; 0.645      ;
; 0.533 ; processor_system:processor|stack_cpu:cpu|program_counter[0]        ; processor_system:processor|stack_cpu:cpu|program_counter[3]        ; clk          ; clk         ; 0.000        ; 0.037      ; 0.654      ;
; 0.533 ; processor_system:processor|stack_cpu:cpu|program_counter[4]        ; processor_system:processor|stack_cpu:cpu|program_counter[7]        ; clk          ; clk         ; 0.000        ; 0.037      ; 0.654      ;
; 0.533 ; processor_system:processor|stack_cpu:cpu|program_counter[2]        ; processor_system:processor|stack_cpu:cpu|program_counter[5]        ; clk          ; clk         ; 0.000        ; 0.037      ; 0.654      ;
; 0.536 ; processor_system:processor|stack_cpu:cpu|program_counter[0]        ; processor_system:processor|stack_cpu:cpu|program_counter[4]        ; clk          ; clk         ; 0.000        ; 0.037      ; 0.657      ;
; 0.536 ; processor_system:processor|stack_cpu:cpu|program_counter[2]        ; processor_system:processor|stack_cpu:cpu|program_counter[6]        ; clk          ; clk         ; 0.000        ; 0.037      ; 0.657      ;
; 0.555 ; processor_system:processor|stack_cpu:cpu|state.STATE_FETCH_OPERAND ; processor_system:processor|stack_cpu:cpu|state.STATE_PUSH          ; clk          ; clk         ; 0.000        ; 0.039      ; 0.678      ;
; 0.570 ; processor_system:processor|stack_cpu:cpu|state.STATE_PUSH          ; processor_system:processor|stack_cpu:cpu|stack[3][5]               ; clk          ; clk         ; 0.000        ; 0.239      ; 0.893      ;
; 0.586 ; processor_system:processor|stack_cpu:cpu|program_counter[1]        ; processor_system:processor|stack_cpu:cpu|program_counter[5]        ; clk          ; clk         ; 0.000        ; 0.037      ; 0.707      ;
; 0.587 ; processor_system:processor|stack_cpu:cpu|program_counter[3]        ; processor_system:processor|stack_cpu:cpu|program_counter[7]        ; clk          ; clk         ; 0.000        ; 0.037      ; 0.708      ;
; 0.589 ; processor_system:processor|stack_cpu:cpu|program_counter[1]        ; processor_system:processor|stack_cpu:cpu|program_counter[6]        ; clk          ; clk         ; 0.000        ; 0.037      ; 0.710      ;
; 0.590 ; processor_system:processor|stack_cpu:cpu|stack[1][0]               ; processor_system:processor|stack_cpu:cpu|stack[1][0]               ; clk          ; clk         ; 0.000        ; 0.045      ; 0.719      ;
; 0.599 ; processor_system:processor|stack_cpu:cpu|stack_pointer[0]          ; processor_system:processor|stack_cpu:cpu|stack_pointer[1]          ; clk          ; clk         ; 0.000        ; -0.150     ; 0.533      ;
; 0.599 ; processor_system:processor|stack_cpu:cpu|program_counter[0]        ; processor_system:processor|stack_cpu:cpu|program_counter[5]        ; clk          ; clk         ; 0.000        ; 0.037      ; 0.720      ;
; 0.599 ; processor_system:processor|stack_cpu:cpu|program_counter[2]        ; processor_system:processor|stack_cpu:cpu|program_counter[7]        ; clk          ; clk         ; 0.000        ; 0.037      ; 0.720      ;
; 0.602 ; processor_system:processor|stack_cpu:cpu|program_counter[0]        ; processor_system:processor|stack_cpu:cpu|program_counter[6]        ; clk          ; clk         ; 0.000        ; 0.037      ; 0.723      ;
; 0.622 ; processor_system:processor|stack_cpu:cpu|state.STATE_DECODE        ; processor_system:processor|stack_cpu:cpu|state.STATE_SWAP          ; clk          ; clk         ; 0.000        ; 0.036      ; 0.742      ;
; 0.622 ; processor_system:processor|stack_cpu:cpu|state.STATE_DECODE        ; processor_system:processor|stack_cpu:cpu|state.STATE_FETCH_OPERAND ; clk          ; clk         ; 0.000        ; 0.036      ; 0.742      ;
; 0.623 ; processor_system:processor|stack_cpu:cpu|state.STATE_JZ            ; processor_system:processor|stack_cpu:cpu|program_counter[5]        ; clk          ; clk         ; 0.000        ; 0.037      ; 0.744      ;
; 0.623 ; processor_system:processor|stack_cpu:cpu|state.STATE_JZ            ; processor_system:processor|stack_cpu:cpu|program_counter[3]        ; clk          ; clk         ; 0.000        ; 0.037      ; 0.744      ;
; 0.623 ; processor_system:processor|stack_cpu:cpu|state.STATE_JZ            ; processor_system:processor|stack_cpu:cpu|program_counter[0]        ; clk          ; clk         ; 0.000        ; 0.037      ; 0.744      ;
; 0.623 ; processor_system:processor|stack_cpu:cpu|state.STATE_JZ            ; processor_system:processor|stack_cpu:cpu|program_counter[6]        ; clk          ; clk         ; 0.000        ; 0.037      ; 0.744      ;
; 0.623 ; processor_system:processor|stack_cpu:cpu|state.STATE_JZ            ; processor_system:processor|stack_cpu:cpu|program_counter[1]        ; clk          ; clk         ; 0.000        ; 0.037      ; 0.744      ;
; 0.623 ; processor_system:processor|stack_cpu:cpu|state.STATE_JZ            ; processor_system:processor|stack_cpu:cpu|program_counter[2]        ; clk          ; clk         ; 0.000        ; 0.037      ; 0.744      ;
; 0.623 ; processor_system:processor|stack_cpu:cpu|state.STATE_JZ            ; processor_system:processor|stack_cpu:cpu|program_counter[4]        ; clk          ; clk         ; 0.000        ; 0.037      ; 0.744      ;
; 0.623 ; processor_system:processor|stack_cpu:cpu|state.STATE_JZ            ; processor_system:processor|stack_cpu:cpu|program_counter[7]        ; clk          ; clk         ; 0.000        ; 0.037      ; 0.744      ;
; 0.623 ; processor_system:processor|stack_cpu:cpu|state.STATE_DECODE        ; processor_system:processor|stack_cpu:cpu|state.STATE_CMP           ; clk          ; clk         ; 0.000        ; 0.036      ; 0.743      ;
; 0.626 ; processor_system:processor|stack_cpu:cpu|state.STATE_DECODE        ; processor_system:processor|stack_cpu:cpu|state.STATE_FETCH         ; clk          ; clk         ; 0.000        ; 0.036      ; 0.746      ;
; 0.627 ; processor_system:processor|stack_cpu:cpu|state.STATE_DECODE        ; processor_system:processor|stack_cpu:cpu|state.STATE_SHL           ; clk          ; clk         ; 0.000        ; 0.036      ; 0.747      ;
; 0.645 ; processor_system:processor|stack_cpu:cpu|state.STATE_PUSH          ; processor_system:processor|stack_cpu:cpu|stack[0][6]               ; clk          ; clk         ; 0.000        ; 0.218      ; 0.947      ;
; 0.650 ; processor_system:processor|stack_cpu:cpu|stack_pointer[2]          ; processor_system:processor|stack_cpu:cpu|stack[4][0]               ; clk          ; clk         ; 0.000        ; 0.229      ; 0.963      ;
; 0.652 ; processor_system:processor|stack_cpu:cpu|program_counter[1]        ; processor_system:processor|stack_cpu:cpu|program_counter[7]        ; clk          ; clk         ; 0.000        ; 0.037      ; 0.773      ;
; 0.662 ; processor_system:processor|stack_cpu:cpu|state.STATE_PUSH          ; processor_system:processor|stack_cpu:cpu|stack[5][1]               ; clk          ; clk         ; 0.000        ; 0.240      ; 0.986      ;
; 0.662 ; processor_system:processor|stack_cpu:cpu|state.STATE_PUSH          ; processor_system:processor|stack_cpu:cpu|stack[5][6]               ; clk          ; clk         ; 0.000        ; 0.240      ; 0.986      ;
; 0.665 ; processor_system:processor|stack_cpu:cpu|state.STATE_JUMP          ; processor_system:processor|stack_cpu:cpu|program_counter[5]        ; clk          ; clk         ; 0.000        ; 0.037      ; 0.786      ;
; 0.665 ; processor_system:processor|stack_cpu:cpu|state.STATE_JUMP          ; processor_system:processor|stack_cpu:cpu|program_counter[3]        ; clk          ; clk         ; 0.000        ; 0.037      ; 0.786      ;
; 0.665 ; processor_system:processor|stack_cpu:cpu|state.STATE_JUMP          ; processor_system:processor|stack_cpu:cpu|program_counter[0]        ; clk          ; clk         ; 0.000        ; 0.037      ; 0.786      ;
; 0.665 ; processor_system:processor|stack_cpu:cpu|state.STATE_JUMP          ; processor_system:processor|stack_cpu:cpu|program_counter[6]        ; clk          ; clk         ; 0.000        ; 0.037      ; 0.786      ;
; 0.665 ; processor_system:processor|stack_cpu:cpu|state.STATE_JUMP          ; processor_system:processor|stack_cpu:cpu|program_counter[1]        ; clk          ; clk         ; 0.000        ; 0.037      ; 0.786      ;
; 0.665 ; processor_system:processor|stack_cpu:cpu|state.STATE_JUMP          ; processor_system:processor|stack_cpu:cpu|program_counter[2]        ; clk          ; clk         ; 0.000        ; 0.037      ; 0.786      ;
; 0.665 ; processor_system:processor|stack_cpu:cpu|state.STATE_JUMP          ; processor_system:processor|stack_cpu:cpu|program_counter[4]        ; clk          ; clk         ; 0.000        ; 0.037      ; 0.786      ;
; 0.665 ; processor_system:processor|stack_cpu:cpu|state.STATE_JUMP          ; processor_system:processor|stack_cpu:cpu|program_counter[7]        ; clk          ; clk         ; 0.000        ; 0.037      ; 0.786      ;
; 0.665 ; processor_system:processor|stack_cpu:cpu|program_counter[0]        ; processor_system:processor|stack_cpu:cpu|program_counter[7]        ; clk          ; clk         ; 0.000        ; 0.037      ; 0.786      ;
; 0.669 ; processor_system:processor|stack_cpu:cpu|state.STATE_JS            ; processor_system:processor|stack_cpu:cpu|program_counter[5]        ; clk          ; clk         ; 0.000        ; 0.037      ; 0.790      ;
; 0.669 ; processor_system:processor|stack_cpu:cpu|state.STATE_JS            ; processor_system:processor|stack_cpu:cpu|program_counter[3]        ; clk          ; clk         ; 0.000        ; 0.037      ; 0.790      ;
; 0.669 ; processor_system:processor|stack_cpu:cpu|state.STATE_JS            ; processor_system:processor|stack_cpu:cpu|program_counter[0]        ; clk          ; clk         ; 0.000        ; 0.037      ; 0.790      ;
; 0.669 ; processor_system:processor|stack_cpu:cpu|state.STATE_JS            ; processor_system:processor|stack_cpu:cpu|program_counter[6]        ; clk          ; clk         ; 0.000        ; 0.037      ; 0.790      ;
; 0.669 ; processor_system:processor|stack_cpu:cpu|state.STATE_JS            ; processor_system:processor|stack_cpu:cpu|program_counter[1]        ; clk          ; clk         ; 0.000        ; 0.037      ; 0.790      ;
; 0.669 ; processor_system:processor|stack_cpu:cpu|state.STATE_JS            ; processor_system:processor|stack_cpu:cpu|program_counter[2]        ; clk          ; clk         ; 0.000        ; 0.037      ; 0.790      ;
; 0.669 ; processor_system:processor|stack_cpu:cpu|state.STATE_JS            ; processor_system:processor|stack_cpu:cpu|program_counter[4]        ; clk          ; clk         ; 0.000        ; 0.037      ; 0.790      ;
; 0.669 ; processor_system:processor|stack_cpu:cpu|state.STATE_JS            ; processor_system:processor|stack_cpu:cpu|program_counter[7]        ; clk          ; clk         ; 0.000        ; 0.037      ; 0.790      ;
; 0.670 ; processor_system:processor|stack_cpu:cpu|state.STATE_CMP           ; processor_system:processor|stack_cpu:cpu|sign_flag                 ; clk          ; clk         ; 0.000        ; 0.037      ; 0.791      ;
; 0.675 ; processor_system:processor|stack_cpu:cpu|state.STATE_PUSH          ; processor_system:processor|stack_cpu:cpu|stack[4][1]               ; clk          ; clk         ; 0.000        ; 0.227      ; 0.986      ;
; 0.691 ; processor_system:processor|stack_cpu:cpu|state.STATE_PUSH          ; processor_system:processor|stack_cpu:cpu|stack[1][1]               ; clk          ; clk         ; 0.000        ; 0.253      ; 1.028      ;
; 0.691 ; processor_system:processor|stack_cpu:cpu|state.STATE_PUSH          ; processor_system:processor|stack_cpu:cpu|stack[1][5]               ; clk          ; clk         ; 0.000        ; 0.253      ; 1.028      ;
; 0.694 ; processor_system:processor|stack_cpu:cpu|state.STATE_SUB           ; processor_system:processor|stack_cpu:cpu|sign_flag                 ; clk          ; clk         ; 0.000        ; 0.031      ; 0.809      ;
; 0.698 ; processor_system:processor|stack_cpu:cpu|state.STATE_PUSH          ; processor_system:processor|stack_cpu:cpu|stack[2][4]               ; clk          ; clk         ; 0.000        ; 0.238      ; 1.020      ;
+-------+--------------------------------------------------------------------+--------------------------------------------------------------------+--------------+-------------+--------------+------------+------------+


----------------------------------------------
; Fast 1200mV 0C Model Metastability Summary ;
----------------------------------------------
No synchronizer chains to report.


+----------------------------------------------------------------------------------+
; Multicorner Timing Analysis Summary                                              ;
+------------------+------------+-------+----------+---------+---------------------+
; Clock            ; Setup      ; Hold  ; Recovery ; Removal ; Minimum Pulse Width ;
+------------------+------------+-------+----------+---------+---------------------+
; Worst-case Slack ; -6.885     ; 0.186 ; N/A      ; N/A     ; -3.000              ;
;  clk             ; -6.885     ; 0.186 ; N/A      ; N/A     ; -3.000              ;
; Design-wide TNS  ; -11251.87  ; 0.0   ; 0.0      ; 0.0     ; -2186.139           ;
;  clk             ; -11251.870 ; 0.000 ; N/A      ; N/A     ; -2186.139           ;
+------------------+------------+-------+----------+---------+---------------------+


+--------------------------------------------------------------------------------------------------------------------------------------------------------------------------------------------------------------------------------------------------------------------------------------------------------------------------------------------------------------------------------------------------------------------------+
; Board Trace Model Assignments                                                                                                                                                                                                                                                                                                                                                                                            ;
+-----------------------+--------------+-------------------+-------------------------+-------------------------+---------------+---------------------+----------------+------------------+--------+------------------+------------------------+------------------------+--------------+---------------+-----------------+-------+---------------------+--------------------+---------------+-----------------+-------------+
; Pin                   ; I/O Standard ; Near Tline Length ; Near Tline L per Length ; Near Tline C per Length ; Near Series R ; Near Differential R ; Near Pull-up R ; Near Pull-down R ; Near C ; Far Tline Length ; Far Tline L per Length ; Far Tline C per Length ; Far Series R ; Far Pull-up R ; Far Pull-down R ; Far C ; Termination Voltage ; Far Differential R ; EBD File Name ; EBD Signal Name ; EBD Far-end ;
+-----------------------+--------------+-------------------+-------------------------+-------------------------+---------------+---------------------+----------------+------------------+--------+------------------+------------------------+------------------------+--------------+---------------+-----------------+-------+---------------------+--------------------+---------------+-----------------+-------------+
; seven_segment_low[0]  ; 2.5 V        ; 0 in              ; 0 H/in                  ; 0 F/in                  ; short         ; -                   ; open           ; open             ; open   ; 0 in             ; 0 H/in                 ; 0 F/in                 ; short        ; open          ; open            ; open  ; 0 V                 ; -                  ; n/a           ; n/a             ; n/a         ;
; seven_segment_low[1]  ; 2.5 V        ; 0 in              ; 0 H/in                  ; 0 F/in                  ; short         ; -                   ; open           ; open             ; open   ; 0 in             ; 0 H/in                 ; 0 F/in                 ; short        ; open          ; open            ; open  ; 0 V                 ; -                  ; n/a           ; n/a             ; n/a         ;
; seven_segment_low[2]  ; 2.5 V        ; 0 in              ; 0 H/in                  ; 0 F/in                  ; short         ; -                   ; open           ; open             ; open   ; 0 in             ; 0 H/in                 ; 0 F/in                 ; short        ; open          ; open            ; open  ; 0 V                 ; -                  ; n/a           ; n/a             ; n/a         ;
; seven_segment_low[3]  ; 2.5 V        ; 0 in              ; 0 H/in                  ; 0 F/in                  ; short         ; -                   ; open           ; open             ; open   ; 0 in             ; 0 H/in                 ; 0 F/in                 ; short        ; open          ; open            ; open  ; 0 V                 ; -                  ; n/a           ; n/a             ; n/a         ;
; seven_segment_low[4]  ; 2.5 V        ; 0 in              ; 0 H/in                  ; 0 F/in                  ; short         ; -                   ; open           ; open             ; open   ; 0 in             ; 0 H/in                 ; 0 F/in                 ; short        ; open          ; open            ; open  ; 0 V                 ; -                  ; n/a           ; n/a             ; n/a         ;
; seven_segment_low[5]  ; 2.5 V        ; 0 in              ; 0 H/in                  ; 0 F/in                  ; short         ; -                   ; open           ; open             ; open   ; 0 in             ; 0 H/in                 ; 0 F/in                 ; short        ; open          ; open            ; open  ; 0 V                 ; -                  ; n/a           ; n/a             ; n/a         ;
; seven_segment_low[6]  ; 2.5 V        ; 0 in              ; 0 H/in                  ; 0 F/in                  ; short         ; -                   ; open           ; open             ; open   ; 0 in             ; 0 H/in                 ; 0 F/in                 ; short        ; open          ; open            ; open  ; 0 V                 ; -                  ; n/a           ; n/a             ; n/a         ;
; seven_segment_high[0] ; 2.5 V        ; 0 in              ; 0 H/in                  ; 0 F/in                  ; short         ; -                   ; open           ; open             ; open   ; 0 in             ; 0 H/in                 ; 0 F/in                 ; short        ; open          ; open            ; open  ; 0 V                 ; -                  ; n/a           ; n/a             ; n/a         ;
; seven_segment_high[1] ; 2.5 V        ; 0 in              ; 0 H/in                  ; 0 F/in                  ; short         ; -                   ; open           ; open             ; open   ; 0 in             ; 0 H/in                 ; 0 F/in                 ; short        ; open          ; open            ; open  ; 0 V                 ; -                  ; n/a           ; n/a             ; n/a         ;
; seven_segment_high[2] ; 2.5 V        ; 0 in              ; 0 H/in                  ; 0 F/in                  ; short         ; -                   ; open           ; open             ; open   ; 0 in             ; 0 H/in                 ; 0 F/in                 ; short        ; open          ; open            ; open  ; 0 V                 ; -                  ; n/a           ; n/a             ; n/a         ;
; seven_segment_high[3] ; 2.5 V        ; 0 in              ; 0 H/in                  ; 0 F/in                  ; short         ; -                   ; open           ; open             ; open   ; 0 in             ; 0 H/in                 ; 0 F/in                 ; short        ; open          ; open            ; open  ; 0 V                 ; -                  ; n/a           ; n/a             ; n/a         ;
; seven_segment_high[4] ; 2.5 V        ; 0 in              ; 0 H/in                  ; 0 F/in                  ; short         ; -                   ; open           ; open             ; open   ; 0 in             ; 0 H/in                 ; 0 F/in                 ; short        ; open          ; open            ; open  ; 0 V                 ; -                  ; n/a           ; n/a             ; n/a         ;
; seven_segment_high[5] ; 2.5 V        ; 0 in              ; 0 H/in                  ; 0 F/in                  ; short         ; -                   ; open           ; open             ; open   ; 0 in             ; 0 H/in                 ; 0 F/in                 ; short        ; open          ; open            ; open  ; 0 V                 ; -                  ; n/a           ; n/a             ; n/a         ;
; seven_segment_high[6] ; 2.5 V        ; 0 in              ; 0 H/in                  ; 0 F/in                  ; short         ; -                   ; open           ; open             ; open   ; 0 in             ; 0 H/in                 ; 0 F/in                 ; short        ; open          ; open            ; open  ; 0 V                 ; -                  ; n/a           ; n/a             ; n/a         ;
; error_led             ; 2.5 V        ; 0 in              ; 0 H/in                  ; 0 F/in                  ; short         ; -                   ; open           ; open             ; open   ; 0 in             ; 0 H/in                 ; 0 F/in                 ; short        ; open          ; open            ; open  ; 0 V                 ; -                  ; n/a           ; n/a             ; n/a         ;
; done_led              ; 2.5 V        ; 0 in              ; 0 H/in                  ; 0 F/in                  ; short         ; -                   ; open           ; open             ; open   ; 0 in             ; 0 H/in                 ; 0 F/in                 ; short        ; open          ; open            ; open  ; 0 V                 ; -                  ; n/a           ; n/a             ; n/a         ;
; ~ALTERA_NCEO~         ; 2.5 V        ; 0 in              ; 0 H/in                  ; 0 F/in                  ; short         ; -                   ; open           ; open             ; open   ; 0 in             ; 0 H/in                 ; 0 F/in                 ; short        ; open          ; open            ; open  ; 0 V                 ; -                  ; n/a           ; n/a             ; n/a         ;
; ~ALTERA_DCLK~         ; 2.5 V        ; 0 in              ; 0 H/in                  ; 0 F/in                  ; short         ; -                   ; open           ; open             ; open   ; 0 in             ; 0 H/in                 ; 0 F/in                 ; short        ; open          ; open            ; open  ; 0 V                 ; -                  ; n/a           ; n/a             ; n/a         ;
+-----------------------+--------------+-------------------+-------------------------+-------------------------+---------------+---------------------+----------------+------------------+--------+------------------+------------------------+------------------------+--------------+---------------+-----------------+-------+---------------------+--------------------+---------------+-----------------+-------------+


+-------------------------------------------------------------------+
; Input Transition Times                                            ;
+----------------+--------------+-----------------+-----------------+
; Pin            ; I/O Standard ; 10-90 Rise Time ; 90-10 Fall Time ;
+----------------+--------------+-----------------+-----------------+
; clk            ; 2.5 V        ; 2000 ps         ; 2000 ps         ;
; reset          ; 2.5 V        ; 2000 ps         ; 2000 ps         ;
; input_x[0]     ; 2.5 V        ; 2000 ps         ; 2000 ps         ;
; input_x[7]     ; 2.5 V        ; 2000 ps         ; 2000 ps         ;
; input_x[6]     ; 2.5 V        ; 2000 ps         ; 2000 ps         ;
; input_x[5]     ; 2.5 V        ; 2000 ps         ; 2000 ps         ;
; input_x[4]     ; 2.5 V        ; 2000 ps         ; 2000 ps         ;
; input_x[3]     ; 2.5 V        ; 2000 ps         ; 2000 ps         ;
; input_x[2]     ; 2.5 V        ; 2000 ps         ; 2000 ps         ;
; input_x[1]     ; 2.5 V        ; 2000 ps         ; 2000 ps         ;
; ~ALTERA_DATA0~ ; 2.5 V        ; 2000 ps         ; 2000 ps         ;
; ~ALTERA_ASDO~  ; 2.5 V        ; 2000 ps         ; 2000 ps         ;
; ~ALTERA_NCSO~  ; 2.5 V        ; 2000 ps         ; 2000 ps         ;
+----------------+--------------+-----------------+-----------------+


+----------------------------------------------------------------------------------------------------------------------------------------------------------------------------------------------------------------------------------------------------------------------------------------------------------------------------------------------------------------------------------------------------------------------------------------------------------------------------------------------------------------------------------------------------------------------------------------------------------------------------------------------------------------------------------------------------+
; Signal Integrity Metrics (Slow 1200mv 0c Model)                                                                                                                                                                                                                                                                                                                                                                                                                                                                                                                                                                                                                                                    ;
+-----------------------+--------------+---------------------+---------------------+------------------------------+------------------------------+---------------------+---------------------+--------------------------------------+--------------------------------------+-----------------------------+-----------------------------+----------------------------+----------------------------+-----------------------------+-----------------------------+--------------------+--------------------+-------------------------------------+-------------------------------------+----------------------------+----------------------------+---------------------------+---------------------------+
; Pin                   ; I/O Standard ; Board Delay on Rise ; Board Delay on Fall ; Steady State Voh at FPGA Pin ; Steady State Vol at FPGA Pin ; Voh Max at FPGA Pin ; Vol Min at FPGA Pin ; Ringback Voltage on Rise at FPGA Pin ; Ringback Voltage on Fall at FPGA Pin ; 10-90 Rise Time at FPGA Pin ; 90-10 Fall Time at FPGA Pin ; Monotonic Rise at FPGA Pin ; Monotonic Fall at FPGA Pin ; Steady State Voh at Far-end ; Steady State Vol at Far-end ; Voh Max at Far-end ; Vol Min at Far-end ; Ringback Voltage on Rise at Far-end ; Ringback Voltage on Fall at Far-end ; 10-90 Rise Time at Far-end ; 90-10 Fall Time at Far-end ; Monotonic Rise at Far-end ; Monotonic Fall at Far-end ;
+-----------------------+--------------+---------------------+---------------------+------------------------------+------------------------------+---------------------+---------------------+--------------------------------------+--------------------------------------+-----------------------------+-----------------------------+----------------------------+----------------------------+-----------------------------+-----------------------------+--------------------+--------------------+-------------------------------------+-------------------------------------+----------------------------+----------------------------+---------------------------+---------------------------+
; seven_segment_low[0]  ; 2.5 V        ; 0 s                 ; 0 s                 ; 2.32 V                       ; 7.29e-09 V                   ; 2.39 V              ; -0.00317 V          ; 0.179 V                              ; 0.007 V                              ; 4.7e-10 s                   ; 4.72e-10 s                  ; No                         ; Yes                        ; 2.32 V                      ; 7.29e-09 V                  ; 2.39 V             ; -0.00317 V         ; 0.179 V                             ; 0.007 V                             ; 4.7e-10 s                  ; 4.72e-10 s                 ; No                        ; Yes                       ;
; seven_segment_low[1]  ; 2.5 V        ; 0 s                 ; 0 s                 ; 2.32 V                       ; 7.29e-09 V                   ; 2.39 V              ; -0.00317 V          ; 0.179 V                              ; 0.007 V                              ; 4.7e-10 s                   ; 4.72e-10 s                  ; No                         ; Yes                        ; 2.32 V                      ; 7.29e-09 V                  ; 2.39 V             ; -0.00317 V         ; 0.179 V                             ; 0.007 V                             ; 4.7e-10 s                  ; 4.72e-10 s                 ; No                        ; Yes                       ;
; seven_segment_low[2]  ; 2.5 V        ; 0 s                 ; 0 s                 ; 2.32 V                       ; 7.29e-09 V                   ; 2.39 V              ; -0.00317 V          ; 0.179 V                              ; 0.007 V                              ; 4.7e-10 s                   ; 4.72e-10 s                  ; No                         ; Yes                        ; 2.32 V                      ; 7.29e-09 V                  ; 2.39 V             ; -0.00317 V         ; 0.179 V                             ; 0.007 V                             ; 4.7e-10 s                  ; 4.72e-10 s                 ; No                        ; Yes                       ;
; seven_segment_low[3]  ; 2.5 V        ; 0 s                 ; 0 s                 ; 2.32 V                       ; 5.16e-09 V                   ; 2.4 V               ; -0.00557 V          ; 0.238 V                              ; 0.014 V                              ; 2.9e-10 s                   ; 3.48e-10 s                  ; No                         ; Yes                        ; 2.32 V                      ; 5.16e-09 V                  ; 2.4 V              ; -0.00557 V         ; 0.238 V                             ; 0.014 V                             ; 2.9e-10 s                  ; 3.48e-10 s                 ; No                        ; Yes                       ;
; seven_segment_low[4]  ; 2.5 V        ; 0 s                 ; 0 s                 ; 2.32 V                       ; 7.29e-09 V                   ; 2.39 V              ; -0.00339 V          ; 0.206 V                              ; 0.007 V                              ; 2.77e-10 s                  ; 3.24e-10 s                  ; Yes                        ; Yes                        ; 2.32 V                      ; 7.29e-09 V                  ; 2.39 V             ; -0.00339 V         ; 0.206 V                             ; 0.007 V                             ; 2.77e-10 s                 ; 3.24e-10 s                 ; Yes                       ; Yes                       ;
; seven_segment_low[5]  ; 2.5 V        ; 0 s                 ; 0 s                 ; 2.32 V                       ; 7.29e-09 V                   ; 2.39 V              ; -0.00317 V          ; 0.179 V                              ; 0.007 V                              ; 4.7e-10 s                   ; 4.72e-10 s                  ; No                         ; Yes                        ; 2.32 V                      ; 7.29e-09 V                  ; 2.39 V             ; -0.00317 V         ; 0.179 V                             ; 0.007 V                             ; 4.7e-10 s                  ; 4.72e-10 s                 ; No                        ; Yes                       ;
; seven_segment_low[6]  ; 2.5 V        ; 0 s                 ; 0 s                 ; 2.32 V                       ; 7.29e-09 V                   ; 2.39 V              ; -0.00317 V          ; 0.179 V                              ; 0.007 V                              ; 4.7e-10 s                   ; 4.72e-10 s                  ; No                         ; Yes                        ; 2.32 V                      ; 7.29e-09 V                  ; 2.39 V             ; -0.00317 V         ; 0.179 V                             ; 0.007 V                             ; 4.7e-10 s                  ; 4.72e-10 s                 ; No                        ; Yes                       ;
; seven_segment_high[0] ; 2.5 V        ; 0 s                 ; 0 s                 ; 2.32 V                       ; 5.16e-09 V                   ; 2.37 V              ; -0.00861 V          ; 0.168 V                              ; 0.038 V                              ; 6.79e-10 s                  ; 6.49e-10 s                  ; No                         ; Yes                        ; 2.32 V                      ; 5.16e-09 V                  ; 2.37 V             ; -0.00861 V         ; 0.168 V                             ; 0.038 V                             ; 6.79e-10 s                 ; 6.49e-10 s                 ; No                        ; Yes                       ;
; seven_segment_high[1] ; 2.5 V        ; 0 s                 ; 0 s                 ; 2.32 V                       ; 5.16e-09 V                   ; 2.37 V              ; -0.00861 V          ; 0.168 V                              ; 0.038 V                              ; 6.79e-10 s                  ; 6.49e-10 s                  ; No                         ; Yes                        ; 2.32 V                      ; 5.16e-09 V                  ; 2.37 V             ; -0.00861 V         ; 0.168 V                             ; 0.038 V                             ; 6.79e-10 s                 ; 6.49e-10 s                 ; No                        ; Yes                       ;
; seven_segment_high[2] ; 2.5 V        ; 0 s                 ; 0 s                 ; 2.32 V                       ; 5.16e-09 V                   ; 2.34 V              ; -0.00633 V          ; 0.232 V                              ; 0.083 V                              ; 1.94e-09 s                  ; 1.83e-09 s                  ; No                         ; Yes                        ; 2.32 V                      ; 5.16e-09 V                  ; 2.34 V             ; -0.00633 V         ; 0.232 V                             ; 0.083 V                             ; 1.94e-09 s                 ; 1.83e-09 s                 ; No                        ; Yes                       ;
; seven_segment_high[3] ; 2.5 V        ; 0 s                 ; 0 s                 ; 2.32 V                       ; 5.16e-09 V                   ; 2.37 V              ; -0.00861 V          ; 0.168 V                              ; 0.038 V                              ; 6.79e-10 s                  ; 6.49e-10 s                  ; No                         ; Yes                        ; 2.32 V                      ; 5.16e-09 V                  ; 2.37 V             ; -0.00861 V         ; 0.168 V                             ; 0.038 V                             ; 6.79e-10 s                 ; 6.49e-10 s                 ; No                        ; Yes                       ;
; seven_segment_high[4] ; 2.5 V        ; 0 s                 ; 0 s                 ; 2.32 V                       ; 5.16e-09 V                   ; 2.37 V              ; -0.00861 V          ; 0.168 V                              ; 0.038 V                              ; 6.79e-10 s                  ; 6.49e-10 s                  ; No                         ; Yes                        ; 2.32 V                      ; 5.16e-09 V                  ; 2.37 V             ; -0.00861 V         ; 0.168 V                             ; 0.038 V                             ; 6.79e-10 s                 ; 6.49e-10 s                 ; No                        ; Yes                       ;
; seven_segment_high[5] ; 2.5 V        ; 0 s                 ; 0 s                 ; 2.32 V                       ; 5.16e-09 V                   ; 2.37 V              ; -0.00861 V          ; 0.168 V                              ; 0.038 V                              ; 6.79e-10 s                  ; 6.49e-10 s                  ; No                         ; Yes                        ; 2.32 V                      ; 5.16e-09 V                  ; 2.37 V             ; -0.00861 V         ; 0.168 V                             ; 0.038 V                             ; 6.79e-10 s                 ; 6.49e-10 s                 ; No                        ; Yes                       ;
; seven_segment_high[6] ; 2.5 V        ; 0 s                 ; 0 s                 ; 2.32 V                       ; 5.16e-09 V                   ; 2.4 V               ; -0.00557 V          ; 0.238 V                              ; 0.014 V                              ; 2.9e-10 s                   ; 3.48e-10 s                  ; No                         ; Yes                        ; 2.32 V                      ; 5.16e-09 V                  ; 2.4 V              ; -0.00557 V         ; 0.238 V                             ; 0.014 V                             ; 2.9e-10 s                  ; 3.48e-10 s                 ; No                        ; Yes                       ;
; error_led             ; 2.5 V        ; 0 s                 ; 0 s                 ; 2.32 V                       ; 7.29e-09 V                   ; 2.39 V              ; -0.00339 V          ; 0.206 V                              ; 0.007 V                              ; 2.77e-10 s                  ; 3.24e-10 s                  ; Yes                        ; Yes                        ; 2.32 V                      ; 7.29e-09 V                  ; 2.39 V             ; -0.00339 V         ; 0.206 V                             ; 0.007 V                             ; 2.77e-10 s                 ; 3.24e-10 s                 ; Yes                       ; Yes                       ;
; done_led              ; 2.5 V        ; 0 s                 ; 0 s                 ; 2.32 V                       ; 7.29e-09 V                   ; 2.39 V              ; -0.00317 V          ; 0.179 V                              ; 0.007 V                              ; 4.7e-10 s                   ; 4.72e-10 s                  ; No                         ; Yes                        ; 2.32 V                      ; 7.29e-09 V                  ; 2.39 V             ; -0.00317 V         ; 0.179 V                             ; 0.007 V                             ; 4.7e-10 s                  ; 4.72e-10 s                 ; No                        ; Yes                       ;
; ~ALTERA_NCEO~         ; 2.5 V        ; 0 s                 ; 0 s                 ; 2.32 V                       ; 4.76e-09 V                   ; 2.4 V               ; -0.034 V            ; 0.102 V                              ; 0.065 V                              ; 2.49e-10 s                  ; 3.49e-10 s                  ; Yes                        ; Yes                        ; 2.32 V                      ; 4.76e-09 V                  ; 2.4 V              ; -0.034 V           ; 0.102 V                             ; 0.065 V                             ; 2.49e-10 s                 ; 3.49e-10 s                 ; Yes                       ; Yes                       ;
; ~ALTERA_DCLK~         ; 2.5 V        ; 0 s                 ; 0 s                 ; 2.32 V                       ; 5.95e-09 V                   ; 2.38 V              ; -0.0345 V           ; 0.156 V                              ; 0.089 V                              ; 2.68e-10 s                  ; 2.6e-10 s                   ; Yes                        ; Yes                        ; 2.32 V                      ; 5.95e-09 V                  ; 2.38 V             ; -0.0345 V          ; 0.156 V                             ; 0.089 V                             ; 2.68e-10 s                 ; 2.6e-10 s                  ; Yes                       ; Yes                       ;
+-----------------------+--------------+---------------------+---------------------+------------------------------+------------------------------+---------------------+---------------------+--------------------------------------+--------------------------------------+-----------------------------+-----------------------------+----------------------------+----------------------------+-----------------------------+-----------------------------+--------------------+--------------------+-------------------------------------+-------------------------------------+----------------------------+----------------------------+---------------------------+---------------------------+


+----------------------------------------------------------------------------------------------------------------------------------------------------------------------------------------------------------------------------------------------------------------------------------------------------------------------------------------------------------------------------------------------------------------------------------------------------------------------------------------------------------------------------------------------------------------------------------------------------------------------------------------------------------------------------------------------------+
; Signal Integrity Metrics (Slow 1200mv 85c Model)                                                                                                                                                                                                                                                                                                                                                                                                                                                                                                                                                                                                                                                   ;
+-----------------------+--------------+---------------------+---------------------+------------------------------+------------------------------+---------------------+---------------------+--------------------------------------+--------------------------------------+-----------------------------+-----------------------------+----------------------------+----------------------------+-----------------------------+-----------------------------+--------------------+--------------------+-------------------------------------+-------------------------------------+----------------------------+----------------------------+---------------------------+---------------------------+
; Pin                   ; I/O Standard ; Board Delay on Rise ; Board Delay on Fall ; Steady State Voh at FPGA Pin ; Steady State Vol at FPGA Pin ; Voh Max at FPGA Pin ; Vol Min at FPGA Pin ; Ringback Voltage on Rise at FPGA Pin ; Ringback Voltage on Fall at FPGA Pin ; 10-90 Rise Time at FPGA Pin ; 90-10 Fall Time at FPGA Pin ; Monotonic Rise at FPGA Pin ; Monotonic Fall at FPGA Pin ; Steady State Voh at Far-end ; Steady State Vol at Far-end ; Voh Max at Far-end ; Vol Min at Far-end ; Ringback Voltage on Rise at Far-end ; Ringback Voltage on Fall at Far-end ; 10-90 Rise Time at Far-end ; 90-10 Fall Time at Far-end ; Monotonic Rise at Far-end ; Monotonic Fall at Far-end ;
+-----------------------+--------------+---------------------+---------------------+------------------------------+------------------------------+---------------------+---------------------+--------------------------------------+--------------------------------------+-----------------------------+-----------------------------+----------------------------+----------------------------+-----------------------------+-----------------------------+--------------------+--------------------+-------------------------------------+-------------------------------------+----------------------------+----------------------------+---------------------------+---------------------------+
; seven_segment_low[0]  ; 2.5 V        ; 0 s                 ; 0 s                 ; 2.32 V                       ; 1.21e-06 V                   ; 2.36 V              ; -0.00833 V          ; 0.113 V                              ; 0.035 V                              ; 6.32e-10 s                  ; 5.89e-10 s                  ; No                         ; Yes                        ; 2.32 V                      ; 1.21e-06 V                  ; 2.36 V             ; -0.00833 V         ; 0.113 V                             ; 0.035 V                             ; 6.32e-10 s                 ; 5.89e-10 s                 ; No                        ; Yes                       ;
; seven_segment_low[1]  ; 2.5 V        ; 0 s                 ; 0 s                 ; 2.32 V                       ; 1.21e-06 V                   ; 2.36 V              ; -0.00833 V          ; 0.113 V                              ; 0.035 V                              ; 6.32e-10 s                  ; 5.89e-10 s                  ; No                         ; Yes                        ; 2.32 V                      ; 1.21e-06 V                  ; 2.36 V             ; -0.00833 V         ; 0.113 V                             ; 0.035 V                             ; 6.32e-10 s                 ; 5.89e-10 s                 ; No                        ; Yes                       ;
; seven_segment_low[2]  ; 2.5 V        ; 0 s                 ; 0 s                 ; 2.32 V                       ; 1.21e-06 V                   ; 2.36 V              ; -0.00833 V          ; 0.113 V                              ; 0.035 V                              ; 6.32e-10 s                  ; 5.89e-10 s                  ; No                         ; Yes                        ; 2.32 V                      ; 1.21e-06 V                  ; 2.36 V             ; -0.00833 V         ; 0.113 V                             ; 0.035 V                             ; 6.32e-10 s                 ; 5.89e-10 s                 ; No                        ; Yes                       ;
; seven_segment_low[3]  ; 2.5 V        ; 0 s                 ; 0 s                 ; 2.32 V                       ; 8.13e-07 V                   ; 2.36 V              ; -0.00623 V          ; 0.121 V                              ; 0.03 V                               ; 4.4e-10 s                   ; 4.28e-10 s                  ; Yes                        ; Yes                        ; 2.32 V                      ; 8.13e-07 V                  ; 2.36 V             ; -0.00623 V         ; 0.121 V                             ; 0.03 V                              ; 4.4e-10 s                  ; 4.28e-10 s                 ; Yes                       ; Yes                       ;
; seven_segment_low[4]  ; 2.5 V        ; 0 s                 ; 0 s                 ; 2.32 V                       ; 1.21e-06 V                   ; 2.37 V              ; -0.00606 V          ; 0.107 V                              ; 0.021 V                              ; 4.26e-10 s                  ; 4.03e-10 s                  ; Yes                        ; Yes                        ; 2.32 V                      ; 1.21e-06 V                  ; 2.37 V             ; -0.00606 V         ; 0.107 V                             ; 0.021 V                             ; 4.26e-10 s                 ; 4.03e-10 s                 ; Yes                       ; Yes                       ;
; seven_segment_low[5]  ; 2.5 V        ; 0 s                 ; 0 s                 ; 2.32 V                       ; 1.21e-06 V                   ; 2.36 V              ; -0.00833 V          ; 0.113 V                              ; 0.035 V                              ; 6.32e-10 s                  ; 5.89e-10 s                  ; No                         ; Yes                        ; 2.32 V                      ; 1.21e-06 V                  ; 2.36 V             ; -0.00833 V         ; 0.113 V                             ; 0.035 V                             ; 6.32e-10 s                 ; 5.89e-10 s                 ; No                        ; Yes                       ;
; seven_segment_low[6]  ; 2.5 V        ; 0 s                 ; 0 s                 ; 2.32 V                       ; 1.21e-06 V                   ; 2.36 V              ; -0.00833 V          ; 0.113 V                              ; 0.035 V                              ; 6.32e-10 s                  ; 5.89e-10 s                  ; No                         ; Yes                        ; 2.32 V                      ; 1.21e-06 V                  ; 2.36 V             ; -0.00833 V         ; 0.113 V                             ; 0.035 V                             ; 6.32e-10 s                 ; 5.89e-10 s                 ; No                        ; Yes                       ;
; seven_segment_high[0] ; 2.5 V        ; 0 s                 ; 0 s                 ; 2.32 V                       ; 8.13e-07 V                   ; 2.35 V              ; -0.00662 V          ; 0.129 V                              ; 0.049 V                              ; 8.55e-10 s                  ; 8.01e-10 s                  ; No                         ; Yes                        ; 2.32 V                      ; 8.13e-07 V                  ; 2.35 V             ; -0.00662 V         ; 0.129 V                             ; 0.049 V                             ; 8.55e-10 s                 ; 8.01e-10 s                 ; No                        ; Yes                       ;
; seven_segment_high[1] ; 2.5 V        ; 0 s                 ; 0 s                 ; 2.32 V                       ; 8.13e-07 V                   ; 2.35 V              ; -0.00662 V          ; 0.129 V                              ; 0.049 V                              ; 8.55e-10 s                  ; 8.01e-10 s                  ; No                         ; Yes                        ; 2.32 V                      ; 8.13e-07 V                  ; 2.35 V             ; -0.00662 V         ; 0.129 V                             ; 0.049 V                             ; 8.55e-10 s                 ; 8.01e-10 s                 ; No                        ; Yes                       ;
; seven_segment_high[2] ; 2.5 V        ; 0 s                 ; 0 s                 ; 2.32 V                       ; 8.13e-07 V                   ; 2.33 V              ; -0.00252 V          ; 0.203 V                              ; 0.046 V                              ; 2.34e-09 s                  ; 2.24e-09 s                  ; Yes                        ; Yes                        ; 2.32 V                      ; 8.13e-07 V                  ; 2.33 V             ; -0.00252 V         ; 0.203 V                             ; 0.046 V                             ; 2.34e-09 s                 ; 2.24e-09 s                 ; Yes                       ; Yes                       ;
; seven_segment_high[3] ; 2.5 V        ; 0 s                 ; 0 s                 ; 2.32 V                       ; 8.13e-07 V                   ; 2.35 V              ; -0.00662 V          ; 0.129 V                              ; 0.049 V                              ; 8.55e-10 s                  ; 8.01e-10 s                  ; No                         ; Yes                        ; 2.32 V                      ; 8.13e-07 V                  ; 2.35 V             ; -0.00662 V         ; 0.129 V                             ; 0.049 V                             ; 8.55e-10 s                 ; 8.01e-10 s                 ; No                        ; Yes                       ;
; seven_segment_high[4] ; 2.5 V        ; 0 s                 ; 0 s                 ; 2.32 V                       ; 8.13e-07 V                   ; 2.35 V              ; -0.00662 V          ; 0.129 V                              ; 0.049 V                              ; 8.55e-10 s                  ; 8.01e-10 s                  ; No                         ; Yes                        ; 2.32 V                      ; 8.13e-07 V                  ; 2.35 V             ; -0.00662 V         ; 0.129 V                             ; 0.049 V                             ; 8.55e-10 s                 ; 8.01e-10 s                 ; No                        ; Yes                       ;
; seven_segment_high[5] ; 2.5 V        ; 0 s                 ; 0 s                 ; 2.32 V                       ; 8.13e-07 V                   ; 2.35 V              ; -0.00662 V          ; 0.129 V                              ; 0.049 V                              ; 8.55e-10 s                  ; 8.01e-10 s                  ; No                         ; Yes                        ; 2.32 V                      ; 8.13e-07 V                  ; 2.35 V             ; -0.00662 V         ; 0.129 V                             ; 0.049 V                             ; 8.55e-10 s                 ; 8.01e-10 s                 ; No                        ; Yes                       ;
; seven_segment_high[6] ; 2.5 V        ; 0 s                 ; 0 s                 ; 2.32 V                       ; 8.13e-07 V                   ; 2.36 V              ; -0.00623 V          ; 0.121 V                              ; 0.03 V                               ; 4.4e-10 s                   ; 4.28e-10 s                  ; Yes                        ; Yes                        ; 2.32 V                      ; 8.13e-07 V                  ; 2.36 V             ; -0.00623 V         ; 0.121 V                             ; 0.03 V                              ; 4.4e-10 s                  ; 4.28e-10 s                 ; Yes                       ; Yes                       ;
; error_led             ; 2.5 V        ; 0 s                 ; 0 s                 ; 2.32 V                       ; 1.21e-06 V                   ; 2.37 V              ; -0.00606 V          ; 0.107 V                              ; 0.021 V                              ; 4.26e-10 s                  ; 4.03e-10 s                  ; Yes                        ; Yes                        ; 2.32 V                      ; 1.21e-06 V                  ; 2.37 V             ; -0.00606 V         ; 0.107 V                             ; 0.021 V                             ; 4.26e-10 s                 ; 4.03e-10 s                 ; Yes                       ; Yes                       ;
; done_led              ; 2.5 V        ; 0 s                 ; 0 s                 ; 2.32 V                       ; 1.21e-06 V                   ; 2.36 V              ; -0.00833 V          ; 0.113 V                              ; 0.035 V                              ; 6.32e-10 s                  ; 5.89e-10 s                  ; No                         ; Yes                        ; 2.32 V                      ; 1.21e-06 V                  ; 2.36 V             ; -0.00833 V         ; 0.113 V                             ; 0.035 V                             ; 6.32e-10 s                 ; 5.89e-10 s                 ; No                        ; Yes                       ;
; ~ALTERA_NCEO~         ; 2.5 V        ; 0 s                 ; 0 s                 ; 2.32 V                       ; 7.93e-07 V                   ; 2.37 V              ; -0.0278 V           ; 0.106 V                              ; 0.115 V                              ; 2.69e-10 s                  ; 4.05e-10 s                  ; Yes                        ; Yes                        ; 2.32 V                      ; 7.93e-07 V                  ; 2.37 V             ; -0.0278 V          ; 0.106 V                             ; 0.115 V                             ; 2.69e-10 s                 ; 4.05e-10 s                 ; Yes                       ; Yes                       ;
; ~ALTERA_DCLK~         ; 2.5 V        ; 0 s                 ; 0 s                 ; 2.32 V                       ; 9.76e-07 V                   ; 2.36 V              ; -0.00505 V          ; 0.088 V                              ; 0.006 V                              ; 4.05e-10 s                  ; 3.35e-10 s                  ; Yes                        ; Yes                        ; 2.32 V                      ; 9.76e-07 V                  ; 2.36 V             ; -0.00505 V         ; 0.088 V                             ; 0.006 V                             ; 4.05e-10 s                 ; 3.35e-10 s                 ; Yes                       ; Yes                       ;
+-----------------------+--------------+---------------------+---------------------+------------------------------+------------------------------+---------------------+---------------------+--------------------------------------+--------------------------------------+-----------------------------+-----------------------------+----------------------------+----------------------------+-----------------------------+-----------------------------+--------------------+--------------------+-------------------------------------+-------------------------------------+----------------------------+----------------------------+---------------------------+---------------------------+


+----------------------------------------------------------------------------------------------------------------------------------------------------------------------------------------------------------------------------------------------------------------------------------------------------------------------------------------------------------------------------------------------------------------------------------------------------------------------------------------------------------------------------------------------------------------------------------------------------------------------------------------------------------------------------------------------------+
; Signal Integrity Metrics (Fast 1200mv 0c Model)                                                                                                                                                                                                                                                                                                                                                                                                                                                                                                                                                                                                                                                    ;
+-----------------------+--------------+---------------------+---------------------+------------------------------+------------------------------+---------------------+---------------------+--------------------------------------+--------------------------------------+-----------------------------+-----------------------------+----------------------------+----------------------------+-----------------------------+-----------------------------+--------------------+--------------------+-------------------------------------+-------------------------------------+----------------------------+----------------------------+---------------------------+---------------------------+
; Pin                   ; I/O Standard ; Board Delay on Rise ; Board Delay on Fall ; Steady State Voh at FPGA Pin ; Steady State Vol at FPGA Pin ; Voh Max at FPGA Pin ; Vol Min at FPGA Pin ; Ringback Voltage on Rise at FPGA Pin ; Ringback Voltage on Fall at FPGA Pin ; 10-90 Rise Time at FPGA Pin ; 90-10 Fall Time at FPGA Pin ; Monotonic Rise at FPGA Pin ; Monotonic Fall at FPGA Pin ; Steady State Voh at Far-end ; Steady State Vol at Far-end ; Voh Max at Far-end ; Vol Min at Far-end ; Ringback Voltage on Rise at Far-end ; Ringback Voltage on Fall at Far-end ; 10-90 Rise Time at Far-end ; 90-10 Fall Time at Far-end ; Monotonic Rise at Far-end ; Monotonic Fall at Far-end ;
+-----------------------+--------------+---------------------+---------------------+------------------------------+------------------------------+---------------------+---------------------+--------------------------------------+--------------------------------------+-----------------------------+-----------------------------+----------------------------+----------------------------+-----------------------------+-----------------------------+--------------------+--------------------+-------------------------------------+-------------------------------------+----------------------------+----------------------------+---------------------------+---------------------------+
; seven_segment_low[0]  ; 2.5 V        ; 0 s                 ; 0 s                 ; 2.62 V                       ; 4.66e-08 V                   ; 2.72 V              ; -0.0215 V           ; 0.161 V                              ; 0.061 V                              ; 4.44e-10 s                  ; 4.06e-10 s                  ; No                         ; Yes                        ; 2.62 V                      ; 4.66e-08 V                  ; 2.72 V             ; -0.0215 V          ; 0.161 V                             ; 0.061 V                             ; 4.44e-10 s                 ; 4.06e-10 s                 ; No                        ; Yes                       ;
; seven_segment_low[1]  ; 2.5 V        ; 0 s                 ; 0 s                 ; 2.62 V                       ; 4.66e-08 V                   ; 2.72 V              ; -0.0215 V           ; 0.161 V                              ; 0.061 V                              ; 4.44e-10 s                  ; 4.06e-10 s                  ; No                         ; Yes                        ; 2.62 V                      ; 4.66e-08 V                  ; 2.72 V             ; -0.0215 V          ; 0.161 V                             ; 0.061 V                             ; 4.44e-10 s                 ; 4.06e-10 s                 ; No                        ; Yes                       ;
; seven_segment_low[2]  ; 2.5 V        ; 0 s                 ; 0 s                 ; 2.62 V                       ; 4.66e-08 V                   ; 2.72 V              ; -0.0215 V           ; 0.161 V                              ; 0.061 V                              ; 4.44e-10 s                  ; 4.06e-10 s                  ; No                         ; Yes                        ; 2.62 V                      ; 4.66e-08 V                  ; 2.72 V             ; -0.0215 V          ; 0.161 V                             ; 0.061 V                             ; 4.44e-10 s                 ; 4.06e-10 s                 ; No                        ; Yes                       ;
; seven_segment_low[3]  ; 2.5 V        ; 0 s                 ; 0 s                 ; 2.62 V                       ; 3.16e-08 V                   ; 2.72 V              ; -0.0199 V           ; 0.186 V                              ; 0.027 V                              ; 2.63e-10 s                  ; 2.76e-10 s                  ; Yes                        ; Yes                        ; 2.62 V                      ; 3.16e-08 V                  ; 2.72 V             ; -0.0199 V          ; 0.186 V                             ; 0.027 V                             ; 2.63e-10 s                 ; 2.76e-10 s                 ; Yes                       ; Yes                       ;
; seven_segment_low[4]  ; 2.5 V        ; 0 s                 ; 0 s                 ; 2.62 V                       ; 4.66e-08 V                   ; 2.73 V              ; -0.0205 V           ; 0.17 V                               ; 0.027 V                              ; 2.58e-10 s                  ; 2.57e-10 s                  ; Yes                        ; Yes                        ; 2.62 V                      ; 4.66e-08 V                  ; 2.73 V             ; -0.0205 V          ; 0.17 V                              ; 0.027 V                             ; 2.58e-10 s                 ; 2.57e-10 s                 ; Yes                       ; Yes                       ;
; seven_segment_low[5]  ; 2.5 V        ; 0 s                 ; 0 s                 ; 2.62 V                       ; 4.66e-08 V                   ; 2.72 V              ; -0.0215 V           ; 0.161 V                              ; 0.061 V                              ; 4.44e-10 s                  ; 4.06e-10 s                  ; No                         ; Yes                        ; 2.62 V                      ; 4.66e-08 V                  ; 2.72 V             ; -0.0215 V          ; 0.161 V                             ; 0.061 V                             ; 4.44e-10 s                 ; 4.06e-10 s                 ; No                        ; Yes                       ;
; seven_segment_low[6]  ; 2.5 V        ; 0 s                 ; 0 s                 ; 2.62 V                       ; 4.66e-08 V                   ; 2.72 V              ; -0.0215 V           ; 0.161 V                              ; 0.061 V                              ; 4.44e-10 s                  ; 4.06e-10 s                  ; No                         ; Yes                        ; 2.62 V                      ; 4.66e-08 V                  ; 2.72 V             ; -0.0215 V          ; 0.161 V                             ; 0.061 V                             ; 4.44e-10 s                 ; 4.06e-10 s                 ; No                        ; Yes                       ;
; seven_segment_high[0] ; 2.5 V        ; 0 s                 ; 0 s                 ; 2.62 V                       ; 3.16e-08 V                   ; 2.71 V              ; -0.0171 V           ; 0.273 V                              ; 0.065 V                              ; 4.95e-10 s                  ; 5.37e-10 s                  ; No                         ; Yes                        ; 2.62 V                      ; 3.16e-08 V                  ; 2.71 V             ; -0.0171 V          ; 0.273 V                             ; 0.065 V                             ; 4.95e-10 s                 ; 5.37e-10 s                 ; No                        ; Yes                       ;
; seven_segment_high[1] ; 2.5 V        ; 0 s                 ; 0 s                 ; 2.62 V                       ; 3.16e-08 V                   ; 2.71 V              ; -0.0171 V           ; 0.273 V                              ; 0.065 V                              ; 4.95e-10 s                  ; 5.37e-10 s                  ; No                         ; Yes                        ; 2.62 V                      ; 3.16e-08 V                  ; 2.71 V             ; -0.0171 V          ; 0.273 V                             ; 0.065 V                             ; 4.95e-10 s                 ; 5.37e-10 s                 ; No                        ; Yes                       ;
; seven_segment_high[2] ; 2.5 V        ; 0 s                 ; 0 s                 ; 2.62 V                       ; 3.16e-08 V                   ; 2.65 V              ; -0.0109 V           ; 0.234 V                              ; 0.125 V                              ; 1.64e-09 s                  ; 1.59e-09 s                  ; No                         ; Yes                        ; 2.62 V                      ; 3.16e-08 V                  ; 2.65 V             ; -0.0109 V          ; 0.234 V                             ; 0.125 V                             ; 1.64e-09 s                 ; 1.59e-09 s                 ; No                        ; Yes                       ;
; seven_segment_high[3] ; 2.5 V        ; 0 s                 ; 0 s                 ; 2.62 V                       ; 3.16e-08 V                   ; 2.71 V              ; -0.0171 V           ; 0.273 V                              ; 0.065 V                              ; 4.95e-10 s                  ; 5.37e-10 s                  ; No                         ; Yes                        ; 2.62 V                      ; 3.16e-08 V                  ; 2.71 V             ; -0.0171 V          ; 0.273 V                             ; 0.065 V                             ; 4.95e-10 s                 ; 5.37e-10 s                 ; No                        ; Yes                       ;
; seven_segment_high[4] ; 2.5 V        ; 0 s                 ; 0 s                 ; 2.62 V                       ; 3.16e-08 V                   ; 2.71 V              ; -0.0171 V           ; 0.273 V                              ; 0.065 V                              ; 4.95e-10 s                  ; 5.37e-10 s                  ; No                         ; Yes                        ; 2.62 V                      ; 3.16e-08 V                  ; 2.71 V             ; -0.0171 V          ; 0.273 V                             ; 0.065 V                             ; 4.95e-10 s                 ; 5.37e-10 s                 ; No                        ; Yes                       ;
; seven_segment_high[5] ; 2.5 V        ; 0 s                 ; 0 s                 ; 2.62 V                       ; 3.16e-08 V                   ; 2.71 V              ; -0.0171 V           ; 0.273 V                              ; 0.065 V                              ; 4.95e-10 s                  ; 5.37e-10 s                  ; No                         ; Yes                        ; 2.62 V                      ; 3.16e-08 V                  ; 2.71 V             ; -0.0171 V          ; 0.273 V                             ; 0.065 V                             ; 4.95e-10 s                 ; 5.37e-10 s                 ; No                        ; Yes                       ;
; seven_segment_high[6] ; 2.5 V        ; 0 s                 ; 0 s                 ; 2.62 V                       ; 3.16e-08 V                   ; 2.72 V              ; -0.0199 V           ; 0.186 V                              ; 0.027 V                              ; 2.63e-10 s                  ; 2.76e-10 s                  ; Yes                        ; Yes                        ; 2.62 V                      ; 3.16e-08 V                  ; 2.72 V             ; -0.0199 V          ; 0.186 V                             ; 0.027 V                             ; 2.63e-10 s                 ; 2.76e-10 s                 ; Yes                       ; Yes                       ;
; error_led             ; 2.5 V        ; 0 s                 ; 0 s                 ; 2.62 V                       ; 4.66e-08 V                   ; 2.73 V              ; -0.0205 V           ; 0.17 V                               ; 0.027 V                              ; 2.58e-10 s                  ; 2.57e-10 s                  ; Yes                        ; Yes                        ; 2.62 V                      ; 4.66e-08 V                  ; 2.73 V             ; -0.0205 V          ; 0.17 V                              ; 0.027 V                             ; 2.58e-10 s                 ; 2.57e-10 s                 ; Yes                       ; Yes                       ;
; done_led              ; 2.5 V        ; 0 s                 ; 0 s                 ; 2.62 V                       ; 4.66e-08 V                   ; 2.72 V              ; -0.0215 V           ; 0.161 V                              ; 0.061 V                              ; 4.44e-10 s                  ; 4.06e-10 s                  ; No                         ; Yes                        ; 2.62 V                      ; 4.66e-08 V                  ; 2.72 V             ; -0.0215 V          ; 0.161 V                             ; 0.061 V                             ; 4.44e-10 s                 ; 4.06e-10 s                 ; No                        ; Yes                       ;
; ~ALTERA_NCEO~         ; 2.5 V        ; 0 s                 ; 0 s                 ; 2.62 V                       ; 3.06e-08 V                   ; 2.86 V              ; -0.0341 V           ; 0.364 V                              ; 0.046 V                              ; 1.17e-10 s                  ; 2.6e-10 s                   ; No                         ; Yes                        ; 2.62 V                      ; 3.06e-08 V                  ; 2.86 V             ; -0.0341 V          ; 0.364 V                             ; 0.046 V                             ; 1.17e-10 s                 ; 2.6e-10 s                  ; No                        ; Yes                       ;
; ~ALTERA_DCLK~         ; 2.5 V        ; 0 s                 ; 0 s                 ; 2.62 V                       ; 3.81e-08 V                   ; 2.72 V              ; -0.0548 V           ; 0.144 V                              ; 0.087 V                              ; 2.55e-10 s                  ; 2.14e-10 s                  ; Yes                        ; Yes                        ; 2.62 V                      ; 3.81e-08 V                  ; 2.72 V             ; -0.0548 V          ; 0.144 V                             ; 0.087 V                             ; 2.55e-10 s                 ; 2.14e-10 s                 ; Yes                       ; Yes                       ;
+-----------------------+--------------+---------------------+---------------------+------------------------------+------------------------------+---------------------+---------------------+--------------------------------------+--------------------------------------+-----------------------------+-----------------------------+----------------------------+----------------------------+-----------------------------+-----------------------------+--------------------+--------------------+-------------------------------------+-------------------------------------+----------------------------+----------------------------+---------------------------+---------------------------+


+-------------------------------------------------------------------+
; Setup Transfers                                                   ;
+------------+----------+----------+----------+----------+----------+
; From Clock ; To Clock ; RR Paths ; FR Paths ; RF Paths ; FF Paths ;
+------------+----------+----------+----------+----------+----------+
; clk        ; clk      ; 285576   ; 0        ; 0        ; 0        ;
+------------+----------+----------+----------+----------+----------+
Entries labeled "false path" only account for clock-to-clock false paths and not path-based false paths. As a result, actual path counts may be lower than reported.


+-------------------------------------------------------------------+
; Hold Transfers                                                    ;
+------------+----------+----------+----------+----------+----------+
; From Clock ; To Clock ; RR Paths ; FR Paths ; RF Paths ; FF Paths ;
+------------+----------+----------+----------+----------+----------+
; clk        ; clk      ; 285576   ; 0        ; 0        ; 0        ;
+------------+----------+----------+----------+----------+----------+
Entries labeled "false path" only account for clock-to-clock false paths and not path-based false paths. As a result, actual path counts may be lower than reported.


---------------
; Report TCCS ;
---------------
No dedicated SERDES Transmitter circuitry present in device or used in design


---------------
; Report RSKM ;
---------------
No non-DPA dedicated SERDES Receiver circuitry present in device or used in design


+------------------------------------------------+
; Unconstrained Paths Summary                    ;
+---------------------------------+-------+------+
; Property                        ; Setup ; Hold ;
+---------------------------------+-------+------+
; Illegal Clocks                  ; 0     ; 0    ;
; Unconstrained Clocks            ; 0     ; 0    ;
; Unconstrained Input Ports       ; 9     ; 9    ;
; Unconstrained Input Port Paths  ; 2174  ; 2174 ;
; Unconstrained Output Ports      ; 16    ; 16   ;
; Unconstrained Output Port Paths ; 58    ; 58   ;
+---------------------------------+-------+------+


+-------------------------------------+
; Clock Status Summary                ;
+--------+-------+------+-------------+
; Target ; Clock ; Type ; Status      ;
+--------+-------+------+-------------+
; clk    ; clk   ; Base ; Constrained ;
+--------+-------+------+-------------+


+---------------------------------------------------------------------------------------------------+
; Unconstrained Input Ports                                                                         ;
+------------+--------------------------------------------------------------------------------------+
; Input Port ; Comment                                                                              ;
+------------+--------------------------------------------------------------------------------------+
; input_x[0] ; No input delay, min/max delays, false-path exceptions, or max skew assignments found ;
; input_x[1] ; No input delay, min/max delays, false-path exceptions, or max skew assignments found ;
; input_x[2] ; No input delay, min/max delays, false-path exceptions, or max skew assignments found ;
; input_x[3] ; No input delay, min/max delays, false-path exceptions, or max skew assignments found ;
; input_x[4] ; No input delay, min/max delays, false-path exceptions, or max skew assignments found ;
; input_x[5] ; No input delay, min/max delays, false-path exceptions, or max skew assignments found ;
; input_x[6] ; No input delay, min/max delays, false-path exceptions, or max skew assignments found ;
; input_x[7] ; No input delay, min/max delays, false-path exceptions, or max skew assignments found ;
; reset      ; No input delay, min/max delays, false-path exceptions, or max skew assignments found ;
+------------+--------------------------------------------------------------------------------------+


+---------------------------------------------------------------------------------------------------------------+
; Unconstrained Output Ports                                                                                    ;
+-----------------------+---------------------------------------------------------------------------------------+
; Output Port           ; Comment                                                                               ;
+-----------------------+---------------------------------------------------------------------------------------+
; done_led              ; No output delay, min/max delays, false-path exceptions, or max skew assignments found ;
; error_led             ; No output delay, min/max delays, false-path exceptions, or max skew assignments found ;
; seven_segment_high[0] ; No output delay, min/max delays, false-path exceptions, or max skew assignments found ;
; seven_segment_high[1] ; No output delay, min/max delays, false-path exceptions, or max skew assignments found ;
; seven_segment_high[2] ; No output delay, min/max delays, false-path exceptions, or max skew assignments found ;
; seven_segment_high[3] ; No output delay, min/max delays, false-path exceptions, or max skew assignments found ;
; seven_segment_high[4] ; No output delay, min/max delays, false-path exceptions, or max skew assignments found ;
; seven_segment_high[5] ; No output delay, min/max delays, false-path exceptions, or max skew assignments found ;
; seven_segment_high[6] ; No output delay, min/max delays, false-path exceptions, or max skew assignments found ;
; seven_segment_low[0]  ; No output delay, min/max delays, false-path exceptions, or max skew assignments found ;
; seven_segment_low[1]  ; No output delay, min/max delays, false-path exceptions, or max skew assignments found ;
; seven_segment_low[2]  ; No output delay, min/max delays, false-path exceptions, or max skew assignments found ;
; seven_segment_low[3]  ; No output delay, min/max delays, false-path exceptions, or max skew assignments found ;
; seven_segment_low[4]  ; No output delay, min/max delays, false-path exceptions, or max skew assignments found ;
; seven_segment_low[5]  ; No output delay, min/max delays, false-path exceptions, or max skew assignments found ;
; seven_segment_low[6]  ; No output delay, min/max delays, false-path exceptions, or max skew assignments found ;
+-----------------------+---------------------------------------------------------------------------------------+


+---------------------------------------------------------------------------------------------------+
; Unconstrained Input Ports                                                                         ;
+------------+--------------------------------------------------------------------------------------+
; Input Port ; Comment                                                                              ;
+------------+--------------------------------------------------------------------------------------+
; input_x[0] ; No input delay, min/max delays, false-path exceptions, or max skew assignments found ;
; input_x[1] ; No input delay, min/max delays, false-path exceptions, or max skew assignments found ;
; input_x[2] ; No input delay, min/max delays, false-path exceptions, or max skew assignments found ;
; input_x[3] ; No input delay, min/max delays, false-path exceptions, or max skew assignments found ;
; input_x[4] ; No input delay, min/max delays, false-path exceptions, or max skew assignments found ;
; input_x[5] ; No input delay, min/max delays, false-path exceptions, or max skew assignments found ;
; input_x[6] ; No input delay, min/max delays, false-path exceptions, or max skew assignments found ;
; input_x[7] ; No input delay, min/max delays, false-path exceptions, or max skew assignments found ;
; reset      ; No input delay, min/max delays, false-path exceptions, or max skew assignments found ;
+------------+--------------------------------------------------------------------------------------+


+---------------------------------------------------------------------------------------------------------------+
; Unconstrained Output Ports                                                                                    ;
+-----------------------+---------------------------------------------------------------------------------------+
; Output Port           ; Comment                                                                               ;
+-----------------------+---------------------------------------------------------------------------------------+
; done_led              ; No output delay, min/max delays, false-path exceptions, or max skew assignments found ;
; error_led             ; No output delay, min/max delays, false-path exceptions, or max skew assignments found ;
; seven_segment_high[0] ; No output delay, min/max delays, false-path exceptions, or max skew assignments found ;
; seven_segment_high[1] ; No output delay, min/max delays, false-path exceptions, or max skew assignments found ;
; seven_segment_high[2] ; No output delay, min/max delays, false-path exceptions, or max skew assignments found ;
; seven_segment_high[3] ; No output delay, min/max delays, false-path exceptions, or max skew assignments found ;
; seven_segment_high[4] ; No output delay, min/max delays, false-path exceptions, or max skew assignments found ;
; seven_segment_high[5] ; No output delay, min/max delays, false-path exceptions, or max skew assignments found ;
; seven_segment_high[6] ; No output delay, min/max delays, false-path exceptions, or max skew assignments found ;
; seven_segment_low[0]  ; No output delay, min/max delays, false-path exceptions, or max skew assignments found ;
; seven_segment_low[1]  ; No output delay, min/max delays, false-path exceptions, or max skew assignments found ;
; seven_segment_low[2]  ; No output delay, min/max delays, false-path exceptions, or max skew assignments found ;
; seven_segment_low[3]  ; No output delay, min/max delays, false-path exceptions, or max skew assignments found ;
; seven_segment_low[4]  ; No output delay, min/max delays, false-path exceptions, or max skew assignments found ;
; seven_segment_low[5]  ; No output delay, min/max delays, false-path exceptions, or max skew assignments found ;
; seven_segment_low[6]  ; No output delay, min/max delays, false-path exceptions, or max skew assignments found ;
+-----------------------+---------------------------------------------------------------------------------------+


+--------------------------+
; Timing Analyzer Messages ;
+--------------------------+
Info: *******************************************************************
Info: Running Quartus Prime Timing Analyzer
    Info: Version 25.1std.0 Build 1129 10/21/2025 SC Lite Edition
    Info: Processing started: Sat Aug 29 22:05:54 2026
Info: Command: quartus_sta stack_processor -c stack_processor_top
Info: qsta_default_script.tcl version: #1
Warning (18236): Number of processors has not been specified which may cause overloading on shared machines.  Set the global assignment NUM_PARALLEL_PROCESSORS in your QSF to an appropriate value for best performance.
Info (20030): Parallel compilation is enabled and will use 16 of the 16 processors detected
Info (21076): High junction temperature operating condition is not set. Assuming a default value of '85'.
Info (21076): Low junction temperature operating condition is not set. Assuming a default value of '0'.
Critical Warning (332012): Synopsys Design Constraints File file not found: 'stack_processor_top.sdc'. A Synopsys Design Constraints File is required by the Timing Analyzer to get proper timing constraints. Without it, the Compiler will not properly optimize the design.
Info (332142): No user constrained base clocks found in the design. Calling "derive_clocks -period 1.0"
Info (332105): Deriving Clocks
    Info (332105): create_clock -period 1.000 -name clk clk
Info (332143): No user constrained clock uncertainty found in the design. Calling "derive_clock_uncertainty"
Info (332123): Deriving Clock Uncertainty. Please refer to report_sdc in the Timing Analyzer to see clock uncertainties.
Info: Found TIMING_ANALYZER_REPORT_SCRIPT_INCLUDE_DEFAULT_ANALYSIS = ON
Info: Analyzing Slow 1200mV 85C Model
Critical Warning (332148): Timing requirements not met
    Info (11105): For recommendations on closing timing, run Report Timing Closure Recommendations in the Timing Analyzer.
Info (332146): Worst-case setup slack is -6.885
    Info (332119):     Slack       End Point TNS Clock 
    Info (332119): ========= =================== =====================
    Info (332119):    -6.885          -11251.870 clk 
Info (332146): Worst-case hold slack is 0.344
    Info (332119):     Slack       End Point TNS Clock 
    Info (332119): ========= =================== =====================
    Info (332119):     0.344               0.000 clk 
Info (332140): No Recovery paths to report
Info (332140): No Removal paths to report
Info (332146): Worst-case minimum pulse width slack is -3.000
    Info (332119):     Slack       End Point TNS Clock 
    Info (332119): ========= =================== =====================
    Info (332119):    -3.000           -2101.000 clk 
Info: Analyzing Slow 1200mV 0C Model
Info (334003): Started post-fitting delay annotation
Info (334004): Delay annotation completed successfully
Info (332123): Deriving Clock Uncertainty. Please refer to report_sdc in the Timing Analyzer to see clock uncertainties.
Critical Warning (332148): Timing requirements not met
    Info (11105): For recommendations on closing timing, run Report Timing Closure Recommendations in the Timing Analyzer.
Info (332146): Worst-case setup slack is -6.081
    Info (332119):     Slack       End Point TNS Clock 
    Info (332119): ========= =================== =====================
    Info (332119):    -6.081           -9973.568 clk 
Info (332146): Worst-case hold slack is 0.305
    Info (332119):     Slack       End Point TNS Clock 
    Info (332119): ========= =================== =====================
    Info (332119):     0.305               0.000 clk 
Info (332140): No Recovery paths to report
Info (332140): No Removal paths to report
Info (332146): Worst-case minimum pulse width slack is -3.000
    Info (332119):     Slack       End Point TNS Clock 
    Info (332119): ========= =================== =====================
    Info (332119):    -3.000           -2101.000 clk 
Info: Analyzing Fast 1200mV 0C Model
Info (332123): Deriving Clock Uncertainty. Please refer to report_sdc in the Timing Analyzer to see clock uncertainties.
Critical Warning (332148): Timing requirements not met
    Info (11105): For recommendations on closing timing, run Report Timing Closure Recommendations in the Timing Analyzer.
Info (332146): Worst-case setup slack is -3.685
    Info (332119):     Slack       End Point TNS Clock 
    Info (332119): ========= =================== =====================
    Info (332119):    -3.685           -5472.514 clk 
Info (332146): Worst-case hold slack is 0.186
    Info (332119):     Slack       End Point TNS Clock 
    Info (332119): ========= =================== =====================
    Info (332119):     0.186               0.000 clk 
Info (332140): No Recovery paths to report
Info (332140): No Removal paths to report
Info (332146): Worst-case minimum pulse width slack is -3.000
    Info (332119):     Slack       End Point TNS Clock 
    Info (332119): ========= =================== =====================
    Info (332119):    -3.000           -2186.139 clk 
Info (332102): Design is not fully constrained for setup requirements
Info (332102): Design is not fully constrained for hold requirements
Info: Quartus Prime Timing Analyzer was successful. 0 errors, 5 warnings
    Info: Peak virtual memory: 625 megabytes
    Info: Processing ended: Sat Aug 29 22:05:56 2026
    Info: Elapsed time: 00:00:02
    Info: Total CPU time (on all processors): 00:00:02


