Timing Analyzer report for UARTTop
Tue Aug 18 17:52:08 2026
Quartus Prime Version 25.1std.0 Build 1129 10/21/2025 SC Lite Edition


---------------------
; Table of Contents ;
---------------------
  1. Legal Notice
  2. Timing Analyzer Summary
  3. Parallel Compilation
  4. Clocks
  5. Slow 1200mV 85C Model Fmax Summary
  6. Timing Closure Recommendations
  7. Slow 1200mV 85C Model Setup Summary
  8. Slow 1200mV 85C Model Hold Summary
  9. Slow 1200mV 85C Model Recovery Summary
 10. Slow 1200mV 85C Model Removal Summary
 11. Slow 1200mV 85C Model Minimum Pulse Width Summary
 12. Slow 1200mV 85C Model Setup: 'clk'
 13. Slow 1200mV 85C Model Hold: 'clk'
 14. Slow 1200mV 85C Model Metastability Summary
 15. Slow 1200mV 0C Model Fmax Summary
 16. Slow 1200mV 0C Model Setup Summary
 17. Slow 1200mV 0C Model Hold Summary
 18. Slow 1200mV 0C Model Recovery Summary
 19. Slow 1200mV 0C Model Removal Summary
 20. Slow 1200mV 0C Model Minimum Pulse Width Summary
 21. Slow 1200mV 0C Model Setup: 'clk'
 22. Slow 1200mV 0C Model Hold: 'clk'
 23. Slow 1200mV 0C Model Metastability Summary
 24. Fast 1200mV 0C Model Setup Summary
 25. Fast 1200mV 0C Model Hold Summary
 26. Fast 1200mV 0C Model Recovery Summary
 27. Fast 1200mV 0C Model Removal Summary
 28. Fast 1200mV 0C Model Minimum Pulse Width Summary
 29. Fast 1200mV 0C Model Setup: 'clk'
 30. Fast 1200mV 0C Model Hold: 'clk'
 31. Fast 1200mV 0C Model Metastability Summary
 32. Multicorner Timing Analysis Summary
 33. Board Trace Model Assignments
 34. Input Transition Times
 35. Signal Integrity Metrics (Slow 1200mv 0c Model)
 36. Signal Integrity Metrics (Slow 1200mv 85c Model)
 37. Signal Integrity Metrics (Fast 1200mv 0c Model)
 38. Setup Transfers
 39. Hold Transfers
 40. Report TCCS
 41. Report RSKM
 42. Unconstrained Paths Summary
 43. Clock Status Summary
 44. Unconstrained Input Ports
 45. Unconstrained Output Ports
 46. Unconstrained Input Ports
 47. Unconstrained Output Ports
 48. Timing Analyzer Messages



----------------
; Legal Notice ;
----------------
Copyright (C) 2025  Altera Corporation. All rights reserved.
Your use of Altera Corporation's design tools, logic functions 
and other software and tools, and any partner logic 
functions, and any output files from any of the foregoing 
(including device programming or simulation files), and any 
associated documentation or information are expressly subject 
to the terms and conditions of the Altera Program License 
Subscription Agreement, the Altera Quartus Prime License Agreement,
the Altera IP License Agreement, or other applicable license
agreement, including, without limitation, that your use is for
the sole purpose of programming logic devices manufactured by
Altera and sold by Altera or its authorized distributors.  Please
refer to the Altera Software License Subscription Agreements 
on the Quartus Prime software download page.



+---------------------------------------------------------------------------------+
; Timing Analyzer Summary                                                         ;
+-----------------------+---------------------------------------------------------+
; Quartus Prime Version ; Version 25.1std.0 Build 1129 10/21/2025 SC Lite Edition ;
; Timing Analyzer       ; Legacy Timing Analyzer                                  ;
; Revision Name         ; UARTTop                                                 ;
; Device Family         ; Cyclone IV GX                                           ;
; Device Name           ; EP4CGX15BF14C6                                          ;
; Timing Models         ; Final                                                   ;
; Delay Model           ; Combined                                                ;
; Rise/Fall Delays      ; Enabled                                                 ;
+-----------------------+---------------------------------------------------------+


+------------------------------------------+
; Parallel Compilation                     ;
+----------------------------+-------------+
; Processors                 ; Number      ;
+----------------------------+-------------+
; Number detected on machine ; 22          ;
; Maximum allowed            ; 16          ;
;                            ;             ;
; Average used               ; 1.12        ;
; Maximum used               ; 16          ;
;                            ;             ;
; Usage by Processor         ; % Time Used ;
;     Processor 1            ; 100.0%      ;
;     Processor 2            ;   2.3%      ;
;     Processors 3-16        ;   0.7%      ;
+----------------------------+-------------+


+---------------------------------------------------------------------------------------------------------------------------------------------------------------------------------+
; Clocks                                                                                                                                                                          ;
+------------+------+--------+------------+-------+-------+------------+-----------+-------------+-------+--------+-----------+------------+----------+--------+--------+---------+
; Clock Name ; Type ; Period ; Frequency  ; Rise  ; Fall  ; Duty Cycle ; Divide by ; Multiply by ; Phase ; Offset ; Edge List ; Edge Shift ; Inverted ; Master ; Source ; Targets ;
+------------+------+--------+------------+-------+-------+------------+-----------+-------------+-------+--------+-----------+------------+----------+--------+--------+---------+
; clk        ; Base ; 1.000  ; 1000.0 MHz ; 0.000 ; 0.500 ;            ;           ;             ;       ;        ;           ;            ;          ;        ;        ; { clk } ;
+------------+------+--------+------------+-------+-------+------------+-----------+-------------+-------+--------+-----------+------------+----------+--------+--------+---------+


+--------------------------------------------------+
; Slow 1200mV 85C Model Fmax Summary               ;
+------------+-----------------+------------+------+
; Fmax       ; Restricted Fmax ; Clock Name ; Note ;
+------------+-----------------+------------+------+
; 248.32 MHz ; 248.32 MHz      ; clk        ;      ;
+------------+-----------------+------------+------+
This panel reports FMAX for every clock in the design, regardless of the user-specified clock periods.  FMAX is only computed for paths where the source and destination registers or ports are driven by the same clock.  Paths of different clocks, including generated clocks, are ignored.  For paths between a clock and its inversion, FMAX is computed as if the rising and falling edges are scaled along with FMAX, such that the duty cycle (in terms of a percentage) is maintained. Altera recommends that you always use clock constraints and other slack reports for sign-off analysis.


----------------------------------
; Timing Closure Recommendations ;
----------------------------------
HTML report is unavailable in plain text report export.


+-------------------------------------+
; Slow 1200mV 85C Model Setup Summary ;
+-------+--------+--------------------+
; Clock ; Slack  ; End Point TNS      ;
+-------+--------+--------------------+
; clk   ; -3.027 ; -249.111           ;
+-------+--------+--------------------+


+------------------------------------+
; Slow 1200mV 85C Model Hold Summary ;
+-------+-------+--------------------+
; Clock ; Slack ; End Point TNS      ;
+-------+-------+--------------------+
; clk   ; 0.340 ; 0.000              ;
+-------+-------+--------------------+


------------------------------------------
; Slow 1200mV 85C Model Recovery Summary ;
------------------------------------------
No paths to report.


-----------------------------------------
; Slow 1200mV 85C Model Removal Summary ;
-----------------------------------------
No paths to report.


+---------------------------------------------------+
; Slow 1200mV 85C Model Minimum Pulse Width Summary ;
+-------+--------+----------------------------------+
; Clock ; Slack  ; End Point TNS                    ;
+-------+--------+----------------------------------+
; clk   ; -3.000 ; -110.000                         ;
+-------+--------+----------------------------------+


+----------------------------------------------------------------------------------------------------------------------------------------------------------------------+
; Slow 1200mV 85C Model Setup: 'clk'                                                                                                                                   ;
+--------+-------------------------------------------+-------------------------------------------+--------------+-------------+--------------+------------+------------+
; Slack  ; From Node                                 ; To Node                                   ; Launch Clock ; Latch Clock ; Relationship ; Clock Skew ; Data Delay ;
+--------+-------------------------------------------+-------------------------------------------+--------------+-------------+--------------+------------+------------+
; -3.027 ; UARTReceiver:receiver_inst|tick_count[26] ; UARTReceiver:receiver_inst|rec_data[0]    ; clk          ; clk         ; 1.000        ; -0.059     ; 3.963      ;
; -3.027 ; UARTReceiver:receiver_inst|tick_count[26] ; UARTReceiver:receiver_inst|rec_data[1]    ; clk          ; clk         ; 1.000        ; -0.059     ; 3.963      ;
; -3.027 ; UARTReceiver:receiver_inst|tick_count[26] ; UARTReceiver:receiver_inst|rec_data[2]    ; clk          ; clk         ; 1.000        ; -0.059     ; 3.963      ;
; -3.027 ; UARTReceiver:receiver_inst|tick_count[26] ; UARTReceiver:receiver_inst|rec_data[3]    ; clk          ; clk         ; 1.000        ; -0.059     ; 3.963      ;
; -3.027 ; UARTReceiver:receiver_inst|tick_count[26] ; UARTReceiver:receiver_inst|rec_data[4]    ; clk          ; clk         ; 1.000        ; -0.059     ; 3.963      ;
; -3.027 ; UARTReceiver:receiver_inst|tick_count[26] ; UARTReceiver:receiver_inst|rec_data[5]    ; clk          ; clk         ; 1.000        ; -0.059     ; 3.963      ;
; -3.027 ; UARTReceiver:receiver_inst|tick_count[26] ; UARTReceiver:receiver_inst|rec_data[6]    ; clk          ; clk         ; 1.000        ; -0.059     ; 3.963      ;
; -2.993 ; UARTReceiver:receiver_inst|tick_count[15] ; UARTReceiver:receiver_inst|rec_data[0]    ; clk          ; clk         ; 1.000        ; -0.059     ; 3.929      ;
; -2.993 ; UARTReceiver:receiver_inst|tick_count[15] ; UARTReceiver:receiver_inst|rec_data[1]    ; clk          ; clk         ; 1.000        ; -0.059     ; 3.929      ;
; -2.993 ; UARTReceiver:receiver_inst|tick_count[15] ; UARTReceiver:receiver_inst|rec_data[2]    ; clk          ; clk         ; 1.000        ; -0.059     ; 3.929      ;
; -2.993 ; UARTReceiver:receiver_inst|tick_count[15] ; UARTReceiver:receiver_inst|rec_data[3]    ; clk          ; clk         ; 1.000        ; -0.059     ; 3.929      ;
; -2.993 ; UARTReceiver:receiver_inst|tick_count[15] ; UARTReceiver:receiver_inst|rec_data[4]    ; clk          ; clk         ; 1.000        ; -0.059     ; 3.929      ;
; -2.993 ; UARTReceiver:receiver_inst|tick_count[15] ; UARTReceiver:receiver_inst|rec_data[5]    ; clk          ; clk         ; 1.000        ; -0.059     ; 3.929      ;
; -2.993 ; UARTReceiver:receiver_inst|tick_count[15] ; UARTReceiver:receiver_inst|rec_data[6]    ; clk          ; clk         ; 1.000        ; -0.059     ; 3.929      ;
; -2.928 ; UARTReceiver:receiver_inst|tick_count[26] ; UARTReceiver:receiver_inst|tick_count[12] ; clk          ; clk         ; 1.000        ; -0.065     ; 3.858      ;
; -2.928 ; UARTReceiver:receiver_inst|tick_count[26] ; UARTReceiver:receiver_inst|tick_count[0]  ; clk          ; clk         ; 1.000        ; -0.065     ; 3.858      ;
; -2.928 ; UARTReceiver:receiver_inst|tick_count[26] ; UARTReceiver:receiver_inst|tick_count[2]  ; clk          ; clk         ; 1.000        ; -0.065     ; 3.858      ;
; -2.928 ; UARTReceiver:receiver_inst|tick_count[26] ; UARTReceiver:receiver_inst|tick_count[3]  ; clk          ; clk         ; 1.000        ; -0.065     ; 3.858      ;
; -2.928 ; UARTReceiver:receiver_inst|tick_count[26] ; UARTReceiver:receiver_inst|tick_count[4]  ; clk          ; clk         ; 1.000        ; -0.065     ; 3.858      ;
; -2.928 ; UARTReceiver:receiver_inst|tick_count[26] ; UARTReceiver:receiver_inst|tick_count[5]  ; clk          ; clk         ; 1.000        ; -0.065     ; 3.858      ;
; -2.928 ; UARTReceiver:receiver_inst|tick_count[26] ; UARTReceiver:receiver_inst|tick_count[6]  ; clk          ; clk         ; 1.000        ; -0.065     ; 3.858      ;
; -2.928 ; UARTReceiver:receiver_inst|tick_count[26] ; UARTReceiver:receiver_inst|tick_count[7]  ; clk          ; clk         ; 1.000        ; -0.065     ; 3.858      ;
; -2.928 ; UARTReceiver:receiver_inst|tick_count[26] ; UARTReceiver:receiver_inst|tick_count[8]  ; clk          ; clk         ; 1.000        ; -0.065     ; 3.858      ;
; -2.928 ; UARTReceiver:receiver_inst|tick_count[26] ; UARTReceiver:receiver_inst|tick_count[9]  ; clk          ; clk         ; 1.000        ; -0.065     ; 3.858      ;
; -2.928 ; UARTReceiver:receiver_inst|tick_count[26] ; UARTReceiver:receiver_inst|tick_count[10] ; clk          ; clk         ; 1.000        ; -0.065     ; 3.858      ;
; -2.928 ; UARTReceiver:receiver_inst|tick_count[26] ; UARTReceiver:receiver_inst|tick_count[11] ; clk          ; clk         ; 1.000        ; -0.065     ; 3.858      ;
; -2.928 ; UARTReceiver:receiver_inst|tick_count[26] ; UARTReceiver:receiver_inst|tick_count[14] ; clk          ; clk         ; 1.000        ; -0.065     ; 3.858      ;
; -2.928 ; UARTReceiver:receiver_inst|tick_count[26] ; UARTReceiver:receiver_inst|tick_count[13] ; clk          ; clk         ; 1.000        ; -0.065     ; 3.858      ;
; -2.928 ; UARTReceiver:receiver_inst|tick_count[26] ; UARTReceiver:receiver_inst|tick_count[15] ; clk          ; clk         ; 1.000        ; -0.065     ; 3.858      ;
; -2.894 ; UARTReceiver:receiver_inst|tick_count[15] ; UARTReceiver:receiver_inst|tick_count[12] ; clk          ; clk         ; 1.000        ; -0.065     ; 3.824      ;
; -2.894 ; UARTReceiver:receiver_inst|tick_count[15] ; UARTReceiver:receiver_inst|tick_count[0]  ; clk          ; clk         ; 1.000        ; -0.065     ; 3.824      ;
; -2.894 ; UARTReceiver:receiver_inst|tick_count[15] ; UARTReceiver:receiver_inst|tick_count[2]  ; clk          ; clk         ; 1.000        ; -0.065     ; 3.824      ;
; -2.894 ; UARTReceiver:receiver_inst|tick_count[15] ; UARTReceiver:receiver_inst|tick_count[3]  ; clk          ; clk         ; 1.000        ; -0.065     ; 3.824      ;
; -2.894 ; UARTReceiver:receiver_inst|tick_count[15] ; UARTReceiver:receiver_inst|tick_count[4]  ; clk          ; clk         ; 1.000        ; -0.065     ; 3.824      ;
; -2.894 ; UARTReceiver:receiver_inst|tick_count[15] ; UARTReceiver:receiver_inst|tick_count[5]  ; clk          ; clk         ; 1.000        ; -0.065     ; 3.824      ;
; -2.894 ; UARTReceiver:receiver_inst|tick_count[15] ; UARTReceiver:receiver_inst|tick_count[6]  ; clk          ; clk         ; 1.000        ; -0.065     ; 3.824      ;
; -2.894 ; UARTReceiver:receiver_inst|tick_count[15] ; UARTReceiver:receiver_inst|tick_count[7]  ; clk          ; clk         ; 1.000        ; -0.065     ; 3.824      ;
; -2.894 ; UARTReceiver:receiver_inst|tick_count[15] ; UARTReceiver:receiver_inst|tick_count[8]  ; clk          ; clk         ; 1.000        ; -0.065     ; 3.824      ;
; -2.894 ; UARTReceiver:receiver_inst|tick_count[15] ; UARTReceiver:receiver_inst|tick_count[9]  ; clk          ; clk         ; 1.000        ; -0.065     ; 3.824      ;
; -2.894 ; UARTReceiver:receiver_inst|tick_count[15] ; UARTReceiver:receiver_inst|tick_count[10] ; clk          ; clk         ; 1.000        ; -0.065     ; 3.824      ;
; -2.894 ; UARTReceiver:receiver_inst|tick_count[15] ; UARTReceiver:receiver_inst|tick_count[11] ; clk          ; clk         ; 1.000        ; -0.065     ; 3.824      ;
; -2.894 ; UARTReceiver:receiver_inst|tick_count[15] ; UARTReceiver:receiver_inst|tick_count[14] ; clk          ; clk         ; 1.000        ; -0.065     ; 3.824      ;
; -2.894 ; UARTReceiver:receiver_inst|tick_count[15] ; UARTReceiver:receiver_inst|tick_count[13] ; clk          ; clk         ; 1.000        ; -0.065     ; 3.824      ;
; -2.894 ; UARTReceiver:receiver_inst|tick_count[15] ; UARTReceiver:receiver_inst|tick_count[15] ; clk          ; clk         ; 1.000        ; -0.065     ; 3.824      ;
; -2.855 ; UARTReceiver:receiver_inst|tick_count[28] ; UARTReceiver:receiver_inst|rec_data[0]    ; clk          ; clk         ; 1.000        ; -0.059     ; 3.791      ;
; -2.855 ; UARTReceiver:receiver_inst|tick_count[28] ; UARTReceiver:receiver_inst|rec_data[1]    ; clk          ; clk         ; 1.000        ; -0.059     ; 3.791      ;
; -2.855 ; UARTReceiver:receiver_inst|tick_count[28] ; UARTReceiver:receiver_inst|rec_data[2]    ; clk          ; clk         ; 1.000        ; -0.059     ; 3.791      ;
; -2.855 ; UARTReceiver:receiver_inst|tick_count[28] ; UARTReceiver:receiver_inst|rec_data[3]    ; clk          ; clk         ; 1.000        ; -0.059     ; 3.791      ;
; -2.855 ; UARTReceiver:receiver_inst|tick_count[28] ; UARTReceiver:receiver_inst|rec_data[4]    ; clk          ; clk         ; 1.000        ; -0.059     ; 3.791      ;
; -2.855 ; UARTReceiver:receiver_inst|tick_count[28] ; UARTReceiver:receiver_inst|rec_data[5]    ; clk          ; clk         ; 1.000        ; -0.059     ; 3.791      ;
; -2.855 ; UARTReceiver:receiver_inst|tick_count[28] ; UARTReceiver:receiver_inst|rec_data[6]    ; clk          ; clk         ; 1.000        ; -0.059     ; 3.791      ;
; -2.852 ; UARTReceiver:receiver_inst|tick_count[25] ; UARTReceiver:receiver_inst|rec_data[0]    ; clk          ; clk         ; 1.000        ; -0.059     ; 3.788      ;
; -2.852 ; UARTReceiver:receiver_inst|tick_count[25] ; UARTReceiver:receiver_inst|rec_data[1]    ; clk          ; clk         ; 1.000        ; -0.059     ; 3.788      ;
; -2.852 ; UARTReceiver:receiver_inst|tick_count[25] ; UARTReceiver:receiver_inst|rec_data[2]    ; clk          ; clk         ; 1.000        ; -0.059     ; 3.788      ;
; -2.852 ; UARTReceiver:receiver_inst|tick_count[25] ; UARTReceiver:receiver_inst|rec_data[3]    ; clk          ; clk         ; 1.000        ; -0.059     ; 3.788      ;
; -2.852 ; UARTReceiver:receiver_inst|tick_count[25] ; UARTReceiver:receiver_inst|rec_data[4]    ; clk          ; clk         ; 1.000        ; -0.059     ; 3.788      ;
; -2.852 ; UARTReceiver:receiver_inst|tick_count[25] ; UARTReceiver:receiver_inst|rec_data[5]    ; clk          ; clk         ; 1.000        ; -0.059     ; 3.788      ;
; -2.852 ; UARTReceiver:receiver_inst|tick_count[25] ; UARTReceiver:receiver_inst|rec_data[6]    ; clk          ; clk         ; 1.000        ; -0.059     ; 3.788      ;
; -2.837 ; UARTReceiver:receiver_inst|tick_count[23] ; UARTReceiver:receiver_inst|rec_data[0]    ; clk          ; clk         ; 1.000        ; -0.059     ; 3.773      ;
; -2.837 ; UARTReceiver:receiver_inst|tick_count[23] ; UARTReceiver:receiver_inst|rec_data[1]    ; clk          ; clk         ; 1.000        ; -0.059     ; 3.773      ;
; -2.837 ; UARTReceiver:receiver_inst|tick_count[23] ; UARTReceiver:receiver_inst|rec_data[2]    ; clk          ; clk         ; 1.000        ; -0.059     ; 3.773      ;
; -2.837 ; UARTReceiver:receiver_inst|tick_count[23] ; UARTReceiver:receiver_inst|rec_data[3]    ; clk          ; clk         ; 1.000        ; -0.059     ; 3.773      ;
; -2.837 ; UARTReceiver:receiver_inst|tick_count[23] ; UARTReceiver:receiver_inst|rec_data[4]    ; clk          ; clk         ; 1.000        ; -0.059     ; 3.773      ;
; -2.837 ; UARTReceiver:receiver_inst|tick_count[23] ; UARTReceiver:receiver_inst|rec_data[5]    ; clk          ; clk         ; 1.000        ; -0.059     ; 3.773      ;
; -2.837 ; UARTReceiver:receiver_inst|tick_count[23] ; UARTReceiver:receiver_inst|rec_data[6]    ; clk          ; clk         ; 1.000        ; -0.059     ; 3.773      ;
; -2.823 ; UARTReceiver:receiver_inst|tick_count[13] ; UARTReceiver:receiver_inst|rec_data[0]    ; clk          ; clk         ; 1.000        ; -0.059     ; 3.759      ;
; -2.823 ; UARTReceiver:receiver_inst|tick_count[13] ; UARTReceiver:receiver_inst|rec_data[1]    ; clk          ; clk         ; 1.000        ; -0.059     ; 3.759      ;
; -2.823 ; UARTReceiver:receiver_inst|tick_count[13] ; UARTReceiver:receiver_inst|rec_data[2]    ; clk          ; clk         ; 1.000        ; -0.059     ; 3.759      ;
; -2.823 ; UARTReceiver:receiver_inst|tick_count[13] ; UARTReceiver:receiver_inst|rec_data[3]    ; clk          ; clk         ; 1.000        ; -0.059     ; 3.759      ;
; -2.823 ; UARTReceiver:receiver_inst|tick_count[13] ; UARTReceiver:receiver_inst|rec_data[4]    ; clk          ; clk         ; 1.000        ; -0.059     ; 3.759      ;
; -2.823 ; UARTReceiver:receiver_inst|tick_count[13] ; UARTReceiver:receiver_inst|rec_data[5]    ; clk          ; clk         ; 1.000        ; -0.059     ; 3.759      ;
; -2.823 ; UARTReceiver:receiver_inst|tick_count[13] ; UARTReceiver:receiver_inst|rec_data[6]    ; clk          ; clk         ; 1.000        ; -0.059     ; 3.759      ;
; -2.808 ; UARTReceiver:receiver_inst|tick_count[30] ; UARTReceiver:receiver_inst|rec_data[0]    ; clk          ; clk         ; 1.000        ; -0.059     ; 3.744      ;
; -2.808 ; UARTReceiver:receiver_inst|tick_count[30] ; UARTReceiver:receiver_inst|rec_data[1]    ; clk          ; clk         ; 1.000        ; -0.059     ; 3.744      ;
; -2.808 ; UARTReceiver:receiver_inst|tick_count[30] ; UARTReceiver:receiver_inst|rec_data[2]    ; clk          ; clk         ; 1.000        ; -0.059     ; 3.744      ;
; -2.808 ; UARTReceiver:receiver_inst|tick_count[30] ; UARTReceiver:receiver_inst|rec_data[3]    ; clk          ; clk         ; 1.000        ; -0.059     ; 3.744      ;
; -2.808 ; UARTReceiver:receiver_inst|tick_count[30] ; UARTReceiver:receiver_inst|rec_data[4]    ; clk          ; clk         ; 1.000        ; -0.059     ; 3.744      ;
; -2.808 ; UARTReceiver:receiver_inst|tick_count[30] ; UARTReceiver:receiver_inst|rec_data[5]    ; clk          ; clk         ; 1.000        ; -0.059     ; 3.744      ;
; -2.808 ; UARTReceiver:receiver_inst|tick_count[30] ; UARTReceiver:receiver_inst|rec_data[6]    ; clk          ; clk         ; 1.000        ; -0.059     ; 3.744      ;
; -2.788 ; UARTReceiver:receiver_inst|tick_count[2]  ; UARTReceiver:receiver_inst|rec_data[0]    ; clk          ; clk         ; 1.000        ; -0.059     ; 3.724      ;
; -2.788 ; UARTReceiver:receiver_inst|tick_count[2]  ; UARTReceiver:receiver_inst|rec_data[1]    ; clk          ; clk         ; 1.000        ; -0.059     ; 3.724      ;
; -2.788 ; UARTReceiver:receiver_inst|tick_count[2]  ; UARTReceiver:receiver_inst|rec_data[2]    ; clk          ; clk         ; 1.000        ; -0.059     ; 3.724      ;
; -2.788 ; UARTReceiver:receiver_inst|tick_count[2]  ; UARTReceiver:receiver_inst|rec_data[3]    ; clk          ; clk         ; 1.000        ; -0.059     ; 3.724      ;
; -2.788 ; UARTReceiver:receiver_inst|tick_count[2]  ; UARTReceiver:receiver_inst|rec_data[4]    ; clk          ; clk         ; 1.000        ; -0.059     ; 3.724      ;
; -2.788 ; UARTReceiver:receiver_inst|tick_count[2]  ; UARTReceiver:receiver_inst|rec_data[5]    ; clk          ; clk         ; 1.000        ; -0.059     ; 3.724      ;
; -2.788 ; UARTReceiver:receiver_inst|tick_count[2]  ; UARTReceiver:receiver_inst|rec_data[6]    ; clk          ; clk         ; 1.000        ; -0.059     ; 3.724      ;
; -2.777 ; UARTReceiver:receiver_inst|tick_count[15] ; UARTReceiver:receiver_inst|state.IDLE     ; clk          ; clk         ; 1.000        ; -0.059     ; 3.713      ;
; -2.756 ; UARTReceiver:receiver_inst|tick_count[28] ; UARTReceiver:receiver_inst|tick_count[12] ; clk          ; clk         ; 1.000        ; -0.065     ; 3.686      ;
; -2.756 ; UARTReceiver:receiver_inst|tick_count[28] ; UARTReceiver:receiver_inst|tick_count[0]  ; clk          ; clk         ; 1.000        ; -0.065     ; 3.686      ;
; -2.756 ; UARTReceiver:receiver_inst|tick_count[28] ; UARTReceiver:receiver_inst|tick_count[2]  ; clk          ; clk         ; 1.000        ; -0.065     ; 3.686      ;
; -2.756 ; UARTReceiver:receiver_inst|tick_count[28] ; UARTReceiver:receiver_inst|tick_count[3]  ; clk          ; clk         ; 1.000        ; -0.065     ; 3.686      ;
; -2.756 ; UARTReceiver:receiver_inst|tick_count[28] ; UARTReceiver:receiver_inst|tick_count[4]  ; clk          ; clk         ; 1.000        ; -0.065     ; 3.686      ;
; -2.756 ; UARTReceiver:receiver_inst|tick_count[28] ; UARTReceiver:receiver_inst|tick_count[5]  ; clk          ; clk         ; 1.000        ; -0.065     ; 3.686      ;
; -2.756 ; UARTReceiver:receiver_inst|tick_count[28] ; UARTReceiver:receiver_inst|tick_count[6]  ; clk          ; clk         ; 1.000        ; -0.065     ; 3.686      ;
; -2.756 ; UARTReceiver:receiver_inst|tick_count[28] ; UARTReceiver:receiver_inst|tick_count[7]  ; clk          ; clk         ; 1.000        ; -0.065     ; 3.686      ;
; -2.756 ; UARTReceiver:receiver_inst|tick_count[28] ; UARTReceiver:receiver_inst|tick_count[8]  ; clk          ; clk         ; 1.000        ; -0.065     ; 3.686      ;
; -2.756 ; UARTReceiver:receiver_inst|tick_count[28] ; UARTReceiver:receiver_inst|tick_count[9]  ; clk          ; clk         ; 1.000        ; -0.065     ; 3.686      ;
; -2.756 ; UARTReceiver:receiver_inst|tick_count[28] ; UARTReceiver:receiver_inst|tick_count[10] ; clk          ; clk         ; 1.000        ; -0.065     ; 3.686      ;
; -2.756 ; UARTReceiver:receiver_inst|tick_count[28] ; UARTReceiver:receiver_inst|tick_count[11] ; clk          ; clk         ; 1.000        ; -0.065     ; 3.686      ;
; -2.756 ; UARTReceiver:receiver_inst|tick_count[28] ; UARTReceiver:receiver_inst|tick_count[14] ; clk          ; clk         ; 1.000        ; -0.065     ; 3.686      ;
+--------+-------------------------------------------+-------------------------------------------+--------------+-------------+--------------+------------+------------+


+---------------------------------------------------------------------------------------------------------------------------------------------------------------------+
; Slow 1200mV 85C Model Hold: 'clk'                                                                                                                                   ;
+-------+-------------------------------------------+-------------------------------------------+--------------+-------------+--------------+------------+------------+
; Slack ; From Node                                 ; To Node                                   ; Launch Clock ; Latch Clock ; Relationship ; Clock Skew ; Data Delay ;
+-------+-------------------------------------------+-------------------------------------------+--------------+-------------+--------------+------------+------------+
; 0.340 ; UARTSender:sender_inst|state.START        ; UARTSender:sender_inst|state.START        ; clk          ; clk         ; 0.000        ; 0.080      ; 0.577      ;
; 0.341 ; UARTReceiver:receiver_inst|data_reg[6]    ; UARTReceiver:receiver_inst|data_reg[6]    ; clk          ; clk         ; 0.000        ; 0.079      ; 0.577      ;
; 0.341 ; UARTReceiver:receiver_inst|data_reg[5]    ; UARTReceiver:receiver_inst|data_reg[5]    ; clk          ; clk         ; 0.000        ; 0.079      ; 0.577      ;
; 0.341 ; UARTReceiver:receiver_inst|data_reg[4]    ; UARTReceiver:receiver_inst|data_reg[4]    ; clk          ; clk         ; 0.000        ; 0.079      ; 0.577      ;
; 0.341 ; UARTReceiver:receiver_inst|state.STOP     ; UARTReceiver:receiver_inst|state.STOP     ; clk          ; clk         ; 0.000        ; 0.079      ; 0.577      ;
; 0.355 ; UARTReceiver:receiver_inst|correct_data   ; UARTReceiver:receiver_inst|correct_data   ; clk          ; clk         ; 0.000        ; 0.065      ; 0.577      ;
; 0.355 ; UARTReceiver:receiver_inst|parity_reg     ; UARTReceiver:receiver_inst|parity_reg     ; clk          ; clk         ; 0.000        ; 0.065      ; 0.577      ;
; 0.355 ; UARTReceiver:receiver_inst|data_reg[3]    ; UARTReceiver:receiver_inst|data_reg[3]    ; clk          ; clk         ; 0.000        ; 0.065      ; 0.577      ;
; 0.355 ; UARTReceiver:receiver_inst|data_reg[2]    ; UARTReceiver:receiver_inst|data_reg[2]    ; clk          ; clk         ; 0.000        ; 0.065      ; 0.577      ;
; 0.355 ; UARTReceiver:receiver_inst|data_reg[1]    ; UARTReceiver:receiver_inst|data_reg[1]    ; clk          ; clk         ; 0.000        ; 0.065      ; 0.577      ;
; 0.355 ; UARTReceiver:receiver_inst|data_reg[0]    ; UARTReceiver:receiver_inst|data_reg[0]    ; clk          ; clk         ; 0.000        ; 0.065      ; 0.577      ;
; 0.355 ; UARTReceiver:receiver_inst|bit_idx[0]     ; UARTReceiver:receiver_inst|bit_idx[0]     ; clk          ; clk         ; 0.000        ; 0.065      ; 0.577      ;
; 0.355 ; UARTReceiver:receiver_inst|bit_idx[2]     ; UARTReceiver:receiver_inst|bit_idx[2]     ; clk          ; clk         ; 0.000        ; 0.065      ; 0.577      ;
; 0.355 ; UARTReceiver:receiver_inst|bit_idx[1]     ; UARTReceiver:receiver_inst|bit_idx[1]     ; clk          ; clk         ; 0.000        ; 0.065      ; 0.577      ;
; 0.355 ; UARTReceiver:receiver_inst|state.PARITY   ; UARTReceiver:receiver_inst|state.PARITY   ; clk          ; clk         ; 0.000        ; 0.065      ; 0.577      ;
; 0.355 ; UARTReceiver:receiver_inst|state.IDLE     ; UARTReceiver:receiver_inst|state.IDLE     ; clk          ; clk         ; 0.000        ; 0.065      ; 0.577      ;
; 0.355 ; UARTReceiver:receiver_inst|state.DATA     ; UARTReceiver:receiver_inst|state.DATA     ; clk          ; clk         ; 0.000        ; 0.065      ; 0.577      ;
; 0.355 ; UARTSender:sender_inst|state.IDLE         ; UARTSender:sender_inst|state.IDLE         ; clk          ; clk         ; 0.000        ; 0.065      ; 0.577      ;
; 0.355 ; UARTSender:sender_inst|state.DATA         ; UARTSender:sender_inst|state.DATA         ; clk          ; clk         ; 0.000        ; 0.065      ; 0.577      ;
; 0.355 ; UARTSender:sender_inst|state.PARITY       ; UARTSender:sender_inst|state.PARITY       ; clk          ; clk         ; 0.000        ; 0.065      ; 0.577      ;
; 0.355 ; UARTSender:sender_inst|bit_idx[2]         ; UARTSender:sender_inst|bit_idx[2]         ; clk          ; clk         ; 0.000        ; 0.065      ; 0.577      ;
; 0.355 ; UARTSender:sender_inst|bit_idx[1]         ; UARTSender:sender_inst|bit_idx[1]         ; clk          ; clk         ; 0.000        ; 0.065      ; 0.577      ;
; 0.355 ; UARTSender:sender_inst|bit_idx[0]         ; UARTSender:sender_inst|bit_idx[0]         ; clk          ; clk         ; 0.000        ; 0.065      ; 0.577      ;
; 0.355 ; UARTSender:sender_inst|state.STOP         ; UARTSender:sender_inst|state.STOP         ; clk          ; clk         ; 0.000        ; 0.065      ; 0.577      ;
; 0.376 ; UARTReceiver:receiver_inst|data_reg[0]    ; UARTReceiver:receiver_inst|rec_data[0]    ; clk          ; clk         ; 0.000        ; 0.065      ; 0.598      ;
; 0.378 ; UARTReceiver:receiver_inst|data_reg[2]    ; UARTReceiver:receiver_inst|rec_data[2]    ; clk          ; clk         ; 0.000        ; 0.065      ; 0.600      ;
; 0.378 ; UARTReceiver:receiver_inst|data_reg[1]    ; UARTReceiver:receiver_inst|rec_data[1]    ; clk          ; clk         ; 0.000        ; 0.065      ; 0.600      ;
; 0.379 ; UARTReceiver:receiver_inst|state.PARITY   ; UARTReceiver:receiver_inst|parity_reg     ; clk          ; clk         ; 0.000        ; 0.065      ; 0.601      ;
; 0.380 ; UARTReceiver:receiver_inst|state.PARITY   ; UARTReceiver:receiver_inst|state.DATA     ; clk          ; clk         ; 0.000        ; 0.065      ; 0.602      ;
; 0.491 ; UARTReceiver:receiver_inst|tick_count[17] ; UARTReceiver:receiver_inst|tick_count[18] ; clk          ; clk         ; 0.000        ; 0.419      ; 1.067      ;
; 0.504 ; UARTReceiver:receiver_inst|tick_count[0]  ; UARTReceiver:receiver_inst|tick_count[1]  ; clk          ; clk         ; 0.000        ; 0.420      ; 1.081      ;
; 0.506 ; UARTSender:sender_inst|state.IDLE         ; UARTSender:sender_inst|tick_count[23]     ; clk          ; clk         ; 0.000        ; 0.423      ; 1.086      ;
; 0.507 ; UARTReceiver:receiver_inst|tick_count[30] ; UARTReceiver:receiver_inst|tick_count[31] ; clk          ; clk         ; 0.000        ; 0.419      ; 1.083      ;
; 0.508 ; UARTReceiver:receiver_inst|tick_count[16] ; UARTReceiver:receiver_inst|tick_count[18] ; clk          ; clk         ; 0.000        ; 0.419      ; 1.084      ;
; 0.513 ; UARTSender:sender_inst|state.IDLE         ; UARTSender:sender_inst|tick_count[22]     ; clk          ; clk         ; 0.000        ; 0.423      ; 1.093      ;
; 0.515 ; UARTSender:sender_inst|state.IDLE         ; UARTSender:sender_inst|tick_count[21]     ; clk          ; clk         ; 0.000        ; 0.423      ; 1.095      ;
; 0.525 ; UARTReceiver:receiver_inst|data_reg[3]    ; UARTReceiver:receiver_inst|rec_data[3]    ; clk          ; clk         ; 0.000        ; 0.065      ; 0.747      ;
; 0.549 ; UARTSender:sender_inst|state.DATA         ; UARTSender:sender_inst|state.START        ; clk          ; clk         ; 0.000        ; 0.449      ; 1.155      ;
; 0.558 ; UARTReceiver:receiver_inst|tick_count[1]  ; UARTReceiver:receiver_inst|tick_count[1]  ; clk          ; clk         ; 0.000        ; 0.078      ; 0.793      ;
; 0.559 ; UARTReceiver:receiver_inst|tick_count[19] ; UARTReceiver:receiver_inst|tick_count[19] ; clk          ; clk         ; 0.000        ; 0.078      ; 0.794      ;
; 0.560 ; UARTReceiver:receiver_inst|tick_count[31] ; UARTReceiver:receiver_inst|tick_count[31] ; clk          ; clk         ; 0.000        ; 0.078      ; 0.795      ;
; 0.561 ; UARTReceiver:receiver_inst|tick_count[20] ; UARTReceiver:receiver_inst|tick_count[20] ; clk          ; clk         ; 0.000        ; 0.078      ; 0.796      ;
; 0.561 ; UARTReceiver:receiver_inst|tick_count[18] ; UARTReceiver:receiver_inst|tick_count[18] ; clk          ; clk         ; 0.000        ; 0.078      ; 0.796      ;
; 0.570 ; UARTReceiver:receiver_inst|tick_count[15] ; UARTReceiver:receiver_inst|tick_count[15] ; clk          ; clk         ; 0.000        ; 0.065      ; 0.792      ;
; 0.571 ; UARTReceiver:receiver_inst|tick_count[3]  ; UARTReceiver:receiver_inst|tick_count[3]  ; clk          ; clk         ; 0.000        ; 0.065      ; 0.793      ;
; 0.571 ; UARTReceiver:receiver_inst|tick_count[5]  ; UARTReceiver:receiver_inst|tick_count[5]  ; clk          ; clk         ; 0.000        ; 0.065      ; 0.793      ;
; 0.571 ; UARTReceiver:receiver_inst|tick_count[13] ; UARTReceiver:receiver_inst|tick_count[13] ; clk          ; clk         ; 0.000        ; 0.065      ; 0.793      ;
; 0.572 ; UARTReceiver:receiver_inst|tick_count[7]  ; UARTReceiver:receiver_inst|tick_count[7]  ; clk          ; clk         ; 0.000        ; 0.065      ; 0.794      ;
; 0.572 ; UARTReceiver:receiver_inst|tick_count[9]  ; UARTReceiver:receiver_inst|tick_count[9]  ; clk          ; clk         ; 0.000        ; 0.065      ; 0.794      ;
; 0.572 ; UARTReceiver:receiver_inst|tick_count[11] ; UARTReceiver:receiver_inst|tick_count[11] ; clk          ; clk         ; 0.000        ; 0.065      ; 0.794      ;
; 0.572 ; UARTReceiver:receiver_inst|tick_count[17] ; UARTReceiver:receiver_inst|tick_count[17] ; clk          ; clk         ; 0.000        ; 0.064      ; 0.793      ;
; 0.573 ; UARTReceiver:receiver_inst|tick_count[2]  ; UARTReceiver:receiver_inst|tick_count[2]  ; clk          ; clk         ; 0.000        ; 0.065      ; 0.795      ;
; 0.573 ; UARTReceiver:receiver_inst|tick_count[6]  ; UARTReceiver:receiver_inst|tick_count[6]  ; clk          ; clk         ; 0.000        ; 0.065      ; 0.795      ;
; 0.573 ; UARTReceiver:receiver_inst|tick_count[14] ; UARTReceiver:receiver_inst|tick_count[14] ; clk          ; clk         ; 0.000        ; 0.065      ; 0.795      ;
; 0.573 ; UARTReceiver:receiver_inst|tick_count[21] ; UARTReceiver:receiver_inst|tick_count[21] ; clk          ; clk         ; 0.000        ; 0.064      ; 0.794      ;
; 0.573 ; UARTReceiver:receiver_inst|tick_count[29] ; UARTReceiver:receiver_inst|tick_count[29] ; clk          ; clk         ; 0.000        ; 0.064      ; 0.794      ;
; 0.574 ; UARTReceiver:receiver_inst|tick_count[12] ; UARTReceiver:receiver_inst|tick_count[12] ; clk          ; clk         ; 0.000        ; 0.065      ; 0.796      ;
; 0.574 ; UARTReceiver:receiver_inst|tick_count[4]  ; UARTReceiver:receiver_inst|tick_count[4]  ; clk          ; clk         ; 0.000        ; 0.065      ; 0.796      ;
; 0.574 ; UARTReceiver:receiver_inst|tick_count[8]  ; UARTReceiver:receiver_inst|tick_count[8]  ; clk          ; clk         ; 0.000        ; 0.065      ; 0.796      ;
; 0.574 ; UARTReceiver:receiver_inst|tick_count[10] ; UARTReceiver:receiver_inst|tick_count[10] ; clk          ; clk         ; 0.000        ; 0.065      ; 0.796      ;
; 0.574 ; UARTReceiver:receiver_inst|tick_count[16] ; UARTReceiver:receiver_inst|tick_count[16] ; clk          ; clk         ; 0.000        ; 0.064      ; 0.795      ;
; 0.574 ; UARTReceiver:receiver_inst|tick_count[22] ; UARTReceiver:receiver_inst|tick_count[22] ; clk          ; clk         ; 0.000        ; 0.064      ; 0.795      ;
; 0.574 ; UARTReceiver:receiver_inst|tick_count[23] ; UARTReceiver:receiver_inst|tick_count[23] ; clk          ; clk         ; 0.000        ; 0.064      ; 0.795      ;
; 0.574 ; UARTReceiver:receiver_inst|tick_count[25] ; UARTReceiver:receiver_inst|tick_count[25] ; clk          ; clk         ; 0.000        ; 0.064      ; 0.795      ;
; 0.574 ; UARTReceiver:receiver_inst|tick_count[27] ; UARTReceiver:receiver_inst|tick_count[27] ; clk          ; clk         ; 0.000        ; 0.064      ; 0.795      ;
; 0.575 ; UARTReceiver:receiver_inst|tick_count[30] ; UARTReceiver:receiver_inst|tick_count[30] ; clk          ; clk         ; 0.000        ; 0.064      ; 0.796      ;
; 0.576 ; UARTReceiver:receiver_inst|tick_count[24] ; UARTReceiver:receiver_inst|tick_count[24] ; clk          ; clk         ; 0.000        ; 0.064      ; 0.797      ;
; 0.576 ; UARTReceiver:receiver_inst|tick_count[26] ; UARTReceiver:receiver_inst|tick_count[26] ; clk          ; clk         ; 0.000        ; 0.064      ; 0.797      ;
; 0.576 ; UARTReceiver:receiver_inst|tick_count[28] ; UARTReceiver:receiver_inst|tick_count[28] ; clk          ; clk         ; 0.000        ; 0.064      ; 0.797      ;
; 0.592 ; UARTReceiver:receiver_inst|tick_count[0]  ; UARTReceiver:receiver_inst|tick_count[0]  ; clk          ; clk         ; 0.000        ; 0.065      ; 0.814      ;
; 0.594 ; UARTSender:sender_inst|state.IDLE         ; UARTSender:sender_inst|tick_count[24]     ; clk          ; clk         ; 0.000        ; 0.423      ; 1.174      ;
; 0.601 ; UARTReceiver:receiver_inst|tick_count[17] ; UARTReceiver:receiver_inst|tick_count[19] ; clk          ; clk         ; 0.000        ; 0.419      ; 1.177      ;
; 0.602 ; UARTReceiver:receiver_inst|tick_count[15] ; UARTReceiver:receiver_inst|tick_count[18] ; clk          ; clk         ; 0.000        ; 0.420      ; 1.179      ;
; 0.603 ; UARTReceiver:receiver_inst|tick_count[29] ; UARTReceiver:receiver_inst|tick_count[31] ; clk          ; clk         ; 0.000        ; 0.419      ; 1.179      ;
; 0.603 ; UARTReceiver:receiver_inst|tick_count[17] ; UARTReceiver:receiver_inst|tick_count[20] ; clk          ; clk         ; 0.000        ; 0.419      ; 1.179      ;
; 0.616 ; UARTSender:sender_inst|state.DATA         ; UARTSender:sender_inst|state.STOP         ; clk          ; clk         ; 0.000        ; 0.065      ; 0.838      ;
; 0.618 ; UARTReceiver:receiver_inst|state.DATA     ; UARTReceiver:receiver_inst|data_reg[5]    ; clk          ; clk         ; 0.000        ; 0.420      ; 1.195      ;
; 0.618 ; UARTReceiver:receiver_inst|tick_count[16] ; UARTReceiver:receiver_inst|tick_count[19] ; clk          ; clk         ; 0.000        ; 0.419      ; 1.194      ;
; 0.619 ; UARTReceiver:receiver_inst|tick_count[14] ; UARTReceiver:receiver_inst|tick_count[18] ; clk          ; clk         ; 0.000        ; 0.420      ; 1.196      ;
; 0.620 ; UARTReceiver:receiver_inst|tick_count[28] ; UARTReceiver:receiver_inst|tick_count[31] ; clk          ; clk         ; 0.000        ; 0.419      ; 1.196      ;
; 0.620 ; UARTReceiver:receiver_inst|tick_count[16] ; UARTReceiver:receiver_inst|tick_count[20] ; clk          ; clk         ; 0.000        ; 0.419      ; 1.196      ;
; 0.623 ; UARTReceiver:receiver_inst|bit_idx[2]     ; UARTReceiver:receiver_inst|data_reg[4]    ; clk          ; clk         ; 0.000        ; 0.420      ; 1.200      ;
; 0.634 ; UARTReceiver:receiver_inst|bit_idx[2]     ; UARTReceiver:receiver_inst|state.START    ; clk          ; clk         ; 0.000        ; 0.420      ; 1.211      ;
; 0.635 ; UARTReceiver:receiver_inst|bit_idx[2]     ; UARTReceiver:receiver_inst|data_reg[6]    ; clk          ; clk         ; 0.000        ; 0.420      ; 1.212      ;
; 0.638 ; UARTReceiver:receiver_inst|bit_idx[2]     ; UARTReceiver:receiver_inst|state.STOP     ; clk          ; clk         ; 0.000        ; 0.420      ; 1.215      ;
; 0.645 ; UARTSender:sender_inst|state.IDLE         ; UARTSender:sender_inst|busy               ; clk          ; clk         ; 0.000        ; 0.065      ; 0.867      ;
; 0.649 ; UARTReceiver:receiver_inst|bit_idx[0]     ; UARTReceiver:receiver_inst|bit_idx[1]     ; clk          ; clk         ; 0.000        ; 0.065      ; 0.871      ;
; 0.661 ; UARTSender:sender_inst|state.DATA         ; UARTSender:sender_inst|bit_idx[2]         ; clk          ; clk         ; 0.000        ; 0.065      ; 0.883      ;
; 0.664 ; UARTSender:sender_inst|state.DATA         ; UARTSender:sender_inst|bit_idx[1]         ; clk          ; clk         ; 0.000        ; 0.065      ; 0.886      ;
; 0.669 ; UARTSender:sender_inst|state.DATA         ; UARTSender:sender_inst|bit_idx[0]         ; clk          ; clk         ; 0.000        ; 0.065      ; 0.891      ;
; 0.679 ; UARTReceiver:receiver_inst|state.DATA     ; UARTReceiver:receiver_inst|bit_idx[0]     ; clk          ; clk         ; 0.000        ; 0.065      ; 0.901      ;
; 0.680 ; UARTReceiver:receiver_inst|state.DATA     ; UARTReceiver:receiver_inst|bit_idx[1]     ; clk          ; clk         ; 0.000        ; 0.065      ; 0.902      ;
; 0.685 ; UARTReceiver:receiver_inst|state.DATA     ; UARTReceiver:receiver_inst|bit_idx[2]     ; clk          ; clk         ; 0.000        ; 0.065      ; 0.907      ;
; 0.692 ; UARTReceiver:receiver_inst|state.IDLE     ; UARTReceiver:receiver_inst|correct_data   ; clk          ; clk         ; 0.000        ; 0.065      ; 0.914      ;
; 0.695 ; UARTSender:sender_inst|state.PARITY       ; UARTSender:sender_inst|state.DATA         ; clk          ; clk         ; 0.000        ; 0.065      ; 0.917      ;
; 0.705 ; UARTReceiver:receiver_inst|state.IDLE     ; UARTReceiver:receiver_inst|state.START    ; clk          ; clk         ; 0.000        ; 0.420      ; 1.282      ;
; 0.709 ; UARTReceiver:receiver_inst|bit_idx[0]     ; UARTReceiver:receiver_inst|data_reg[5]    ; clk          ; clk         ; 0.000        ; 0.420      ; 1.286      ;
; 0.712 ; UARTReceiver:receiver_inst|tick_count[15] ; UARTReceiver:receiver_inst|tick_count[19] ; clk          ; clk         ; 0.000        ; 0.420      ; 1.289      ;
; 0.714 ; UARTReceiver:receiver_inst|tick_count[15] ; UARTReceiver:receiver_inst|tick_count[20] ; clk          ; clk         ; 0.000        ; 0.420      ; 1.291      ;
; 0.715 ; UARTReceiver:receiver_inst|tick_count[13] ; UARTReceiver:receiver_inst|tick_count[18] ; clk          ; clk         ; 0.000        ; 0.420      ; 1.292      ;
+-------+-------------------------------------------+-------------------------------------------+--------------+-------------+--------------+------------+------------+


-----------------------------------------------
; Slow 1200mV 85C Model Metastability Summary ;
-----------------------------------------------
No synchronizer chains to report.


+-----------------------------------------------------------------------------------------------------------+
; Slow 1200mV 0C Model Fmax Summary                                                                         ;
+------------+-----------------+------------+---------------------------------------------------------------+
; Fmax       ; Restricted Fmax ; Clock Name ; Note                                                          ;
+------------+-----------------+------------+---------------------------------------------------------------+
; 276.09 MHz ; 250.0 MHz       ; clk        ; limit due to minimum period restriction (max I/O toggle rate) ;
+------------+-----------------+------------+---------------------------------------------------------------+
This panel reports FMAX for every clock in the design, regardless of the user-specified clock periods.  FMAX is only computed for paths where the source and destination registers or ports are driven by the same clock.  Paths of different clocks, including generated clocks, are ignored.  For paths between a clock and its inversion, FMAX is computed as if the rising and falling edges are scaled along with FMAX, such that the duty cycle (in terms of a percentage) is maintained. Altera recommends that you always use clock constraints and other slack reports for sign-off analysis.


+------------------------------------+
; Slow 1200mV 0C Model Setup Summary ;
+-------+--------+-------------------+
; Clock ; Slack  ; End Point TNS     ;
+-------+--------+-------------------+
; clk   ; -2.622 ; -212.389          ;
+-------+--------+-------------------+


+-----------------------------------+
; Slow 1200mV 0C Model Hold Summary ;
+-------+-------+-------------------+
; Clock ; Slack ; End Point TNS     ;
+-------+-------+-------------------+
; clk   ; 0.295 ; 0.000             ;
+-------+-------+-------------------+


-----------------------------------------
; Slow 1200mV 0C Model Recovery Summary ;
-----------------------------------------
No paths to report.


----------------------------------------
; Slow 1200mV 0C Model Removal Summary ;
----------------------------------------
No paths to report.


+--------------------------------------------------+
; Slow 1200mV 0C Model Minimum Pulse Width Summary ;
+-------+--------+---------------------------------+
; Clock ; Slack  ; End Point TNS                   ;
+-------+--------+---------------------------------+
; clk   ; -3.000 ; -110.000                        ;
+-------+--------+---------------------------------+


+----------------------------------------------------------------------------------------------------------------------------------------------------------------------+
; Slow 1200mV 0C Model Setup: 'clk'                                                                                                                                    ;
+--------+-------------------------------------------+-------------------------------------------+--------------+-------------+--------------+------------+------------+
; Slack  ; From Node                                 ; To Node                                   ; Launch Clock ; Latch Clock ; Relationship ; Clock Skew ; Data Delay ;
+--------+-------------------------------------------+-------------------------------------------+--------------+-------------+--------------+------------+------------+
; -2.622 ; UARTReceiver:receiver_inst|tick_count[26] ; UARTReceiver:receiver_inst|rec_data[0]    ; clk          ; clk         ; 1.000        ; -0.051     ; 3.566      ;
; -2.622 ; UARTReceiver:receiver_inst|tick_count[26] ; UARTReceiver:receiver_inst|rec_data[1]    ; clk          ; clk         ; 1.000        ; -0.051     ; 3.566      ;
; -2.622 ; UARTReceiver:receiver_inst|tick_count[26] ; UARTReceiver:receiver_inst|rec_data[2]    ; clk          ; clk         ; 1.000        ; -0.051     ; 3.566      ;
; -2.622 ; UARTReceiver:receiver_inst|tick_count[26] ; UARTReceiver:receiver_inst|rec_data[3]    ; clk          ; clk         ; 1.000        ; -0.051     ; 3.566      ;
; -2.622 ; UARTReceiver:receiver_inst|tick_count[26] ; UARTReceiver:receiver_inst|rec_data[4]    ; clk          ; clk         ; 1.000        ; -0.051     ; 3.566      ;
; -2.622 ; UARTReceiver:receiver_inst|tick_count[26] ; UARTReceiver:receiver_inst|rec_data[5]    ; clk          ; clk         ; 1.000        ; -0.051     ; 3.566      ;
; -2.622 ; UARTReceiver:receiver_inst|tick_count[26] ; UARTReceiver:receiver_inst|rec_data[6]    ; clk          ; clk         ; 1.000        ; -0.051     ; 3.566      ;
; -2.609 ; UARTReceiver:receiver_inst|tick_count[15] ; UARTReceiver:receiver_inst|rec_data[0]    ; clk          ; clk         ; 1.000        ; -0.051     ; 3.553      ;
; -2.609 ; UARTReceiver:receiver_inst|tick_count[15] ; UARTReceiver:receiver_inst|rec_data[1]    ; clk          ; clk         ; 1.000        ; -0.051     ; 3.553      ;
; -2.609 ; UARTReceiver:receiver_inst|tick_count[15] ; UARTReceiver:receiver_inst|rec_data[2]    ; clk          ; clk         ; 1.000        ; -0.051     ; 3.553      ;
; -2.609 ; UARTReceiver:receiver_inst|tick_count[15] ; UARTReceiver:receiver_inst|rec_data[3]    ; clk          ; clk         ; 1.000        ; -0.051     ; 3.553      ;
; -2.609 ; UARTReceiver:receiver_inst|tick_count[15] ; UARTReceiver:receiver_inst|rec_data[4]    ; clk          ; clk         ; 1.000        ; -0.051     ; 3.553      ;
; -2.609 ; UARTReceiver:receiver_inst|tick_count[15] ; UARTReceiver:receiver_inst|rec_data[5]    ; clk          ; clk         ; 1.000        ; -0.051     ; 3.553      ;
; -2.609 ; UARTReceiver:receiver_inst|tick_count[15] ; UARTReceiver:receiver_inst|rec_data[6]    ; clk          ; clk         ; 1.000        ; -0.051     ; 3.553      ;
; -2.533 ; UARTReceiver:receiver_inst|tick_count[26] ; UARTReceiver:receiver_inst|tick_count[12] ; clk          ; clk         ; 1.000        ; -0.057     ; 3.471      ;
; -2.533 ; UARTReceiver:receiver_inst|tick_count[26] ; UARTReceiver:receiver_inst|tick_count[0]  ; clk          ; clk         ; 1.000        ; -0.057     ; 3.471      ;
; -2.533 ; UARTReceiver:receiver_inst|tick_count[26] ; UARTReceiver:receiver_inst|tick_count[2]  ; clk          ; clk         ; 1.000        ; -0.057     ; 3.471      ;
; -2.533 ; UARTReceiver:receiver_inst|tick_count[26] ; UARTReceiver:receiver_inst|tick_count[3]  ; clk          ; clk         ; 1.000        ; -0.057     ; 3.471      ;
; -2.533 ; UARTReceiver:receiver_inst|tick_count[26] ; UARTReceiver:receiver_inst|tick_count[4]  ; clk          ; clk         ; 1.000        ; -0.057     ; 3.471      ;
; -2.533 ; UARTReceiver:receiver_inst|tick_count[26] ; UARTReceiver:receiver_inst|tick_count[5]  ; clk          ; clk         ; 1.000        ; -0.057     ; 3.471      ;
; -2.533 ; UARTReceiver:receiver_inst|tick_count[26] ; UARTReceiver:receiver_inst|tick_count[6]  ; clk          ; clk         ; 1.000        ; -0.057     ; 3.471      ;
; -2.533 ; UARTReceiver:receiver_inst|tick_count[26] ; UARTReceiver:receiver_inst|tick_count[7]  ; clk          ; clk         ; 1.000        ; -0.057     ; 3.471      ;
; -2.533 ; UARTReceiver:receiver_inst|tick_count[26] ; UARTReceiver:receiver_inst|tick_count[8]  ; clk          ; clk         ; 1.000        ; -0.057     ; 3.471      ;
; -2.533 ; UARTReceiver:receiver_inst|tick_count[26] ; UARTReceiver:receiver_inst|tick_count[9]  ; clk          ; clk         ; 1.000        ; -0.057     ; 3.471      ;
; -2.533 ; UARTReceiver:receiver_inst|tick_count[26] ; UARTReceiver:receiver_inst|tick_count[10] ; clk          ; clk         ; 1.000        ; -0.057     ; 3.471      ;
; -2.533 ; UARTReceiver:receiver_inst|tick_count[26] ; UARTReceiver:receiver_inst|tick_count[11] ; clk          ; clk         ; 1.000        ; -0.057     ; 3.471      ;
; -2.533 ; UARTReceiver:receiver_inst|tick_count[26] ; UARTReceiver:receiver_inst|tick_count[14] ; clk          ; clk         ; 1.000        ; -0.057     ; 3.471      ;
; -2.533 ; UARTReceiver:receiver_inst|tick_count[26] ; UARTReceiver:receiver_inst|tick_count[13] ; clk          ; clk         ; 1.000        ; -0.057     ; 3.471      ;
; -2.533 ; UARTReceiver:receiver_inst|tick_count[26] ; UARTReceiver:receiver_inst|tick_count[15] ; clk          ; clk         ; 1.000        ; -0.057     ; 3.471      ;
; -2.520 ; UARTReceiver:receiver_inst|tick_count[15] ; UARTReceiver:receiver_inst|tick_count[12] ; clk          ; clk         ; 1.000        ; -0.057     ; 3.458      ;
; -2.520 ; UARTReceiver:receiver_inst|tick_count[15] ; UARTReceiver:receiver_inst|tick_count[0]  ; clk          ; clk         ; 1.000        ; -0.057     ; 3.458      ;
; -2.520 ; UARTReceiver:receiver_inst|tick_count[15] ; UARTReceiver:receiver_inst|tick_count[2]  ; clk          ; clk         ; 1.000        ; -0.057     ; 3.458      ;
; -2.520 ; UARTReceiver:receiver_inst|tick_count[15] ; UARTReceiver:receiver_inst|tick_count[3]  ; clk          ; clk         ; 1.000        ; -0.057     ; 3.458      ;
; -2.520 ; UARTReceiver:receiver_inst|tick_count[15] ; UARTReceiver:receiver_inst|tick_count[4]  ; clk          ; clk         ; 1.000        ; -0.057     ; 3.458      ;
; -2.520 ; UARTReceiver:receiver_inst|tick_count[15] ; UARTReceiver:receiver_inst|tick_count[5]  ; clk          ; clk         ; 1.000        ; -0.057     ; 3.458      ;
; -2.520 ; UARTReceiver:receiver_inst|tick_count[15] ; UARTReceiver:receiver_inst|tick_count[6]  ; clk          ; clk         ; 1.000        ; -0.057     ; 3.458      ;
; -2.520 ; UARTReceiver:receiver_inst|tick_count[15] ; UARTReceiver:receiver_inst|tick_count[7]  ; clk          ; clk         ; 1.000        ; -0.057     ; 3.458      ;
; -2.520 ; UARTReceiver:receiver_inst|tick_count[15] ; UARTReceiver:receiver_inst|tick_count[8]  ; clk          ; clk         ; 1.000        ; -0.057     ; 3.458      ;
; -2.520 ; UARTReceiver:receiver_inst|tick_count[15] ; UARTReceiver:receiver_inst|tick_count[9]  ; clk          ; clk         ; 1.000        ; -0.057     ; 3.458      ;
; -2.520 ; UARTReceiver:receiver_inst|tick_count[15] ; UARTReceiver:receiver_inst|tick_count[10] ; clk          ; clk         ; 1.000        ; -0.057     ; 3.458      ;
; -2.520 ; UARTReceiver:receiver_inst|tick_count[15] ; UARTReceiver:receiver_inst|tick_count[11] ; clk          ; clk         ; 1.000        ; -0.057     ; 3.458      ;
; -2.520 ; UARTReceiver:receiver_inst|tick_count[15] ; UARTReceiver:receiver_inst|tick_count[14] ; clk          ; clk         ; 1.000        ; -0.057     ; 3.458      ;
; -2.520 ; UARTReceiver:receiver_inst|tick_count[15] ; UARTReceiver:receiver_inst|tick_count[13] ; clk          ; clk         ; 1.000        ; -0.057     ; 3.458      ;
; -2.520 ; UARTReceiver:receiver_inst|tick_count[15] ; UARTReceiver:receiver_inst|tick_count[15] ; clk          ; clk         ; 1.000        ; -0.057     ; 3.458      ;
; -2.472 ; UARTReceiver:receiver_inst|tick_count[25] ; UARTReceiver:receiver_inst|rec_data[0]    ; clk          ; clk         ; 1.000        ; -0.051     ; 3.416      ;
; -2.472 ; UARTReceiver:receiver_inst|tick_count[25] ; UARTReceiver:receiver_inst|rec_data[1]    ; clk          ; clk         ; 1.000        ; -0.051     ; 3.416      ;
; -2.472 ; UARTReceiver:receiver_inst|tick_count[25] ; UARTReceiver:receiver_inst|rec_data[2]    ; clk          ; clk         ; 1.000        ; -0.051     ; 3.416      ;
; -2.472 ; UARTReceiver:receiver_inst|tick_count[25] ; UARTReceiver:receiver_inst|rec_data[3]    ; clk          ; clk         ; 1.000        ; -0.051     ; 3.416      ;
; -2.472 ; UARTReceiver:receiver_inst|tick_count[25] ; UARTReceiver:receiver_inst|rec_data[4]    ; clk          ; clk         ; 1.000        ; -0.051     ; 3.416      ;
; -2.472 ; UARTReceiver:receiver_inst|tick_count[25] ; UARTReceiver:receiver_inst|rec_data[5]    ; clk          ; clk         ; 1.000        ; -0.051     ; 3.416      ;
; -2.472 ; UARTReceiver:receiver_inst|tick_count[25] ; UARTReceiver:receiver_inst|rec_data[6]    ; clk          ; clk         ; 1.000        ; -0.051     ; 3.416      ;
; -2.468 ; UARTReceiver:receiver_inst|tick_count[28] ; UARTReceiver:receiver_inst|rec_data[0]    ; clk          ; clk         ; 1.000        ; -0.051     ; 3.412      ;
; -2.468 ; UARTReceiver:receiver_inst|tick_count[28] ; UARTReceiver:receiver_inst|rec_data[1]    ; clk          ; clk         ; 1.000        ; -0.051     ; 3.412      ;
; -2.468 ; UARTReceiver:receiver_inst|tick_count[28] ; UARTReceiver:receiver_inst|rec_data[2]    ; clk          ; clk         ; 1.000        ; -0.051     ; 3.412      ;
; -2.468 ; UARTReceiver:receiver_inst|tick_count[28] ; UARTReceiver:receiver_inst|rec_data[3]    ; clk          ; clk         ; 1.000        ; -0.051     ; 3.412      ;
; -2.468 ; UARTReceiver:receiver_inst|tick_count[28] ; UARTReceiver:receiver_inst|rec_data[4]    ; clk          ; clk         ; 1.000        ; -0.051     ; 3.412      ;
; -2.468 ; UARTReceiver:receiver_inst|tick_count[28] ; UARTReceiver:receiver_inst|rec_data[5]    ; clk          ; clk         ; 1.000        ; -0.051     ; 3.412      ;
; -2.468 ; UARTReceiver:receiver_inst|tick_count[28] ; UARTReceiver:receiver_inst|rec_data[6]    ; clk          ; clk         ; 1.000        ; -0.051     ; 3.412      ;
; -2.465 ; UARTReceiver:receiver_inst|tick_count[23] ; UARTReceiver:receiver_inst|rec_data[0]    ; clk          ; clk         ; 1.000        ; -0.051     ; 3.409      ;
; -2.465 ; UARTReceiver:receiver_inst|tick_count[23] ; UARTReceiver:receiver_inst|rec_data[1]    ; clk          ; clk         ; 1.000        ; -0.051     ; 3.409      ;
; -2.465 ; UARTReceiver:receiver_inst|tick_count[23] ; UARTReceiver:receiver_inst|rec_data[2]    ; clk          ; clk         ; 1.000        ; -0.051     ; 3.409      ;
; -2.465 ; UARTReceiver:receiver_inst|tick_count[23] ; UARTReceiver:receiver_inst|rec_data[3]    ; clk          ; clk         ; 1.000        ; -0.051     ; 3.409      ;
; -2.465 ; UARTReceiver:receiver_inst|tick_count[23] ; UARTReceiver:receiver_inst|rec_data[4]    ; clk          ; clk         ; 1.000        ; -0.051     ; 3.409      ;
; -2.465 ; UARTReceiver:receiver_inst|tick_count[23] ; UARTReceiver:receiver_inst|rec_data[5]    ; clk          ; clk         ; 1.000        ; -0.051     ; 3.409      ;
; -2.465 ; UARTReceiver:receiver_inst|tick_count[23] ; UARTReceiver:receiver_inst|rec_data[6]    ; clk          ; clk         ; 1.000        ; -0.051     ; 3.409      ;
; -2.444 ; UARTReceiver:receiver_inst|tick_count[30] ; UARTReceiver:receiver_inst|rec_data[0]    ; clk          ; clk         ; 1.000        ; -0.051     ; 3.388      ;
; -2.444 ; UARTReceiver:receiver_inst|tick_count[30] ; UARTReceiver:receiver_inst|rec_data[1]    ; clk          ; clk         ; 1.000        ; -0.051     ; 3.388      ;
; -2.444 ; UARTReceiver:receiver_inst|tick_count[30] ; UARTReceiver:receiver_inst|rec_data[2]    ; clk          ; clk         ; 1.000        ; -0.051     ; 3.388      ;
; -2.444 ; UARTReceiver:receiver_inst|tick_count[30] ; UARTReceiver:receiver_inst|rec_data[3]    ; clk          ; clk         ; 1.000        ; -0.051     ; 3.388      ;
; -2.444 ; UARTReceiver:receiver_inst|tick_count[30] ; UARTReceiver:receiver_inst|rec_data[4]    ; clk          ; clk         ; 1.000        ; -0.051     ; 3.388      ;
; -2.444 ; UARTReceiver:receiver_inst|tick_count[30] ; UARTReceiver:receiver_inst|rec_data[5]    ; clk          ; clk         ; 1.000        ; -0.051     ; 3.388      ;
; -2.444 ; UARTReceiver:receiver_inst|tick_count[30] ; UARTReceiver:receiver_inst|rec_data[6]    ; clk          ; clk         ; 1.000        ; -0.051     ; 3.388      ;
; -2.444 ; UARTReceiver:receiver_inst|tick_count[13] ; UARTReceiver:receiver_inst|rec_data[0]    ; clk          ; clk         ; 1.000        ; -0.051     ; 3.388      ;
; -2.444 ; UARTReceiver:receiver_inst|tick_count[13] ; UARTReceiver:receiver_inst|rec_data[1]    ; clk          ; clk         ; 1.000        ; -0.051     ; 3.388      ;
; -2.444 ; UARTReceiver:receiver_inst|tick_count[13] ; UARTReceiver:receiver_inst|rec_data[2]    ; clk          ; clk         ; 1.000        ; -0.051     ; 3.388      ;
; -2.444 ; UARTReceiver:receiver_inst|tick_count[13] ; UARTReceiver:receiver_inst|rec_data[3]    ; clk          ; clk         ; 1.000        ; -0.051     ; 3.388      ;
; -2.444 ; UARTReceiver:receiver_inst|tick_count[13] ; UARTReceiver:receiver_inst|rec_data[4]    ; clk          ; clk         ; 1.000        ; -0.051     ; 3.388      ;
; -2.444 ; UARTReceiver:receiver_inst|tick_count[13] ; UARTReceiver:receiver_inst|rec_data[5]    ; clk          ; clk         ; 1.000        ; -0.051     ; 3.388      ;
; -2.444 ; UARTReceiver:receiver_inst|tick_count[13] ; UARTReceiver:receiver_inst|rec_data[6]    ; clk          ; clk         ; 1.000        ; -0.051     ; 3.388      ;
; -2.416 ; UARTReceiver:receiver_inst|tick_count[2]  ; UARTReceiver:receiver_inst|rec_data[0]    ; clk          ; clk         ; 1.000        ; -0.051     ; 3.360      ;
; -2.416 ; UARTReceiver:receiver_inst|tick_count[2]  ; UARTReceiver:receiver_inst|rec_data[1]    ; clk          ; clk         ; 1.000        ; -0.051     ; 3.360      ;
; -2.416 ; UARTReceiver:receiver_inst|tick_count[2]  ; UARTReceiver:receiver_inst|rec_data[2]    ; clk          ; clk         ; 1.000        ; -0.051     ; 3.360      ;
; -2.416 ; UARTReceiver:receiver_inst|tick_count[2]  ; UARTReceiver:receiver_inst|rec_data[3]    ; clk          ; clk         ; 1.000        ; -0.051     ; 3.360      ;
; -2.416 ; UARTReceiver:receiver_inst|tick_count[2]  ; UARTReceiver:receiver_inst|rec_data[4]    ; clk          ; clk         ; 1.000        ; -0.051     ; 3.360      ;
; -2.416 ; UARTReceiver:receiver_inst|tick_count[2]  ; UARTReceiver:receiver_inst|rec_data[5]    ; clk          ; clk         ; 1.000        ; -0.051     ; 3.360      ;
; -2.416 ; UARTReceiver:receiver_inst|tick_count[2]  ; UARTReceiver:receiver_inst|rec_data[6]    ; clk          ; clk         ; 1.000        ; -0.051     ; 3.360      ;
; -2.402 ; UARTReceiver:receiver_inst|tick_count[15] ; UARTReceiver:receiver_inst|state.IDLE     ; clk          ; clk         ; 1.000        ; -0.051     ; 3.346      ;
; -2.383 ; UARTReceiver:receiver_inst|tick_count[25] ; UARTReceiver:receiver_inst|tick_count[12] ; clk          ; clk         ; 1.000        ; -0.057     ; 3.321      ;
; -2.383 ; UARTReceiver:receiver_inst|tick_count[25] ; UARTReceiver:receiver_inst|tick_count[0]  ; clk          ; clk         ; 1.000        ; -0.057     ; 3.321      ;
; -2.383 ; UARTReceiver:receiver_inst|tick_count[25] ; UARTReceiver:receiver_inst|tick_count[2]  ; clk          ; clk         ; 1.000        ; -0.057     ; 3.321      ;
; -2.383 ; UARTReceiver:receiver_inst|tick_count[25] ; UARTReceiver:receiver_inst|tick_count[3]  ; clk          ; clk         ; 1.000        ; -0.057     ; 3.321      ;
; -2.383 ; UARTReceiver:receiver_inst|tick_count[25] ; UARTReceiver:receiver_inst|tick_count[4]  ; clk          ; clk         ; 1.000        ; -0.057     ; 3.321      ;
; -2.383 ; UARTReceiver:receiver_inst|tick_count[25] ; UARTReceiver:receiver_inst|tick_count[5]  ; clk          ; clk         ; 1.000        ; -0.057     ; 3.321      ;
; -2.383 ; UARTReceiver:receiver_inst|tick_count[25] ; UARTReceiver:receiver_inst|tick_count[6]  ; clk          ; clk         ; 1.000        ; -0.057     ; 3.321      ;
; -2.383 ; UARTReceiver:receiver_inst|tick_count[25] ; UARTReceiver:receiver_inst|tick_count[7]  ; clk          ; clk         ; 1.000        ; -0.057     ; 3.321      ;
; -2.383 ; UARTReceiver:receiver_inst|tick_count[25] ; UARTReceiver:receiver_inst|tick_count[8]  ; clk          ; clk         ; 1.000        ; -0.057     ; 3.321      ;
; -2.383 ; UARTReceiver:receiver_inst|tick_count[25] ; UARTReceiver:receiver_inst|tick_count[9]  ; clk          ; clk         ; 1.000        ; -0.057     ; 3.321      ;
; -2.383 ; UARTReceiver:receiver_inst|tick_count[25] ; UARTReceiver:receiver_inst|tick_count[10] ; clk          ; clk         ; 1.000        ; -0.057     ; 3.321      ;
; -2.383 ; UARTReceiver:receiver_inst|tick_count[25] ; UARTReceiver:receiver_inst|tick_count[11] ; clk          ; clk         ; 1.000        ; -0.057     ; 3.321      ;
; -2.383 ; UARTReceiver:receiver_inst|tick_count[25] ; UARTReceiver:receiver_inst|tick_count[14] ; clk          ; clk         ; 1.000        ; -0.057     ; 3.321      ;
+--------+-------------------------------------------+-------------------------------------------+--------------+-------------+--------------+------------+------------+


+---------------------------------------------------------------------------------------------------------------------------------------------------------------------+
; Slow 1200mV 0C Model Hold: 'clk'                                                                                                                                    ;
+-------+-------------------------------------------+-------------------------------------------+--------------+-------------+--------------+------------+------------+
; Slack ; From Node                                 ; To Node                                   ; Launch Clock ; Latch Clock ; Relationship ; Clock Skew ; Data Delay ;
+-------+-------------------------------------------+-------------------------------------------+--------------+-------------+--------------+------------+------------+
; 0.295 ; UARTSender:sender_inst|state.START        ; UARTSender:sender_inst|state.START        ; clk          ; clk         ; 0.000        ; 0.072      ; 0.511      ;
; 0.297 ; UARTReceiver:receiver_inst|data_reg[6]    ; UARTReceiver:receiver_inst|data_reg[6]    ; clk          ; clk         ; 0.000        ; 0.070      ; 0.511      ;
; 0.297 ; UARTReceiver:receiver_inst|data_reg[5]    ; UARTReceiver:receiver_inst|data_reg[5]    ; clk          ; clk         ; 0.000        ; 0.070      ; 0.511      ;
; 0.297 ; UARTReceiver:receiver_inst|data_reg[4]    ; UARTReceiver:receiver_inst|data_reg[4]    ; clk          ; clk         ; 0.000        ; 0.070      ; 0.511      ;
; 0.297 ; UARTReceiver:receiver_inst|state.STOP     ; UARTReceiver:receiver_inst|state.STOP     ; clk          ; clk         ; 0.000        ; 0.070      ; 0.511      ;
; 0.309 ; UARTReceiver:receiver_inst|data_reg[3]    ; UARTReceiver:receiver_inst|data_reg[3]    ; clk          ; clk         ; 0.000        ; 0.058      ; 0.511      ;
; 0.309 ; UARTReceiver:receiver_inst|data_reg[2]    ; UARTReceiver:receiver_inst|data_reg[2]    ; clk          ; clk         ; 0.000        ; 0.058      ; 0.511      ;
; 0.309 ; UARTReceiver:receiver_inst|data_reg[1]    ; UARTReceiver:receiver_inst|data_reg[1]    ; clk          ; clk         ; 0.000        ; 0.058      ; 0.511      ;
; 0.309 ; UARTReceiver:receiver_inst|data_reg[0]    ; UARTReceiver:receiver_inst|data_reg[0]    ; clk          ; clk         ; 0.000        ; 0.058      ; 0.511      ;
; 0.310 ; UARTReceiver:receiver_inst|correct_data   ; UARTReceiver:receiver_inst|correct_data   ; clk          ; clk         ; 0.000        ; 0.057      ; 0.511      ;
; 0.310 ; UARTReceiver:receiver_inst|parity_reg     ; UARTReceiver:receiver_inst|parity_reg     ; clk          ; clk         ; 0.000        ; 0.057      ; 0.511      ;
; 0.310 ; UARTReceiver:receiver_inst|bit_idx[0]     ; UARTReceiver:receiver_inst|bit_idx[0]     ; clk          ; clk         ; 0.000        ; 0.057      ; 0.511      ;
; 0.310 ; UARTReceiver:receiver_inst|bit_idx[2]     ; UARTReceiver:receiver_inst|bit_idx[2]     ; clk          ; clk         ; 0.000        ; 0.057      ; 0.511      ;
; 0.310 ; UARTReceiver:receiver_inst|bit_idx[1]     ; UARTReceiver:receiver_inst|bit_idx[1]     ; clk          ; clk         ; 0.000        ; 0.057      ; 0.511      ;
; 0.310 ; UARTReceiver:receiver_inst|state.PARITY   ; UARTReceiver:receiver_inst|state.PARITY   ; clk          ; clk         ; 0.000        ; 0.057      ; 0.511      ;
; 0.310 ; UARTReceiver:receiver_inst|state.IDLE     ; UARTReceiver:receiver_inst|state.IDLE     ; clk          ; clk         ; 0.000        ; 0.057      ; 0.511      ;
; 0.310 ; UARTReceiver:receiver_inst|state.DATA     ; UARTReceiver:receiver_inst|state.DATA     ; clk          ; clk         ; 0.000        ; 0.057      ; 0.511      ;
; 0.310 ; UARTSender:sender_inst|state.IDLE         ; UARTSender:sender_inst|state.IDLE         ; clk          ; clk         ; 0.000        ; 0.057      ; 0.511      ;
; 0.310 ; UARTSender:sender_inst|state.DATA         ; UARTSender:sender_inst|state.DATA         ; clk          ; clk         ; 0.000        ; 0.057      ; 0.511      ;
; 0.310 ; UARTSender:sender_inst|state.PARITY       ; UARTSender:sender_inst|state.PARITY       ; clk          ; clk         ; 0.000        ; 0.057      ; 0.511      ;
; 0.310 ; UARTSender:sender_inst|bit_idx[2]         ; UARTSender:sender_inst|bit_idx[2]         ; clk          ; clk         ; 0.000        ; 0.057      ; 0.511      ;
; 0.310 ; UARTSender:sender_inst|bit_idx[1]         ; UARTSender:sender_inst|bit_idx[1]         ; clk          ; clk         ; 0.000        ; 0.057      ; 0.511      ;
; 0.310 ; UARTSender:sender_inst|bit_idx[0]         ; UARTSender:sender_inst|bit_idx[0]         ; clk          ; clk         ; 0.000        ; 0.057      ; 0.511      ;
; 0.310 ; UARTSender:sender_inst|state.STOP         ; UARTSender:sender_inst|state.STOP         ; clk          ; clk         ; 0.000        ; 0.057      ; 0.511      ;
; 0.339 ; UARTReceiver:receiver_inst|state.PARITY   ; UARTReceiver:receiver_inst|parity_reg     ; clk          ; clk         ; 0.000        ; 0.057      ; 0.540      ;
; 0.340 ; UARTReceiver:receiver_inst|data_reg[0]    ; UARTReceiver:receiver_inst|rec_data[0]    ; clk          ; clk         ; 0.000        ; 0.058      ; 0.542      ;
; 0.342 ; UARTReceiver:receiver_inst|data_reg[2]    ; UARTReceiver:receiver_inst|rec_data[2]    ; clk          ; clk         ; 0.000        ; 0.058      ; 0.544      ;
; 0.342 ; UARTReceiver:receiver_inst|data_reg[1]    ; UARTReceiver:receiver_inst|rec_data[1]    ; clk          ; clk         ; 0.000        ; 0.058      ; 0.544      ;
; 0.345 ; UARTReceiver:receiver_inst|state.PARITY   ; UARTReceiver:receiver_inst|state.DATA     ; clk          ; clk         ; 0.000        ; 0.057      ; 0.546      ;
; 0.436 ; UARTReceiver:receiver_inst|tick_count[17] ; UARTReceiver:receiver_inst|tick_count[18] ; clk          ; clk         ; 0.000        ; 0.382      ; 0.962      ;
; 0.441 ; UARTReceiver:receiver_inst|tick_count[0]  ; UARTReceiver:receiver_inst|tick_count[1]  ; clk          ; clk         ; 0.000        ; 0.382      ; 0.967      ;
; 0.443 ; UARTReceiver:receiver_inst|tick_count[30] ; UARTReceiver:receiver_inst|tick_count[31] ; clk          ; clk         ; 0.000        ; 0.382      ; 0.969      ;
; 0.449 ; UARTReceiver:receiver_inst|tick_count[16] ; UARTReceiver:receiver_inst|tick_count[18] ; clk          ; clk         ; 0.000        ; 0.382      ; 0.975      ;
; 0.467 ; UARTSender:sender_inst|state.IDLE         ; UARTSender:sender_inst|tick_count[23]     ; clk          ; clk         ; 0.000        ; 0.386      ; 0.997      ;
; 0.475 ; UARTReceiver:receiver_inst|data_reg[3]    ; UARTReceiver:receiver_inst|rec_data[3]    ; clk          ; clk         ; 0.000        ; 0.058      ; 0.677      ;
; 0.475 ; UARTSender:sender_inst|state.IDLE         ; UARTSender:sender_inst|tick_count[22]     ; clk          ; clk         ; 0.000        ; 0.386      ; 1.005      ;
; 0.477 ; UARTSender:sender_inst|state.IDLE         ; UARTSender:sender_inst|tick_count[21]     ; clk          ; clk         ; 0.000        ; 0.386      ; 1.007      ;
; 0.490 ; UARTSender:sender_inst|state.DATA         ; UARTSender:sender_inst|state.START        ; clk          ; clk         ; 0.000        ; 0.409      ; 1.043      ;
; 0.502 ; UARTReceiver:receiver_inst|tick_count[1]  ; UARTReceiver:receiver_inst|tick_count[1]  ; clk          ; clk         ; 0.000        ; 0.070      ; 0.716      ;
; 0.503 ; UARTReceiver:receiver_inst|tick_count[19] ; UARTReceiver:receiver_inst|tick_count[19] ; clk          ; clk         ; 0.000        ; 0.070      ; 0.717      ;
; 0.504 ; UARTReceiver:receiver_inst|tick_count[31] ; UARTReceiver:receiver_inst|tick_count[31] ; clk          ; clk         ; 0.000        ; 0.070      ; 0.718      ;
; 0.505 ; UARTReceiver:receiver_inst|tick_count[18] ; UARTReceiver:receiver_inst|tick_count[18] ; clk          ; clk         ; 0.000        ; 0.070      ; 0.719      ;
; 0.506 ; UARTReceiver:receiver_inst|tick_count[20] ; UARTReceiver:receiver_inst|tick_count[20] ; clk          ; clk         ; 0.000        ; 0.070      ; 0.720      ;
; 0.515 ; UARTReceiver:receiver_inst|tick_count[15] ; UARTReceiver:receiver_inst|tick_count[15] ; clk          ; clk         ; 0.000        ; 0.057      ; 0.716      ;
; 0.516 ; UARTReceiver:receiver_inst|tick_count[3]  ; UARTReceiver:receiver_inst|tick_count[3]  ; clk          ; clk         ; 0.000        ; 0.057      ; 0.717      ;
; 0.516 ; UARTReceiver:receiver_inst|tick_count[5]  ; UARTReceiver:receiver_inst|tick_count[5]  ; clk          ; clk         ; 0.000        ; 0.057      ; 0.717      ;
; 0.516 ; UARTReceiver:receiver_inst|tick_count[11] ; UARTReceiver:receiver_inst|tick_count[11] ; clk          ; clk         ; 0.000        ; 0.057      ; 0.717      ;
; 0.516 ; UARTReceiver:receiver_inst|tick_count[13] ; UARTReceiver:receiver_inst|tick_count[13] ; clk          ; clk         ; 0.000        ; 0.057      ; 0.717      ;
; 0.516 ; UARTReceiver:receiver_inst|tick_count[17] ; UARTReceiver:receiver_inst|tick_count[17] ; clk          ; clk         ; 0.000        ; 0.057      ; 0.717      ;
; 0.517 ; UARTReceiver:receiver_inst|tick_count[6]  ; UARTReceiver:receiver_inst|tick_count[6]  ; clk          ; clk         ; 0.000        ; 0.057      ; 0.718      ;
; 0.517 ; UARTReceiver:receiver_inst|tick_count[7]  ; UARTReceiver:receiver_inst|tick_count[7]  ; clk          ; clk         ; 0.000        ; 0.057      ; 0.718      ;
; 0.517 ; UARTReceiver:receiver_inst|tick_count[9]  ; UARTReceiver:receiver_inst|tick_count[9]  ; clk          ; clk         ; 0.000        ; 0.057      ; 0.718      ;
; 0.517 ; UARTReceiver:receiver_inst|tick_count[21] ; UARTReceiver:receiver_inst|tick_count[21] ; clk          ; clk         ; 0.000        ; 0.057      ; 0.718      ;
; 0.517 ; UARTReceiver:receiver_inst|tick_count[27] ; UARTReceiver:receiver_inst|tick_count[27] ; clk          ; clk         ; 0.000        ; 0.057      ; 0.718      ;
; 0.517 ; UARTReceiver:receiver_inst|tick_count[29] ; UARTReceiver:receiver_inst|tick_count[29] ; clk          ; clk         ; 0.000        ; 0.057      ; 0.718      ;
; 0.518 ; UARTReceiver:receiver_inst|tick_count[2]  ; UARTReceiver:receiver_inst|tick_count[2]  ; clk          ; clk         ; 0.000        ; 0.057      ; 0.719      ;
; 0.518 ; UARTReceiver:receiver_inst|tick_count[4]  ; UARTReceiver:receiver_inst|tick_count[4]  ; clk          ; clk         ; 0.000        ; 0.057      ; 0.719      ;
; 0.518 ; UARTReceiver:receiver_inst|tick_count[14] ; UARTReceiver:receiver_inst|tick_count[14] ; clk          ; clk         ; 0.000        ; 0.057      ; 0.719      ;
; 0.518 ; UARTReceiver:receiver_inst|tick_count[16] ; UARTReceiver:receiver_inst|tick_count[16] ; clk          ; clk         ; 0.000        ; 0.057      ; 0.719      ;
; 0.518 ; UARTReceiver:receiver_inst|tick_count[22] ; UARTReceiver:receiver_inst|tick_count[22] ; clk          ; clk         ; 0.000        ; 0.057      ; 0.719      ;
; 0.518 ; UARTReceiver:receiver_inst|tick_count[23] ; UARTReceiver:receiver_inst|tick_count[23] ; clk          ; clk         ; 0.000        ; 0.057      ; 0.719      ;
; 0.518 ; UARTReceiver:receiver_inst|tick_count[25] ; UARTReceiver:receiver_inst|tick_count[25] ; clk          ; clk         ; 0.000        ; 0.057      ; 0.719      ;
; 0.519 ; UARTReceiver:receiver_inst|tick_count[12] ; UARTReceiver:receiver_inst|tick_count[12] ; clk          ; clk         ; 0.000        ; 0.057      ; 0.720      ;
; 0.519 ; UARTReceiver:receiver_inst|tick_count[8]  ; UARTReceiver:receiver_inst|tick_count[8]  ; clk          ; clk         ; 0.000        ; 0.057      ; 0.720      ;
; 0.519 ; UARTReceiver:receiver_inst|tick_count[10] ; UARTReceiver:receiver_inst|tick_count[10] ; clk          ; clk         ; 0.000        ; 0.057      ; 0.720      ;
; 0.519 ; UARTReceiver:receiver_inst|tick_count[30] ; UARTReceiver:receiver_inst|tick_count[30] ; clk          ; clk         ; 0.000        ; 0.057      ; 0.720      ;
; 0.520 ; UARTReceiver:receiver_inst|tick_count[24] ; UARTReceiver:receiver_inst|tick_count[24] ; clk          ; clk         ; 0.000        ; 0.057      ; 0.721      ;
; 0.520 ; UARTReceiver:receiver_inst|tick_count[26] ; UARTReceiver:receiver_inst|tick_count[26] ; clk          ; clk         ; 0.000        ; 0.057      ; 0.721      ;
; 0.520 ; UARTReceiver:receiver_inst|tick_count[28] ; UARTReceiver:receiver_inst|tick_count[28] ; clk          ; clk         ; 0.000        ; 0.057      ; 0.721      ;
; 0.525 ; UARTReceiver:receiver_inst|tick_count[29] ; UARTReceiver:receiver_inst|tick_count[31] ; clk          ; clk         ; 0.000        ; 0.382      ; 1.051      ;
; 0.525 ; UARTReceiver:receiver_inst|tick_count[17] ; UARTReceiver:receiver_inst|tick_count[19] ; clk          ; clk         ; 0.000        ; 0.382      ; 1.051      ;
; 0.530 ; UARTReceiver:receiver_inst|tick_count[15] ; UARTReceiver:receiver_inst|tick_count[18] ; clk          ; clk         ; 0.000        ; 0.382      ; 1.056      ;
; 0.532 ; UARTReceiver:receiver_inst|tick_count[17] ; UARTReceiver:receiver_inst|tick_count[20] ; clk          ; clk         ; 0.000        ; 0.382      ; 1.058      ;
; 0.533 ; UARTReceiver:receiver_inst|tick_count[0]  ; UARTReceiver:receiver_inst|tick_count[0]  ; clk          ; clk         ; 0.000        ; 0.057      ; 0.734      ;
; 0.538 ; UARTReceiver:receiver_inst|tick_count[16] ; UARTReceiver:receiver_inst|tick_count[19] ; clk          ; clk         ; 0.000        ; 0.382      ; 1.064      ;
; 0.540 ; UARTReceiver:receiver_inst|tick_count[28] ; UARTReceiver:receiver_inst|tick_count[31] ; clk          ; clk         ; 0.000        ; 0.382      ; 1.066      ;
; 0.545 ; UARTReceiver:receiver_inst|tick_count[14] ; UARTReceiver:receiver_inst|tick_count[18] ; clk          ; clk         ; 0.000        ; 0.382      ; 1.071      ;
; 0.545 ; UARTReceiver:receiver_inst|tick_count[16] ; UARTReceiver:receiver_inst|tick_count[20] ; clk          ; clk         ; 0.000        ; 0.382      ; 1.071      ;
; 0.546 ; UARTSender:sender_inst|state.IDLE         ; UARTSender:sender_inst|tick_count[24]     ; clk          ; clk         ; 0.000        ; 0.386      ; 1.076      ;
; 0.557 ; UARTSender:sender_inst|state.DATA         ; UARTSender:sender_inst|state.STOP         ; clk          ; clk         ; 0.000        ; 0.057      ; 0.758      ;
; 0.562 ; UARTReceiver:receiver_inst|state.DATA     ; UARTReceiver:receiver_inst|data_reg[5]    ; clk          ; clk         ; 0.000        ; 0.382      ; 1.088      ;
; 0.565 ; UARTReceiver:receiver_inst|bit_idx[2]     ; UARTReceiver:receiver_inst|data_reg[4]    ; clk          ; clk         ; 0.000        ; 0.382      ; 1.091      ;
; 0.570 ; UARTSender:sender_inst|state.IDLE         ; UARTSender:sender_inst|busy               ; clk          ; clk         ; 0.000        ; 0.057      ; 0.771      ;
; 0.576 ; UARTReceiver:receiver_inst|bit_idx[2]     ; UARTReceiver:receiver_inst|state.START    ; clk          ; clk         ; 0.000        ; 0.382      ; 1.102      ;
; 0.577 ; UARTReceiver:receiver_inst|bit_idx[2]     ; UARTReceiver:receiver_inst|data_reg[6]    ; clk          ; clk         ; 0.000        ; 0.382      ; 1.103      ;
; 0.585 ; UARTReceiver:receiver_inst|bit_idx[2]     ; UARTReceiver:receiver_inst|state.STOP     ; clk          ; clk         ; 0.000        ; 0.382      ; 1.111      ;
; 0.585 ; UARTReceiver:receiver_inst|bit_idx[0]     ; UARTReceiver:receiver_inst|bit_idx[1]     ; clk          ; clk         ; 0.000        ; 0.057      ; 0.786      ;
; 0.597 ; UARTSender:sender_inst|state.DATA         ; UARTSender:sender_inst|bit_idx[2]         ; clk          ; clk         ; 0.000        ; 0.057      ; 0.798      ;
; 0.599 ; UARTSender:sender_inst|state.DATA         ; UARTSender:sender_inst|bit_idx[1]         ; clk          ; clk         ; 0.000        ; 0.057      ; 0.800      ;
; 0.605 ; UARTSender:sender_inst|state.DATA         ; UARTSender:sender_inst|bit_idx[0]         ; clk          ; clk         ; 0.000        ; 0.057      ; 0.806      ;
; 0.614 ; UARTReceiver:receiver_inst|state.DATA     ; UARTReceiver:receiver_inst|bit_idx[0]     ; clk          ; clk         ; 0.000        ; 0.057      ; 0.815      ;
; 0.614 ; UARTReceiver:receiver_inst|state.DATA     ; UARTReceiver:receiver_inst|bit_idx[1]     ; clk          ; clk         ; 0.000        ; 0.057      ; 0.815      ;
; 0.619 ; UARTReceiver:receiver_inst|tick_count[15] ; UARTReceiver:receiver_inst|tick_count[19] ; clk          ; clk         ; 0.000        ; 0.382      ; 1.145      ;
; 0.620 ; UARTReceiver:receiver_inst|state.IDLE     ; UARTReceiver:receiver_inst|correct_data   ; clk          ; clk         ; 0.000        ; 0.057      ; 0.821      ;
; 0.620 ; UARTReceiver:receiver_inst|state.DATA     ; UARTReceiver:receiver_inst|bit_idx[2]     ; clk          ; clk         ; 0.000        ; 0.057      ; 0.821      ;
; 0.621 ; UARTReceiver:receiver_inst|tick_count[27] ; UARTReceiver:receiver_inst|tick_count[31] ; clk          ; clk         ; 0.000        ; 0.382      ; 1.147      ;
; 0.626 ; UARTReceiver:receiver_inst|tick_count[15] ; UARTReceiver:receiver_inst|tick_count[20] ; clk          ; clk         ; 0.000        ; 0.382      ; 1.152      ;
; 0.627 ; UARTReceiver:receiver_inst|tick_count[13] ; UARTReceiver:receiver_inst|tick_count[18] ; clk          ; clk         ; 0.000        ; 0.382      ; 1.153      ;
; 0.632 ; UARTReceiver:receiver_inst|state.IDLE     ; UARTReceiver:receiver_inst|state.START    ; clk          ; clk         ; 0.000        ; 0.382      ; 1.158      ;
; 0.634 ; UARTReceiver:receiver_inst|tick_count[14] ; UARTReceiver:receiver_inst|tick_count[19] ; clk          ; clk         ; 0.000        ; 0.382      ; 1.160      ;
+-------+-------------------------------------------+-------------------------------------------+--------------+-------------+--------------+------------+------------+


----------------------------------------------
; Slow 1200mV 0C Model Metastability Summary ;
----------------------------------------------
No synchronizer chains to report.


+------------------------------------+
; Fast 1200mV 0C Model Setup Summary ;
+-------+--------+-------------------+
; Clock ; Slack  ; End Point TNS     ;
+-------+--------+-------------------+
; clk   ; -1.251 ; -91.665           ;
+-------+--------+-------------------+


+-----------------------------------+
; Fast 1200mV 0C Model Hold Summary ;
+-------+-------+-------------------+
; Clock ; Slack ; End Point TNS     ;
+-------+-------+-------------------+
; clk   ; 0.177 ; 0.000             ;
+-------+-------+-------------------+


-----------------------------------------
; Fast 1200mV 0C Model Recovery Summary ;
-----------------------------------------
No paths to report.


----------------------------------------
; Fast 1200mV 0C Model Removal Summary ;
----------------------------------------
No paths to report.


+--------------------------------------------------+
; Fast 1200mV 0C Model Minimum Pulse Width Summary ;
+-------+--------+---------------------------------+
; Clock ; Slack  ; End Point TNS                   ;
+-------+--------+---------------------------------+
; clk   ; -3.000 ; -113.876                        ;
+-------+--------+---------------------------------+


+----------------------------------------------------------------------------------------------------------------------------------------------------------------------+
; Fast 1200mV 0C Model Setup: 'clk'                                                                                                                                    ;
+--------+-------------------------------------------+-------------------------------------------+--------------+-------------+--------------+------------+------------+
; Slack  ; From Node                                 ; To Node                                   ; Launch Clock ; Latch Clock ; Relationship ; Clock Skew ; Data Delay ;
+--------+-------------------------------------------+-------------------------------------------+--------------+-------------+--------------+------------+------------+
; -1.251 ; UARTReceiver:receiver_inst|tick_count[26] ; UARTReceiver:receiver_inst|rec_data[0]    ; clk          ; clk         ; 1.000        ; -0.032     ; 2.206      ;
; -1.251 ; UARTReceiver:receiver_inst|tick_count[26] ; UARTReceiver:receiver_inst|rec_data[1]    ; clk          ; clk         ; 1.000        ; -0.032     ; 2.206      ;
; -1.251 ; UARTReceiver:receiver_inst|tick_count[26] ; UARTReceiver:receiver_inst|rec_data[2]    ; clk          ; clk         ; 1.000        ; -0.032     ; 2.206      ;
; -1.251 ; UARTReceiver:receiver_inst|tick_count[26] ; UARTReceiver:receiver_inst|rec_data[3]    ; clk          ; clk         ; 1.000        ; -0.032     ; 2.206      ;
; -1.251 ; UARTReceiver:receiver_inst|tick_count[26] ; UARTReceiver:receiver_inst|rec_data[4]    ; clk          ; clk         ; 1.000        ; -0.032     ; 2.206      ;
; -1.251 ; UARTReceiver:receiver_inst|tick_count[26] ; UARTReceiver:receiver_inst|rec_data[5]    ; clk          ; clk         ; 1.000        ; -0.032     ; 2.206      ;
; -1.251 ; UARTReceiver:receiver_inst|tick_count[26] ; UARTReceiver:receiver_inst|rec_data[6]    ; clk          ; clk         ; 1.000        ; -0.032     ; 2.206      ;
; -1.229 ; UARTReceiver:receiver_inst|tick_count[15] ; UARTReceiver:receiver_inst|rec_data[0]    ; clk          ; clk         ; 1.000        ; -0.032     ; 2.184      ;
; -1.229 ; UARTReceiver:receiver_inst|tick_count[15] ; UARTReceiver:receiver_inst|rec_data[1]    ; clk          ; clk         ; 1.000        ; -0.032     ; 2.184      ;
; -1.229 ; UARTReceiver:receiver_inst|tick_count[15] ; UARTReceiver:receiver_inst|rec_data[2]    ; clk          ; clk         ; 1.000        ; -0.032     ; 2.184      ;
; -1.229 ; UARTReceiver:receiver_inst|tick_count[15] ; UARTReceiver:receiver_inst|rec_data[3]    ; clk          ; clk         ; 1.000        ; -0.032     ; 2.184      ;
; -1.229 ; UARTReceiver:receiver_inst|tick_count[15] ; UARTReceiver:receiver_inst|rec_data[4]    ; clk          ; clk         ; 1.000        ; -0.032     ; 2.184      ;
; -1.229 ; UARTReceiver:receiver_inst|tick_count[15] ; UARTReceiver:receiver_inst|rec_data[5]    ; clk          ; clk         ; 1.000        ; -0.032     ; 2.184      ;
; -1.229 ; UARTReceiver:receiver_inst|tick_count[15] ; UARTReceiver:receiver_inst|rec_data[6]    ; clk          ; clk         ; 1.000        ; -0.032     ; 2.184      ;
; -1.156 ; UARTReceiver:receiver_inst|tick_count[25] ; UARTReceiver:receiver_inst|rec_data[0]    ; clk          ; clk         ; 1.000        ; -0.032     ; 2.111      ;
; -1.156 ; UARTReceiver:receiver_inst|tick_count[25] ; UARTReceiver:receiver_inst|rec_data[1]    ; clk          ; clk         ; 1.000        ; -0.032     ; 2.111      ;
; -1.156 ; UARTReceiver:receiver_inst|tick_count[25] ; UARTReceiver:receiver_inst|rec_data[2]    ; clk          ; clk         ; 1.000        ; -0.032     ; 2.111      ;
; -1.156 ; UARTReceiver:receiver_inst|tick_count[25] ; UARTReceiver:receiver_inst|rec_data[3]    ; clk          ; clk         ; 1.000        ; -0.032     ; 2.111      ;
; -1.156 ; UARTReceiver:receiver_inst|tick_count[25] ; UARTReceiver:receiver_inst|rec_data[4]    ; clk          ; clk         ; 1.000        ; -0.032     ; 2.111      ;
; -1.156 ; UARTReceiver:receiver_inst|tick_count[25] ; UARTReceiver:receiver_inst|rec_data[5]    ; clk          ; clk         ; 1.000        ; -0.032     ; 2.111      ;
; -1.156 ; UARTReceiver:receiver_inst|tick_count[25] ; UARTReceiver:receiver_inst|rec_data[6]    ; clk          ; clk         ; 1.000        ; -0.032     ; 2.111      ;
; -1.155 ; UARTReceiver:receiver_inst|tick_count[28] ; UARTReceiver:receiver_inst|rec_data[0]    ; clk          ; clk         ; 1.000        ; -0.032     ; 2.110      ;
; -1.155 ; UARTReceiver:receiver_inst|tick_count[28] ; UARTReceiver:receiver_inst|rec_data[1]    ; clk          ; clk         ; 1.000        ; -0.032     ; 2.110      ;
; -1.155 ; UARTReceiver:receiver_inst|tick_count[28] ; UARTReceiver:receiver_inst|rec_data[2]    ; clk          ; clk         ; 1.000        ; -0.032     ; 2.110      ;
; -1.155 ; UARTReceiver:receiver_inst|tick_count[28] ; UARTReceiver:receiver_inst|rec_data[3]    ; clk          ; clk         ; 1.000        ; -0.032     ; 2.110      ;
; -1.155 ; UARTReceiver:receiver_inst|tick_count[28] ; UARTReceiver:receiver_inst|rec_data[4]    ; clk          ; clk         ; 1.000        ; -0.032     ; 2.110      ;
; -1.155 ; UARTReceiver:receiver_inst|tick_count[28] ; UARTReceiver:receiver_inst|rec_data[5]    ; clk          ; clk         ; 1.000        ; -0.032     ; 2.110      ;
; -1.155 ; UARTReceiver:receiver_inst|tick_count[28] ; UARTReceiver:receiver_inst|rec_data[6]    ; clk          ; clk         ; 1.000        ; -0.032     ; 2.110      ;
; -1.153 ; UARTReceiver:receiver_inst|tick_count[26] ; UARTReceiver:receiver_inst|tick_count[12] ; clk          ; clk         ; 1.000        ; -0.037     ; 2.103      ;
; -1.153 ; UARTReceiver:receiver_inst|tick_count[26] ; UARTReceiver:receiver_inst|tick_count[0]  ; clk          ; clk         ; 1.000        ; -0.037     ; 2.103      ;
; -1.153 ; UARTReceiver:receiver_inst|tick_count[26] ; UARTReceiver:receiver_inst|tick_count[2]  ; clk          ; clk         ; 1.000        ; -0.037     ; 2.103      ;
; -1.153 ; UARTReceiver:receiver_inst|tick_count[26] ; UARTReceiver:receiver_inst|tick_count[3]  ; clk          ; clk         ; 1.000        ; -0.037     ; 2.103      ;
; -1.153 ; UARTReceiver:receiver_inst|tick_count[26] ; UARTReceiver:receiver_inst|tick_count[4]  ; clk          ; clk         ; 1.000        ; -0.037     ; 2.103      ;
; -1.153 ; UARTReceiver:receiver_inst|tick_count[26] ; UARTReceiver:receiver_inst|tick_count[5]  ; clk          ; clk         ; 1.000        ; -0.037     ; 2.103      ;
; -1.153 ; UARTReceiver:receiver_inst|tick_count[26] ; UARTReceiver:receiver_inst|tick_count[6]  ; clk          ; clk         ; 1.000        ; -0.037     ; 2.103      ;
; -1.153 ; UARTReceiver:receiver_inst|tick_count[26] ; UARTReceiver:receiver_inst|tick_count[7]  ; clk          ; clk         ; 1.000        ; -0.037     ; 2.103      ;
; -1.153 ; UARTReceiver:receiver_inst|tick_count[26] ; UARTReceiver:receiver_inst|tick_count[8]  ; clk          ; clk         ; 1.000        ; -0.037     ; 2.103      ;
; -1.153 ; UARTReceiver:receiver_inst|tick_count[26] ; UARTReceiver:receiver_inst|tick_count[9]  ; clk          ; clk         ; 1.000        ; -0.037     ; 2.103      ;
; -1.153 ; UARTReceiver:receiver_inst|tick_count[26] ; UARTReceiver:receiver_inst|tick_count[10] ; clk          ; clk         ; 1.000        ; -0.037     ; 2.103      ;
; -1.153 ; UARTReceiver:receiver_inst|tick_count[26] ; UARTReceiver:receiver_inst|tick_count[11] ; clk          ; clk         ; 1.000        ; -0.037     ; 2.103      ;
; -1.153 ; UARTReceiver:receiver_inst|tick_count[26] ; UARTReceiver:receiver_inst|tick_count[14] ; clk          ; clk         ; 1.000        ; -0.037     ; 2.103      ;
; -1.153 ; UARTReceiver:receiver_inst|tick_count[26] ; UARTReceiver:receiver_inst|tick_count[13] ; clk          ; clk         ; 1.000        ; -0.037     ; 2.103      ;
; -1.153 ; UARTReceiver:receiver_inst|tick_count[26] ; UARTReceiver:receiver_inst|tick_count[15] ; clk          ; clk         ; 1.000        ; -0.037     ; 2.103      ;
; -1.144 ; UARTReceiver:receiver_inst|tick_count[23] ; UARTReceiver:receiver_inst|rec_data[0]    ; clk          ; clk         ; 1.000        ; -0.032     ; 2.099      ;
; -1.144 ; UARTReceiver:receiver_inst|tick_count[23] ; UARTReceiver:receiver_inst|rec_data[1]    ; clk          ; clk         ; 1.000        ; -0.032     ; 2.099      ;
; -1.144 ; UARTReceiver:receiver_inst|tick_count[23] ; UARTReceiver:receiver_inst|rec_data[2]    ; clk          ; clk         ; 1.000        ; -0.032     ; 2.099      ;
; -1.144 ; UARTReceiver:receiver_inst|tick_count[23] ; UARTReceiver:receiver_inst|rec_data[3]    ; clk          ; clk         ; 1.000        ; -0.032     ; 2.099      ;
; -1.144 ; UARTReceiver:receiver_inst|tick_count[23] ; UARTReceiver:receiver_inst|rec_data[4]    ; clk          ; clk         ; 1.000        ; -0.032     ; 2.099      ;
; -1.144 ; UARTReceiver:receiver_inst|tick_count[23] ; UARTReceiver:receiver_inst|rec_data[5]    ; clk          ; clk         ; 1.000        ; -0.032     ; 2.099      ;
; -1.144 ; UARTReceiver:receiver_inst|tick_count[23] ; UARTReceiver:receiver_inst|rec_data[6]    ; clk          ; clk         ; 1.000        ; -0.032     ; 2.099      ;
; -1.142 ; UARTReceiver:receiver_inst|tick_count[0]  ; UARTReceiver:receiver_inst|rec_data[0]    ; clk          ; clk         ; 1.000        ; -0.032     ; 2.097      ;
; -1.142 ; UARTReceiver:receiver_inst|tick_count[13] ; UARTReceiver:receiver_inst|rec_data[0]    ; clk          ; clk         ; 1.000        ; -0.032     ; 2.097      ;
; -1.142 ; UARTReceiver:receiver_inst|tick_count[0]  ; UARTReceiver:receiver_inst|rec_data[1]    ; clk          ; clk         ; 1.000        ; -0.032     ; 2.097      ;
; -1.142 ; UARTReceiver:receiver_inst|tick_count[13] ; UARTReceiver:receiver_inst|rec_data[1]    ; clk          ; clk         ; 1.000        ; -0.032     ; 2.097      ;
; -1.142 ; UARTReceiver:receiver_inst|tick_count[0]  ; UARTReceiver:receiver_inst|rec_data[2]    ; clk          ; clk         ; 1.000        ; -0.032     ; 2.097      ;
; -1.142 ; UARTReceiver:receiver_inst|tick_count[13] ; UARTReceiver:receiver_inst|rec_data[2]    ; clk          ; clk         ; 1.000        ; -0.032     ; 2.097      ;
; -1.142 ; UARTReceiver:receiver_inst|tick_count[0]  ; UARTReceiver:receiver_inst|rec_data[3]    ; clk          ; clk         ; 1.000        ; -0.032     ; 2.097      ;
; -1.142 ; UARTReceiver:receiver_inst|tick_count[13] ; UARTReceiver:receiver_inst|rec_data[3]    ; clk          ; clk         ; 1.000        ; -0.032     ; 2.097      ;
; -1.142 ; UARTReceiver:receiver_inst|tick_count[0]  ; UARTReceiver:receiver_inst|rec_data[4]    ; clk          ; clk         ; 1.000        ; -0.032     ; 2.097      ;
; -1.142 ; UARTReceiver:receiver_inst|tick_count[13] ; UARTReceiver:receiver_inst|rec_data[4]    ; clk          ; clk         ; 1.000        ; -0.032     ; 2.097      ;
; -1.142 ; UARTReceiver:receiver_inst|tick_count[0]  ; UARTReceiver:receiver_inst|rec_data[5]    ; clk          ; clk         ; 1.000        ; -0.032     ; 2.097      ;
; -1.142 ; UARTReceiver:receiver_inst|tick_count[13] ; UARTReceiver:receiver_inst|rec_data[5]    ; clk          ; clk         ; 1.000        ; -0.032     ; 2.097      ;
; -1.142 ; UARTReceiver:receiver_inst|tick_count[0]  ; UARTReceiver:receiver_inst|rec_data[6]    ; clk          ; clk         ; 1.000        ; -0.032     ; 2.097      ;
; -1.142 ; UARTReceiver:receiver_inst|tick_count[13] ; UARTReceiver:receiver_inst|rec_data[6]    ; clk          ; clk         ; 1.000        ; -0.032     ; 2.097      ;
; -1.131 ; UARTReceiver:receiver_inst|tick_count[15] ; UARTReceiver:receiver_inst|tick_count[12] ; clk          ; clk         ; 1.000        ; -0.037     ; 2.081      ;
; -1.131 ; UARTReceiver:receiver_inst|tick_count[15] ; UARTReceiver:receiver_inst|tick_count[0]  ; clk          ; clk         ; 1.000        ; -0.037     ; 2.081      ;
; -1.131 ; UARTReceiver:receiver_inst|tick_count[15] ; UARTReceiver:receiver_inst|tick_count[2]  ; clk          ; clk         ; 1.000        ; -0.037     ; 2.081      ;
; -1.131 ; UARTReceiver:receiver_inst|tick_count[15] ; UARTReceiver:receiver_inst|tick_count[3]  ; clk          ; clk         ; 1.000        ; -0.037     ; 2.081      ;
; -1.131 ; UARTReceiver:receiver_inst|tick_count[15] ; UARTReceiver:receiver_inst|tick_count[4]  ; clk          ; clk         ; 1.000        ; -0.037     ; 2.081      ;
; -1.131 ; UARTReceiver:receiver_inst|tick_count[15] ; UARTReceiver:receiver_inst|tick_count[5]  ; clk          ; clk         ; 1.000        ; -0.037     ; 2.081      ;
; -1.131 ; UARTReceiver:receiver_inst|tick_count[15] ; UARTReceiver:receiver_inst|tick_count[6]  ; clk          ; clk         ; 1.000        ; -0.037     ; 2.081      ;
; -1.131 ; UARTReceiver:receiver_inst|tick_count[15] ; UARTReceiver:receiver_inst|tick_count[7]  ; clk          ; clk         ; 1.000        ; -0.037     ; 2.081      ;
; -1.131 ; UARTReceiver:receiver_inst|tick_count[15] ; UARTReceiver:receiver_inst|tick_count[8]  ; clk          ; clk         ; 1.000        ; -0.037     ; 2.081      ;
; -1.131 ; UARTReceiver:receiver_inst|tick_count[15] ; UARTReceiver:receiver_inst|tick_count[9]  ; clk          ; clk         ; 1.000        ; -0.037     ; 2.081      ;
; -1.131 ; UARTReceiver:receiver_inst|tick_count[15] ; UARTReceiver:receiver_inst|tick_count[10] ; clk          ; clk         ; 1.000        ; -0.037     ; 2.081      ;
; -1.131 ; UARTReceiver:receiver_inst|tick_count[15] ; UARTReceiver:receiver_inst|tick_count[11] ; clk          ; clk         ; 1.000        ; -0.037     ; 2.081      ;
; -1.131 ; UARTReceiver:receiver_inst|tick_count[15] ; UARTReceiver:receiver_inst|tick_count[14] ; clk          ; clk         ; 1.000        ; -0.037     ; 2.081      ;
; -1.131 ; UARTReceiver:receiver_inst|tick_count[15] ; UARTReceiver:receiver_inst|tick_count[13] ; clk          ; clk         ; 1.000        ; -0.037     ; 2.081      ;
; -1.131 ; UARTReceiver:receiver_inst|tick_count[15] ; UARTReceiver:receiver_inst|tick_count[15] ; clk          ; clk         ; 1.000        ; -0.037     ; 2.081      ;
; -1.130 ; UARTReceiver:receiver_inst|tick_count[30] ; UARTReceiver:receiver_inst|rec_data[0]    ; clk          ; clk         ; 1.000        ; -0.032     ; 2.085      ;
; -1.130 ; UARTReceiver:receiver_inst|tick_count[30] ; UARTReceiver:receiver_inst|rec_data[1]    ; clk          ; clk         ; 1.000        ; -0.032     ; 2.085      ;
; -1.130 ; UARTReceiver:receiver_inst|tick_count[30] ; UARTReceiver:receiver_inst|rec_data[2]    ; clk          ; clk         ; 1.000        ; -0.032     ; 2.085      ;
; -1.130 ; UARTReceiver:receiver_inst|tick_count[30] ; UARTReceiver:receiver_inst|rec_data[3]    ; clk          ; clk         ; 1.000        ; -0.032     ; 2.085      ;
; -1.130 ; UARTReceiver:receiver_inst|tick_count[30] ; UARTReceiver:receiver_inst|rec_data[4]    ; clk          ; clk         ; 1.000        ; -0.032     ; 2.085      ;
; -1.130 ; UARTReceiver:receiver_inst|tick_count[30] ; UARTReceiver:receiver_inst|rec_data[5]    ; clk          ; clk         ; 1.000        ; -0.032     ; 2.085      ;
; -1.130 ; UARTReceiver:receiver_inst|tick_count[30] ; UARTReceiver:receiver_inst|rec_data[6]    ; clk          ; clk         ; 1.000        ; -0.032     ; 2.085      ;
; -1.122 ; UARTReceiver:receiver_inst|tick_count[2]  ; UARTReceiver:receiver_inst|rec_data[0]    ; clk          ; clk         ; 1.000        ; -0.032     ; 2.077      ;
; -1.122 ; UARTReceiver:receiver_inst|tick_count[2]  ; UARTReceiver:receiver_inst|rec_data[1]    ; clk          ; clk         ; 1.000        ; -0.032     ; 2.077      ;
; -1.122 ; UARTReceiver:receiver_inst|tick_count[2]  ; UARTReceiver:receiver_inst|rec_data[2]    ; clk          ; clk         ; 1.000        ; -0.032     ; 2.077      ;
; -1.122 ; UARTReceiver:receiver_inst|tick_count[2]  ; UARTReceiver:receiver_inst|rec_data[3]    ; clk          ; clk         ; 1.000        ; -0.032     ; 2.077      ;
; -1.122 ; UARTReceiver:receiver_inst|tick_count[2]  ; UARTReceiver:receiver_inst|rec_data[4]    ; clk          ; clk         ; 1.000        ; -0.032     ; 2.077      ;
; -1.122 ; UARTReceiver:receiver_inst|tick_count[2]  ; UARTReceiver:receiver_inst|rec_data[5]    ; clk          ; clk         ; 1.000        ; -0.032     ; 2.077      ;
; -1.122 ; UARTReceiver:receiver_inst|tick_count[2]  ; UARTReceiver:receiver_inst|rec_data[6]    ; clk          ; clk         ; 1.000        ; -0.032     ; 2.077      ;
; -1.109 ; UARTReceiver:receiver_inst|tick_count[15] ; UARTReceiver:receiver_inst|state.IDLE     ; clk          ; clk         ; 1.000        ; -0.033     ; 2.063      ;
; -1.102 ; UARTReceiver:receiver_inst|tick_count[4]  ; UARTReceiver:receiver_inst|rec_data[0]    ; clk          ; clk         ; 1.000        ; -0.032     ; 2.057      ;
; -1.102 ; UARTReceiver:receiver_inst|tick_count[4]  ; UARTReceiver:receiver_inst|rec_data[1]    ; clk          ; clk         ; 1.000        ; -0.032     ; 2.057      ;
; -1.102 ; UARTReceiver:receiver_inst|tick_count[4]  ; UARTReceiver:receiver_inst|rec_data[2]    ; clk          ; clk         ; 1.000        ; -0.032     ; 2.057      ;
; -1.102 ; UARTReceiver:receiver_inst|tick_count[4]  ; UARTReceiver:receiver_inst|rec_data[3]    ; clk          ; clk         ; 1.000        ; -0.032     ; 2.057      ;
; -1.102 ; UARTReceiver:receiver_inst|tick_count[4]  ; UARTReceiver:receiver_inst|rec_data[4]    ; clk          ; clk         ; 1.000        ; -0.032     ; 2.057      ;
; -1.102 ; UARTReceiver:receiver_inst|tick_count[4]  ; UARTReceiver:receiver_inst|rec_data[5]    ; clk          ; clk         ; 1.000        ; -0.032     ; 2.057      ;
+--------+-------------------------------------------+-------------------------------------------+--------------+-------------+--------------+------------+------------+


+---------------------------------------------------------------------------------------------------------------------------------------------------------------------+
; Fast 1200mV 0C Model Hold: 'clk'                                                                                                                                    ;
+-------+-------------------------------------------+-------------------------------------------+--------------+-------------+--------------+------------+------------+
; Slack ; From Node                                 ; To Node                                   ; Launch Clock ; Latch Clock ; Relationship ; Clock Skew ; Data Delay ;
+-------+-------------------------------------------+-------------------------------------------+--------------+-------------+--------------+------------+------------+
; 0.177 ; UARTSender:sender_inst|state.START        ; UARTSender:sender_inst|state.START        ; clk          ; clk         ; 0.000        ; 0.046      ; 0.307      ;
; 0.178 ; UARTReceiver:receiver_inst|data_reg[6]    ; UARTReceiver:receiver_inst|data_reg[6]    ; clk          ; clk         ; 0.000        ; 0.045      ; 0.307      ;
; 0.178 ; UARTReceiver:receiver_inst|data_reg[5]    ; UARTReceiver:receiver_inst|data_reg[5]    ; clk          ; clk         ; 0.000        ; 0.045      ; 0.307      ;
; 0.178 ; UARTReceiver:receiver_inst|data_reg[4]    ; UARTReceiver:receiver_inst|data_reg[4]    ; clk          ; clk         ; 0.000        ; 0.045      ; 0.307      ;
; 0.178 ; UARTReceiver:receiver_inst|state.STOP     ; UARTReceiver:receiver_inst|state.STOP     ; clk          ; clk         ; 0.000        ; 0.045      ; 0.307      ;
; 0.186 ; UARTReceiver:receiver_inst|correct_data   ; UARTReceiver:receiver_inst|correct_data   ; clk          ; clk         ; 0.000        ; 0.037      ; 0.307      ;
; 0.186 ; UARTReceiver:receiver_inst|parity_reg     ; UARTReceiver:receiver_inst|parity_reg     ; clk          ; clk         ; 0.000        ; 0.037      ; 0.307      ;
; 0.186 ; UARTReceiver:receiver_inst|data_reg[3]    ; UARTReceiver:receiver_inst|data_reg[3]    ; clk          ; clk         ; 0.000        ; 0.037      ; 0.307      ;
; 0.186 ; UARTReceiver:receiver_inst|data_reg[2]    ; UARTReceiver:receiver_inst|data_reg[2]    ; clk          ; clk         ; 0.000        ; 0.037      ; 0.307      ;
; 0.186 ; UARTReceiver:receiver_inst|data_reg[1]    ; UARTReceiver:receiver_inst|data_reg[1]    ; clk          ; clk         ; 0.000        ; 0.037      ; 0.307      ;
; 0.186 ; UARTReceiver:receiver_inst|data_reg[0]    ; UARTReceiver:receiver_inst|data_reg[0]    ; clk          ; clk         ; 0.000        ; 0.037      ; 0.307      ;
; 0.186 ; UARTReceiver:receiver_inst|bit_idx[0]     ; UARTReceiver:receiver_inst|bit_idx[0]     ; clk          ; clk         ; 0.000        ; 0.037      ; 0.307      ;
; 0.186 ; UARTReceiver:receiver_inst|bit_idx[2]     ; UARTReceiver:receiver_inst|bit_idx[2]     ; clk          ; clk         ; 0.000        ; 0.037      ; 0.307      ;
; 0.186 ; UARTReceiver:receiver_inst|bit_idx[1]     ; UARTReceiver:receiver_inst|bit_idx[1]     ; clk          ; clk         ; 0.000        ; 0.037      ; 0.307      ;
; 0.186 ; UARTReceiver:receiver_inst|state.PARITY   ; UARTReceiver:receiver_inst|state.PARITY   ; clk          ; clk         ; 0.000        ; 0.037      ; 0.307      ;
; 0.186 ; UARTReceiver:receiver_inst|state.IDLE     ; UARTReceiver:receiver_inst|state.IDLE     ; clk          ; clk         ; 0.000        ; 0.037      ; 0.307      ;
; 0.186 ; UARTReceiver:receiver_inst|state.DATA     ; UARTReceiver:receiver_inst|state.DATA     ; clk          ; clk         ; 0.000        ; 0.037      ; 0.307      ;
; 0.186 ; UARTSender:sender_inst|state.IDLE         ; UARTSender:sender_inst|state.IDLE         ; clk          ; clk         ; 0.000        ; 0.037      ; 0.307      ;
; 0.186 ; UARTSender:sender_inst|state.DATA         ; UARTSender:sender_inst|state.DATA         ; clk          ; clk         ; 0.000        ; 0.037      ; 0.307      ;
; 0.186 ; UARTSender:sender_inst|state.PARITY       ; UARTSender:sender_inst|state.PARITY       ; clk          ; clk         ; 0.000        ; 0.037      ; 0.307      ;
; 0.186 ; UARTSender:sender_inst|bit_idx[2]         ; UARTSender:sender_inst|bit_idx[2]         ; clk          ; clk         ; 0.000        ; 0.037      ; 0.307      ;
; 0.186 ; UARTSender:sender_inst|bit_idx[1]         ; UARTSender:sender_inst|bit_idx[1]         ; clk          ; clk         ; 0.000        ; 0.037      ; 0.307      ;
; 0.186 ; UARTSender:sender_inst|bit_idx[0]         ; UARTSender:sender_inst|bit_idx[0]         ; clk          ; clk         ; 0.000        ; 0.037      ; 0.307      ;
; 0.186 ; UARTSender:sender_inst|state.STOP         ; UARTSender:sender_inst|state.STOP         ; clk          ; clk         ; 0.000        ; 0.037      ; 0.307      ;
; 0.196 ; UARTReceiver:receiver_inst|data_reg[0]    ; UARTReceiver:receiver_inst|rec_data[0]    ; clk          ; clk         ; 0.000        ; 0.037      ; 0.317      ;
; 0.198 ; UARTReceiver:receiver_inst|data_reg[2]    ; UARTReceiver:receiver_inst|rec_data[2]    ; clk          ; clk         ; 0.000        ; 0.037      ; 0.319      ;
; 0.198 ; UARTReceiver:receiver_inst|state.PARITY   ; UARTReceiver:receiver_inst|state.DATA     ; clk          ; clk         ; 0.000        ; 0.037      ; 0.319      ;
; 0.199 ; UARTReceiver:receiver_inst|data_reg[1]    ; UARTReceiver:receiver_inst|rec_data[1]    ; clk          ; clk         ; 0.000        ; 0.037      ; 0.320      ;
; 0.201 ; UARTReceiver:receiver_inst|state.PARITY   ; UARTReceiver:receiver_inst|parity_reg     ; clk          ; clk         ; 0.000        ; 0.037      ; 0.322      ;
; 0.261 ; UARTReceiver:receiver_inst|tick_count[17] ; UARTReceiver:receiver_inst|tick_count[18] ; clk          ; clk         ; 0.000        ; 0.232      ; 0.577      ;
; 0.262 ; UARTSender:sender_inst|state.IDLE         ; UARTSender:sender_inst|tick_count[23]     ; clk          ; clk         ; 0.000        ; 0.233      ; 0.579      ;
; 0.269 ; UARTSender:sender_inst|state.IDLE         ; UARTSender:sender_inst|tick_count[22]     ; clk          ; clk         ; 0.000        ; 0.233      ; 0.586      ;
; 0.271 ; UARTSender:sender_inst|state.IDLE         ; UARTSender:sender_inst|tick_count[21]     ; clk          ; clk         ; 0.000        ; 0.233      ; 0.588      ;
; 0.271 ; UARTReceiver:receiver_inst|tick_count[0]  ; UARTReceiver:receiver_inst|tick_count[1]  ; clk          ; clk         ; 0.000        ; 0.231      ; 0.586      ;
; 0.272 ; UARTReceiver:receiver_inst|tick_count[30] ; UARTReceiver:receiver_inst|tick_count[31] ; clk          ; clk         ; 0.000        ; 0.232      ; 0.588      ;
; 0.274 ; UARTReceiver:receiver_inst|tick_count[16] ; UARTReceiver:receiver_inst|tick_count[18] ; clk          ; clk         ; 0.000        ; 0.232      ; 0.590      ;
; 0.275 ; UARTReceiver:receiver_inst|data_reg[3]    ; UARTReceiver:receiver_inst|rec_data[3]    ; clk          ; clk         ; 0.000        ; 0.037      ; 0.396      ;
; 0.297 ; UARTSender:sender_inst|state.DATA         ; UARTSender:sender_inst|state.START        ; clk          ; clk         ; 0.000        ; 0.244      ; 0.625      ;
; 0.299 ; UARTReceiver:receiver_inst|tick_count[31] ; UARTReceiver:receiver_inst|tick_count[31] ; clk          ; clk         ; 0.000        ; 0.045      ; 0.428      ;
; 0.300 ; UARTReceiver:receiver_inst|tick_count[19] ; UARTReceiver:receiver_inst|tick_count[19] ; clk          ; clk         ; 0.000        ; 0.045      ; 0.429      ;
; 0.300 ; UARTReceiver:receiver_inst|tick_count[1]  ; UARTReceiver:receiver_inst|tick_count[1]  ; clk          ; clk         ; 0.000        ; 0.044      ; 0.428      ;
; 0.301 ; UARTReceiver:receiver_inst|tick_count[20] ; UARTReceiver:receiver_inst|tick_count[20] ; clk          ; clk         ; 0.000        ; 0.045      ; 0.430      ;
; 0.301 ; UARTReceiver:receiver_inst|tick_count[18] ; UARTReceiver:receiver_inst|tick_count[18] ; clk          ; clk         ; 0.000        ; 0.045      ; 0.430      ;
; 0.306 ; UARTReceiver:receiver_inst|tick_count[15] ; UARTReceiver:receiver_inst|tick_count[15] ; clk          ; clk         ; 0.000        ; 0.037      ; 0.427      ;
; 0.307 ; UARTReceiver:receiver_inst|tick_count[3]  ; UARTReceiver:receiver_inst|tick_count[3]  ; clk          ; clk         ; 0.000        ; 0.037      ; 0.428      ;
; 0.307 ; UARTReceiver:receiver_inst|tick_count[5]  ; UARTReceiver:receiver_inst|tick_count[5]  ; clk          ; clk         ; 0.000        ; 0.037      ; 0.428      ;
; 0.307 ; UARTReceiver:receiver_inst|tick_count[7]  ; UARTReceiver:receiver_inst|tick_count[7]  ; clk          ; clk         ; 0.000        ; 0.037      ; 0.428      ;
; 0.307 ; UARTReceiver:receiver_inst|tick_count[13] ; UARTReceiver:receiver_inst|tick_count[13] ; clk          ; clk         ; 0.000        ; 0.037      ; 0.428      ;
; 0.307 ; UARTReceiver:receiver_inst|tick_count[17] ; UARTReceiver:receiver_inst|tick_count[17] ; clk          ; clk         ; 0.000        ; 0.037      ; 0.428      ;
; 0.308 ; UARTReceiver:receiver_inst|tick_count[2]  ; UARTReceiver:receiver_inst|tick_count[2]  ; clk          ; clk         ; 0.000        ; 0.037      ; 0.429      ;
; 0.308 ; UARTReceiver:receiver_inst|tick_count[6]  ; UARTReceiver:receiver_inst|tick_count[6]  ; clk          ; clk         ; 0.000        ; 0.037      ; 0.429      ;
; 0.308 ; UARTReceiver:receiver_inst|tick_count[8]  ; UARTReceiver:receiver_inst|tick_count[8]  ; clk          ; clk         ; 0.000        ; 0.037      ; 0.429      ;
; 0.308 ; UARTReceiver:receiver_inst|tick_count[9]  ; UARTReceiver:receiver_inst|tick_count[9]  ; clk          ; clk         ; 0.000        ; 0.037      ; 0.429      ;
; 0.308 ; UARTReceiver:receiver_inst|tick_count[11] ; UARTReceiver:receiver_inst|tick_count[11] ; clk          ; clk         ; 0.000        ; 0.037      ; 0.429      ;
; 0.308 ; UARTReceiver:receiver_inst|tick_count[14] ; UARTReceiver:receiver_inst|tick_count[14] ; clk          ; clk         ; 0.000        ; 0.037      ; 0.429      ;
; 0.308 ; UARTReceiver:receiver_inst|tick_count[16] ; UARTReceiver:receiver_inst|tick_count[16] ; clk          ; clk         ; 0.000        ; 0.037      ; 0.429      ;
; 0.308 ; UARTReceiver:receiver_inst|tick_count[21] ; UARTReceiver:receiver_inst|tick_count[21] ; clk          ; clk         ; 0.000        ; 0.037      ; 0.429      ;
; 0.308 ; UARTReceiver:receiver_inst|tick_count[23] ; UARTReceiver:receiver_inst|tick_count[23] ; clk          ; clk         ; 0.000        ; 0.037      ; 0.429      ;
; 0.308 ; UARTReceiver:receiver_inst|tick_count[25] ; UARTReceiver:receiver_inst|tick_count[25] ; clk          ; clk         ; 0.000        ; 0.037      ; 0.429      ;
; 0.308 ; UARTReceiver:receiver_inst|tick_count[27] ; UARTReceiver:receiver_inst|tick_count[27] ; clk          ; clk         ; 0.000        ; 0.037      ; 0.429      ;
; 0.308 ; UARTReceiver:receiver_inst|tick_count[29] ; UARTReceiver:receiver_inst|tick_count[29] ; clk          ; clk         ; 0.000        ; 0.037      ; 0.429      ;
; 0.309 ; UARTReceiver:receiver_inst|tick_count[12] ; UARTReceiver:receiver_inst|tick_count[12] ; clk          ; clk         ; 0.000        ; 0.037      ; 0.430      ;
; 0.309 ; UARTReceiver:receiver_inst|tick_count[4]  ; UARTReceiver:receiver_inst|tick_count[4]  ; clk          ; clk         ; 0.000        ; 0.037      ; 0.430      ;
; 0.309 ; UARTReceiver:receiver_inst|tick_count[10] ; UARTReceiver:receiver_inst|tick_count[10] ; clk          ; clk         ; 0.000        ; 0.037      ; 0.430      ;
; 0.309 ; UARTReceiver:receiver_inst|tick_count[22] ; UARTReceiver:receiver_inst|tick_count[22] ; clk          ; clk         ; 0.000        ; 0.037      ; 0.430      ;
; 0.309 ; UARTReceiver:receiver_inst|tick_count[24] ; UARTReceiver:receiver_inst|tick_count[24] ; clk          ; clk         ; 0.000        ; 0.037      ; 0.430      ;
; 0.309 ; UARTReceiver:receiver_inst|tick_count[30] ; UARTReceiver:receiver_inst|tick_count[30] ; clk          ; clk         ; 0.000        ; 0.037      ; 0.430      ;
; 0.310 ; UARTReceiver:receiver_inst|tick_count[26] ; UARTReceiver:receiver_inst|tick_count[26] ; clk          ; clk         ; 0.000        ; 0.037      ; 0.431      ;
; 0.310 ; UARTReceiver:receiver_inst|tick_count[28] ; UARTReceiver:receiver_inst|tick_count[28] ; clk          ; clk         ; 0.000        ; 0.037      ; 0.431      ;
; 0.314 ; UARTSender:sender_inst|state.IDLE         ; UARTSender:sender_inst|tick_count[24]     ; clk          ; clk         ; 0.000        ; 0.233      ; 0.631      ;
; 0.318 ; UARTReceiver:receiver_inst|state.DATA     ; UARTReceiver:receiver_inst|data_reg[5]    ; clk          ; clk         ; 0.000        ; 0.232      ; 0.634      ;
; 0.318 ; UARTReceiver:receiver_inst|tick_count[0]  ; UARTReceiver:receiver_inst|tick_count[0]  ; clk          ; clk         ; 0.000        ; 0.037      ; 0.439      ;
; 0.321 ; UARTReceiver:receiver_inst|bit_idx[2]     ; UARTReceiver:receiver_inst|data_reg[4]    ; clk          ; clk         ; 0.000        ; 0.232      ; 0.637      ;
; 0.324 ; UARTReceiver:receiver_inst|tick_count[17] ; UARTReceiver:receiver_inst|tick_count[19] ; clk          ; clk         ; 0.000        ; 0.232      ; 0.640      ;
; 0.325 ; UARTReceiver:receiver_inst|tick_count[29] ; UARTReceiver:receiver_inst|tick_count[31] ; clk          ; clk         ; 0.000        ; 0.232      ; 0.641      ;
; 0.326 ; UARTReceiver:receiver_inst|tick_count[15] ; UARTReceiver:receiver_inst|tick_count[18] ; clk          ; clk         ; 0.000        ; 0.232      ; 0.642      ;
; 0.327 ; UARTReceiver:receiver_inst|tick_count[17] ; UARTReceiver:receiver_inst|tick_count[20] ; clk          ; clk         ; 0.000        ; 0.232      ; 0.643      ;
; 0.328 ; UARTReceiver:receiver_inst|bit_idx[2]     ; UARTReceiver:receiver_inst|state.STOP     ; clk          ; clk         ; 0.000        ; 0.232      ; 0.644      ;
; 0.329 ; UARTReceiver:receiver_inst|bit_idx[2]     ; UARTReceiver:receiver_inst|data_reg[6]    ; clk          ; clk         ; 0.000        ; 0.232      ; 0.645      ;
; 0.331 ; UARTReceiver:receiver_inst|bit_idx[2]     ; UARTReceiver:receiver_inst|state.START    ; clk          ; clk         ; 0.000        ; 0.232      ; 0.647      ;
; 0.336 ; UARTSender:sender_inst|state.IDLE         ; UARTSender:sender_inst|busy               ; clk          ; clk         ; 0.000        ; 0.037      ; 0.457      ;
; 0.337 ; UARTSender:sender_inst|state.DATA         ; UARTSender:sender_inst|state.STOP         ; clk          ; clk         ; 0.000        ; 0.037      ; 0.458      ;
; 0.337 ; UARTReceiver:receiver_inst|tick_count[16] ; UARTReceiver:receiver_inst|tick_count[19] ; clk          ; clk         ; 0.000        ; 0.232      ; 0.653      ;
; 0.339 ; UARTReceiver:receiver_inst|tick_count[28] ; UARTReceiver:receiver_inst|tick_count[31] ; clk          ; clk         ; 0.000        ; 0.232      ; 0.655      ;
; 0.340 ; UARTReceiver:receiver_inst|tick_count[14] ; UARTReceiver:receiver_inst|tick_count[18] ; clk          ; clk         ; 0.000        ; 0.232      ; 0.656      ;
; 0.340 ; UARTReceiver:receiver_inst|tick_count[16] ; UARTReceiver:receiver_inst|tick_count[20] ; clk          ; clk         ; 0.000        ; 0.232      ; 0.656      ;
; 0.354 ; UARTReceiver:receiver_inst|bit_idx[0]     ; UARTReceiver:receiver_inst|bit_idx[1]     ; clk          ; clk         ; 0.000        ; 0.037      ; 0.475      ;
; 0.365 ; UARTSender:sender_inst|state.DATA         ; UARTSender:sender_inst|bit_idx[1]         ; clk          ; clk         ; 0.000        ; 0.037      ; 0.486      ;
; 0.365 ; UARTReceiver:receiver_inst|state.IDLE     ; UARTReceiver:receiver_inst|state.START    ; clk          ; clk         ; 0.000        ; 0.232      ; 0.681      ;
; 0.366 ; UARTReceiver:receiver_inst|state.IDLE     ; UARTReceiver:receiver_inst|correct_data   ; clk          ; clk         ; 0.000        ; 0.037      ; 0.487      ;
; 0.366 ; UARTSender:sender_inst|state.DATA         ; UARTSender:sender_inst|bit_idx[2]         ; clk          ; clk         ; 0.000        ; 0.037      ; 0.487      ;
; 0.367 ; UARTSender:sender_inst|state.PARITY       ; UARTSender:sender_inst|state.DATA         ; clk          ; clk         ; 0.000        ; 0.037      ; 0.488      ;
; 0.370 ; UARTReceiver:receiver_inst|bit_idx[0]     ; UARTReceiver:receiver_inst|data_reg[5]    ; clk          ; clk         ; 0.000        ; 0.232      ; 0.686      ;
; 0.370 ; UARTSender:sender_inst|state.DATA         ; UARTSender:sender_inst|bit_idx[0]         ; clk          ; clk         ; 0.000        ; 0.037      ; 0.491      ;
; 0.375 ; UARTReceiver:receiver_inst|state.DATA     ; UARTReceiver:receiver_inst|bit_idx[0]     ; clk          ; clk         ; 0.000        ; 0.037      ; 0.496      ;
; 0.376 ; UARTSender:sender_inst|state.DATA         ; UARTSender:sender_inst|tx                 ; clk          ; clk         ; 0.000        ; 0.238      ; 0.698      ;
; 0.376 ; UARTReceiver:receiver_inst|state.DATA     ; UARTReceiver:receiver_inst|bit_idx[1]     ; clk          ; clk         ; 0.000        ; 0.037      ; 0.497      ;
; 0.379 ; UARTSender:sender_inst|state.STOP         ; UARTSender:sender_inst|state.IDLE         ; clk          ; clk         ; 0.000        ; 0.037      ; 0.500      ;
; 0.382 ; UARTReceiver:receiver_inst|state.DATA     ; UARTReceiver:receiver_inst|bit_idx[2]     ; clk          ; clk         ; 0.000        ; 0.037      ; 0.503      ;
; 0.387 ; UARTReceiver:receiver_inst|bit_idx[0]     ; UARTReceiver:receiver_inst|data_reg[4]    ; clk          ; clk         ; 0.000        ; 0.232      ; 0.703      ;
+-------+-------------------------------------------+-------------------------------------------+--------------+-------------+--------------+------------+------------+


----------------------------------------------
; Fast 1200mV 0C Model Metastability Summary ;
----------------------------------------------
No synchronizer chains to report.


+--------------------------------------------------------------------------------+
; Multicorner Timing Analysis Summary                                            ;
+------------------+----------+-------+----------+---------+---------------------+
; Clock            ; Setup    ; Hold  ; Recovery ; Removal ; Minimum Pulse Width ;
+------------------+----------+-------+----------+---------+---------------------+
; Worst-case Slack ; -3.027   ; 0.177 ; N/A      ; N/A     ; -3.000              ;
;  clk             ; -3.027   ; 0.177 ; N/A      ; N/A     ; -3.000              ;
; Design-wide TNS  ; -249.111 ; 0.0   ; 0.0      ; 0.0     ; -113.876            ;
;  clk             ; -249.111 ; 0.000 ; N/A      ; N/A     ; -113.876            ;
+------------------+----------+-------+----------+---------+---------------------+


+------------------------------------------------------------------------------------------------------------------------------------------------------------------------------------------------------------------------------------------------------------------------------------------------------------------------------------------------------------------------------------------------------------------+
; Board Trace Model Assignments                                                                                                                                                                                                                                                                                                                                                                                    ;
+---------------+--------------+-------------------+-------------------------+-------------------------+---------------+---------------------+----------------+------------------+--------+------------------+------------------------+------------------------+--------------+---------------+-----------------+-------+---------------------+--------------------+---------------+-----------------+-------------+
; Pin           ; I/O Standard ; Near Tline Length ; Near Tline L per Length ; Near Tline C per Length ; Near Series R ; Near Differential R ; Near Pull-up R ; Near Pull-down R ; Near C ; Far Tline Length ; Far Tline L per Length ; Far Tline C per Length ; Far Series R ; Far Pull-up R ; Far Pull-down R ; Far C ; Termination Voltage ; Far Differential R ; EBD File Name ; EBD Signal Name ; EBD Far-end ;
+---------------+--------------+-------------------+-------------------------+-------------------------+---------------+---------------------+----------------+------------------+--------+------------------+------------------------+------------------------+--------------+---------------+-----------------+-------+---------------------+--------------------+---------------+-----------------+-------------+
; tx            ; 2.5 V        ; 0 in              ; 0 H/in                  ; 0 F/in                  ; short         ; -                   ; open           ; open             ; open   ; 0 in             ; 0 H/in                 ; 0 F/in                 ; short        ; open          ; open            ; open  ; 0 V                 ; -                  ; n/a           ; n/a             ; n/a         ;
; busy          ; 2.5 V        ; 0 in              ; 0 H/in                  ; 0 F/in                  ; short         ; -                   ; open           ; open             ; open   ; 0 in             ; 0 H/in                 ; 0 F/in                 ; short        ; open          ; open            ; open  ; 0 V                 ; -                  ; n/a           ; n/a             ; n/a         ;
; rec_new_data  ; 2.5 V        ; 0 in              ; 0 H/in                  ; 0 F/in                  ; short         ; -                   ; open           ; open             ; open   ; 0 in             ; 0 H/in                 ; 0 F/in                 ; short        ; open          ; open            ; open  ; 0 V                 ; -                  ; n/a           ; n/a             ; n/a         ;
; rec_data[0]   ; 2.5 V        ; 0 in              ; 0 H/in                  ; 0 F/in                  ; short         ; -                   ; open           ; open             ; open   ; 0 in             ; 0 H/in                 ; 0 F/in                 ; short        ; open          ; open            ; open  ; 0 V                 ; -                  ; n/a           ; n/a             ; n/a         ;
; rec_data[1]   ; 2.5 V        ; 0 in              ; 0 H/in                  ; 0 F/in                  ; short         ; -                   ; open           ; open             ; open   ; 0 in             ; 0 H/in                 ; 0 F/in                 ; short        ; open          ; open            ; open  ; 0 V                 ; -                  ; n/a           ; n/a             ; n/a         ;
; rec_data[2]   ; 2.5 V        ; 0 in              ; 0 H/in                  ; 0 F/in                  ; short         ; -                   ; open           ; open             ; open   ; 0 in             ; 0 H/in                 ; 0 F/in                 ; short        ; open          ; open            ; open  ; 0 V                 ; -                  ; n/a           ; n/a             ; n/a         ;
; rec_data[3]   ; 2.5 V        ; 0 in              ; 0 H/in                  ; 0 F/in                  ; short         ; -                   ; open           ; open             ; open   ; 0 in             ; 0 H/in                 ; 0 F/in                 ; short        ; open          ; open            ; open  ; 0 V                 ; -                  ; n/a           ; n/a             ; n/a         ;
; rec_data[4]   ; 2.5 V        ; 0 in              ; 0 H/in                  ; 0 F/in                  ; short         ; -                   ; open           ; open             ; open   ; 0 in             ; 0 H/in                 ; 0 F/in                 ; short        ; open          ; open            ; open  ; 0 V                 ; -                  ; n/a           ; n/a             ; n/a         ;
; rec_data[5]   ; 2.5 V        ; 0 in              ; 0 H/in                  ; 0 F/in                  ; short         ; -                   ; open           ; open             ; open   ; 0 in             ; 0 H/in                 ; 0 F/in                 ; short        ; open          ; open            ; open  ; 0 V                 ; -                  ; n/a           ; n/a             ; n/a         ;
; rec_data[6]   ; 2.5 V        ; 0 in              ; 0 H/in                  ; 0 F/in                  ; short         ; -                   ; open           ; open             ; open   ; 0 in             ; 0 H/in                 ; 0 F/in                 ; short        ; open          ; open            ; open  ; 0 V                 ; -                  ; n/a           ; n/a             ; n/a         ;
; correct_data  ; 2.5 V        ; 0 in              ; 0 H/in                  ; 0 F/in                  ; short         ; -                   ; open           ; open             ; open   ; 0 in             ; 0 H/in                 ; 0 F/in                 ; short        ; open          ; open            ; open  ; 0 V                 ; -                  ; n/a           ; n/a             ; n/a         ;
; ~ALTERA_NCEO~ ; 2.5 V        ; 0 in              ; 0 H/in                  ; 0 F/in                  ; short         ; -                   ; open           ; open             ; open   ; 0 in             ; 0 H/in                 ; 0 F/in                 ; short        ; open          ; open            ; open  ; 0 V                 ; -                  ; n/a           ; n/a             ; n/a         ;
; ~ALTERA_DCLK~ ; 2.5 V        ; 0 in              ; 0 H/in                  ; 0 F/in                  ; short         ; -                   ; open           ; open             ; open   ; 0 in             ; 0 H/in                 ; 0 F/in                 ; short        ; open          ; open            ; open  ; 0 V                 ; -                  ; n/a           ; n/a             ; n/a         ;
+---------------+--------------+-------------------+-------------------------+-------------------------+---------------+---------------------+----------------+------------------+--------+------------------+------------------------+------------------------+--------------+---------------+-----------------+-------+---------------------+--------------------+---------------+-----------------+-------------+


+-------------------------------------------------------------------+
; Input Transition Times                                            ;
+----------------+--------------+-----------------+-----------------+
; Pin            ; I/O Standard ; 10-90 Rise Time ; 90-10 Fall Time ;
+----------------+--------------+-----------------+-----------------+
; new_data       ; 2.5 V        ; 2000 ps         ; 2000 ps         ;
; clk            ; 2.5 V        ; 2000 ps         ; 2000 ps         ;
; rstN           ; 2.5 V        ; 2000 ps         ; 2000 ps         ;
; send_data[6]   ; 2.5 V        ; 2000 ps         ; 2000 ps         ;
; send_data[5]   ; 2.5 V        ; 2000 ps         ; 2000 ps         ;
; send_data[4]   ; 2.5 V        ; 2000 ps         ; 2000 ps         ;
; send_data[3]   ; 2.5 V        ; 2000 ps         ; 2000 ps         ;
; send_data[1]   ; 2.5 V        ; 2000 ps         ; 2000 ps         ;
; send_data[0]   ; 2.5 V        ; 2000 ps         ; 2000 ps         ;
; send_data[2]   ; 2.5 V        ; 2000 ps         ; 2000 ps         ;
; ~ALTERA_DATA0~ ; 2.5 V        ; 2000 ps         ; 2000 ps         ;
; ~ALTERA_ASDO~  ; 2.5 V        ; 2000 ps         ; 2000 ps         ;
; ~ALTERA_NCSO~  ; 2.5 V        ; 2000 ps         ; 2000 ps         ;
+----------------+--------------+-----------------+-----------------+


+--------------------------------------------------------------------------------------------------------------------------------------------------------------------------------------------------------------------------------------------------------------------------------------------------------------------------------------------------------------------------------------------------------------------------------------------------------------------------------------------------------------------------------------------------------------------------------------------------------------------------------------------------------------------------------------------+
; Signal Integrity Metrics (Slow 1200mv 0c Model)                                                                                                                                                                                                                                                                                                                                                                                                                                                                                                                                                                                                                                            ;
+---------------+--------------+---------------------+---------------------+------------------------------+------------------------------+---------------------+---------------------+--------------------------------------+--------------------------------------+-----------------------------+-----------------------------+----------------------------+----------------------------+-----------------------------+-----------------------------+--------------------+--------------------+-------------------------------------+-------------------------------------+----------------------------+----------------------------+---------------------------+---------------------------+
; Pin           ; I/O Standard ; Board Delay on Rise ; Board Delay on Fall ; Steady State Voh at FPGA Pin ; Steady State Vol at FPGA Pin ; Voh Max at FPGA Pin ; Vol Min at FPGA Pin ; Ringback Voltage on Rise at FPGA Pin ; Ringback Voltage on Fall at FPGA Pin ; 10-90 Rise Time at FPGA Pin ; 90-10 Fall Time at FPGA Pin ; Monotonic Rise at FPGA Pin ; Monotonic Fall at FPGA Pin ; Steady State Voh at Far-end ; Steady State Vol at Far-end ; Voh Max at Far-end ; Vol Min at Far-end ; Ringback Voltage on Rise at Far-end ; Ringback Voltage on Fall at Far-end ; 10-90 Rise Time at Far-end ; 90-10 Fall Time at Far-end ; Monotonic Rise at Far-end ; Monotonic Fall at Far-end ;
+---------------+--------------+---------------------+---------------------+------------------------------+------------------------------+---------------------+---------------------+--------------------------------------+--------------------------------------+-----------------------------+-----------------------------+----------------------------+----------------------------+-----------------------------+-----------------------------+--------------------+--------------------+-------------------------------------+-------------------------------------+----------------------------+----------------------------+---------------------------+---------------------------+
; tx            ; 2.5 V        ; 0 s                 ; 0 s                 ; 2.32 V                       ; 5.16e-09 V                   ; 2.37 V              ; -0.00861 V          ; 0.168 V                              ; 0.038 V                              ; 6.79e-10 s                  ; 6.49e-10 s                  ; No                         ; Yes                        ; 2.32 V                      ; 5.16e-09 V                  ; 2.37 V             ; -0.00861 V         ; 0.168 V                             ; 0.038 V                             ; 6.79e-10 s                 ; 6.49e-10 s                 ; No                        ; Yes                       ;
; busy          ; 2.5 V        ; 0 s                 ; 0 s                 ; 2.32 V                       ; 5.16e-09 V                   ; 2.37 V              ; -0.00861 V          ; 0.168 V                              ; 0.038 V                              ; 6.79e-10 s                  ; 6.49e-10 s                  ; No                         ; Yes                        ; 2.32 V                      ; 5.16e-09 V                  ; 2.37 V             ; -0.00861 V         ; 0.168 V                             ; 0.038 V                             ; 6.79e-10 s                 ; 6.49e-10 s                 ; No                        ; Yes                       ;
; rec_new_data  ; 2.5 V        ; 0 s                 ; 0 s                 ; 2.32 V                       ; 5.16e-09 V                   ; 2.34 V              ; -0.00633 V          ; 0.232 V                              ; 0.083 V                              ; 1.94e-09 s                  ; 1.83e-09 s                  ; No                         ; Yes                        ; 2.32 V                      ; 5.16e-09 V                  ; 2.34 V             ; -0.00633 V         ; 0.232 V                             ; 0.083 V                             ; 1.94e-09 s                 ; 1.83e-09 s                 ; No                        ; Yes                       ;
; rec_data[0]   ; 2.5 V        ; 0 s                 ; 0 s                 ; 2.32 V                       ; 5.16e-09 V                   ; 2.37 V              ; -0.00861 V          ; 0.168 V                              ; 0.038 V                              ; 6.79e-10 s                  ; 6.49e-10 s                  ; No                         ; Yes                        ; 2.32 V                      ; 5.16e-09 V                  ; 2.37 V             ; -0.00861 V         ; 0.168 V                             ; 0.038 V                             ; 6.79e-10 s                 ; 6.49e-10 s                 ; No                        ; Yes                       ;
; rec_data[1]   ; 2.5 V        ; 0 s                 ; 0 s                 ; 2.32 V                       ; 5.16e-09 V                   ; 2.34 V              ; -0.00633 V          ; 0.232 V                              ; 0.083 V                              ; 1.94e-09 s                  ; 1.83e-09 s                  ; No                         ; Yes                        ; 2.32 V                      ; 5.16e-09 V                  ; 2.34 V             ; -0.00633 V         ; 0.232 V                             ; 0.083 V                             ; 1.94e-09 s                 ; 1.83e-09 s                 ; No                        ; Yes                       ;
; rec_data[2]   ; 2.5 V        ; 0 s                 ; 0 s                 ; 2.32 V                       ; 5.16e-09 V                   ; 2.37 V              ; -0.00861 V          ; 0.168 V                              ; 0.038 V                              ; 6.79e-10 s                  ; 6.49e-10 s                  ; No                         ; Yes                        ; 2.32 V                      ; 5.16e-09 V                  ; 2.37 V             ; -0.00861 V         ; 0.168 V                             ; 0.038 V                             ; 6.79e-10 s                 ; 6.49e-10 s                 ; No                        ; Yes                       ;
; rec_data[3]   ; 2.5 V        ; 0 s                 ; 0 s                 ; 2.32 V                       ; 5.16e-09 V                   ; 2.37 V              ; -0.00861 V          ; 0.168 V                              ; 0.038 V                              ; 6.79e-10 s                  ; 6.49e-10 s                  ; No                         ; Yes                        ; 2.32 V                      ; 5.16e-09 V                  ; 2.37 V             ; -0.00861 V         ; 0.168 V                             ; 0.038 V                             ; 6.79e-10 s                 ; 6.49e-10 s                 ; No                        ; Yes                       ;
; rec_data[4]   ; 2.5 V        ; 0 s                 ; 0 s                 ; 2.32 V                       ; 5.16e-09 V                   ; 2.4 V               ; -0.00557 V          ; 0.238 V                              ; 0.014 V                              ; 2.9e-10 s                   ; 3.48e-10 s                  ; No                         ; Yes                        ; 2.32 V                      ; 5.16e-09 V                  ; 2.4 V              ; -0.00557 V         ; 0.238 V                             ; 0.014 V                             ; 2.9e-10 s                  ; 3.48e-10 s                 ; No                        ; Yes                       ;
; rec_data[5]   ; 2.5 V        ; 0 s                 ; 0 s                 ; 2.32 V                       ; 5.16e-09 V                   ; 2.4 V               ; -0.00557 V          ; 0.238 V                              ; 0.014 V                              ; 2.9e-10 s                   ; 3.48e-10 s                  ; No                         ; Yes                        ; 2.32 V                      ; 5.16e-09 V                  ; 2.4 V              ; -0.00557 V         ; 0.238 V                             ; 0.014 V                             ; 2.9e-10 s                  ; 3.48e-10 s                 ; No                        ; Yes                       ;
; rec_data[6]   ; 2.5 V        ; 0 s                 ; 0 s                 ; 2.32 V                       ; 5.16e-09 V                   ; 2.37 V              ; -0.00861 V          ; 0.168 V                              ; 0.038 V                              ; 6.79e-10 s                  ; 6.49e-10 s                  ; No                         ; Yes                        ; 2.32 V                      ; 5.16e-09 V                  ; 2.37 V             ; -0.00861 V         ; 0.168 V                             ; 0.038 V                             ; 6.79e-10 s                 ; 6.49e-10 s                 ; No                        ; Yes                       ;
; correct_data  ; 2.5 V        ; 0 s                 ; 0 s                 ; 2.32 V                       ; 5.16e-09 V                   ; 2.4 V               ; -0.00557 V          ; 0.238 V                              ; 0.014 V                              ; 2.9e-10 s                   ; 3.48e-10 s                  ; No                         ; Yes                        ; 2.32 V                      ; 5.16e-09 V                  ; 2.4 V              ; -0.00557 V         ; 0.238 V                             ; 0.014 V                             ; 2.9e-10 s                  ; 3.48e-10 s                 ; No                        ; Yes                       ;
; ~ALTERA_NCEO~ ; 2.5 V        ; 0 s                 ; 0 s                 ; 2.32 V                       ; 4.76e-09 V                   ; 2.4 V               ; -0.034 V            ; 0.102 V                              ; 0.065 V                              ; 2.49e-10 s                  ; 3.49e-10 s                  ; Yes                        ; Yes                        ; 2.32 V                      ; 4.76e-09 V                  ; 2.4 V              ; -0.034 V           ; 0.102 V                             ; 0.065 V                             ; 2.49e-10 s                 ; 3.49e-10 s                 ; Yes                       ; Yes                       ;
; ~ALTERA_DCLK~ ; 2.5 V        ; 0 s                 ; 0 s                 ; 2.32 V                       ; 5.95e-09 V                   ; 2.38 V              ; -0.0345 V           ; 0.156 V                              ; 0.089 V                              ; 2.68e-10 s                  ; 2.6e-10 s                   ; Yes                        ; Yes                        ; 2.32 V                      ; 5.95e-09 V                  ; 2.38 V             ; -0.0345 V          ; 0.156 V                             ; 0.089 V                             ; 2.68e-10 s                 ; 2.6e-10 s                  ; Yes                       ; Yes                       ;
+---------------+--------------+---------------------+---------------------+------------------------------+------------------------------+---------------------+---------------------+--------------------------------------+--------------------------------------+-----------------------------+-----------------------------+----------------------------+----------------------------+-----------------------------+-----------------------------+--------------------+--------------------+-------------------------------------+-------------------------------------+----------------------------+----------------------------+---------------------------+---------------------------+


+--------------------------------------------------------------------------------------------------------------------------------------------------------------------------------------------------------------------------------------------------------------------------------------------------------------------------------------------------------------------------------------------------------------------------------------------------------------------------------------------------------------------------------------------------------------------------------------------------------------------------------------------------------------------------------------------+
; Signal Integrity Metrics (Slow 1200mv 85c Model)                                                                                                                                                                                                                                                                                                                                                                                                                                                                                                                                                                                                                                           ;
+---------------+--------------+---------------------+---------------------+------------------------------+------------------------------+---------------------+---------------------+--------------------------------------+--------------------------------------+-----------------------------+-----------------------------+----------------------------+----------------------------+-----------------------------+-----------------------------+--------------------+--------------------+-------------------------------------+-------------------------------------+----------------------------+----------------------------+---------------------------+---------------------------+
; Pin           ; I/O Standard ; Board Delay on Rise ; Board Delay on Fall ; Steady State Voh at FPGA Pin ; Steady State Vol at FPGA Pin ; Voh Max at FPGA Pin ; Vol Min at FPGA Pin ; Ringback Voltage on Rise at FPGA Pin ; Ringback Voltage on Fall at FPGA Pin ; 10-90 Rise Time at FPGA Pin ; 90-10 Fall Time at FPGA Pin ; Monotonic Rise at FPGA Pin ; Monotonic Fall at FPGA Pin ; Steady State Voh at Far-end ; Steady State Vol at Far-end ; Voh Max at Far-end ; Vol Min at Far-end ; Ringback Voltage on Rise at Far-end ; Ringback Voltage on Fall at Far-end ; 10-90 Rise Time at Far-end ; 90-10 Fall Time at Far-end ; Monotonic Rise at Far-end ; Monotonic Fall at Far-end ;
+---------------+--------------+---------------------+---------------------+------------------------------+------------------------------+---------------------+---------------------+--------------------------------------+--------------------------------------+-----------------------------+-----------------------------+----------------------------+----------------------------+-----------------------------+-----------------------------+--------------------+--------------------+-------------------------------------+-------------------------------------+----------------------------+----------------------------+---------------------------+---------------------------+
; tx            ; 2.5 V        ; 0 s                 ; 0 s                 ; 2.32 V                       ; 8.13e-07 V                   ; 2.35 V              ; -0.00662 V          ; 0.129 V                              ; 0.049 V                              ; 8.55e-10 s                  ; 8.01e-10 s                  ; No                         ; Yes                        ; 2.32 V                      ; 8.13e-07 V                  ; 2.35 V             ; -0.00662 V         ; 0.129 V                             ; 0.049 V                             ; 8.55e-10 s                 ; 8.01e-10 s                 ; No                        ; Yes                       ;
; busy          ; 2.5 V        ; 0 s                 ; 0 s                 ; 2.32 V                       ; 8.13e-07 V                   ; 2.35 V              ; -0.00662 V          ; 0.129 V                              ; 0.049 V                              ; 8.55e-10 s                  ; 8.01e-10 s                  ; No                         ; Yes                        ; 2.32 V                      ; 8.13e-07 V                  ; 2.35 V             ; -0.00662 V         ; 0.129 V                             ; 0.049 V                             ; 8.55e-10 s                 ; 8.01e-10 s                 ; No                        ; Yes                       ;
; rec_new_data  ; 2.5 V        ; 0 s                 ; 0 s                 ; 2.32 V                       ; 8.13e-07 V                   ; 2.33 V              ; -0.00252 V          ; 0.203 V                              ; 0.046 V                              ; 2.34e-09 s                  ; 2.24e-09 s                  ; Yes                        ; Yes                        ; 2.32 V                      ; 8.13e-07 V                  ; 2.33 V             ; -0.00252 V         ; 0.203 V                             ; 0.046 V                             ; 2.34e-09 s                 ; 2.24e-09 s                 ; Yes                       ; Yes                       ;
; rec_data[0]   ; 2.5 V        ; 0 s                 ; 0 s                 ; 2.32 V                       ; 8.13e-07 V                   ; 2.35 V              ; -0.00662 V          ; 0.129 V                              ; 0.049 V                              ; 8.55e-10 s                  ; 8.01e-10 s                  ; No                         ; Yes                        ; 2.32 V                      ; 8.13e-07 V                  ; 2.35 V             ; -0.00662 V         ; 0.129 V                             ; 0.049 V                             ; 8.55e-10 s                 ; 8.01e-10 s                 ; No                        ; Yes                       ;
; rec_data[1]   ; 2.5 V        ; 0 s                 ; 0 s                 ; 2.32 V                       ; 8.13e-07 V                   ; 2.33 V              ; -0.00252 V          ; 0.203 V                              ; 0.046 V                              ; 2.34e-09 s                  ; 2.24e-09 s                  ; Yes                        ; Yes                        ; 2.32 V                      ; 8.13e-07 V                  ; 2.33 V             ; -0.00252 V         ; 0.203 V                             ; 0.046 V                             ; 2.34e-09 s                 ; 2.24e-09 s                 ; Yes                       ; Yes                       ;
; rec_data[2]   ; 2.5 V        ; 0 s                 ; 0 s                 ; 2.32 V                       ; 8.13e-07 V                   ; 2.35 V              ; -0.00662 V          ; 0.129 V                              ; 0.049 V                              ; 8.55e-10 s                  ; 8.01e-10 s                  ; No                         ; Yes                        ; 2.32 V                      ; 8.13e-07 V                  ; 2.35 V             ; -0.00662 V         ; 0.129 V                             ; 0.049 V                             ; 8.55e-10 s                 ; 8.01e-10 s                 ; No                        ; Yes                       ;
; rec_data[3]   ; 2.5 V        ; 0 s                 ; 0 s                 ; 2.32 V                       ; 8.13e-07 V                   ; 2.35 V              ; -0.00662 V          ; 0.129 V                              ; 0.049 V                              ; 8.55e-10 s                  ; 8.01e-10 s                  ; No                         ; Yes                        ; 2.32 V                      ; 8.13e-07 V                  ; 2.35 V             ; -0.00662 V         ; 0.129 V                             ; 0.049 V                             ; 8.55e-10 s                 ; 8.01e-10 s                 ; No                        ; Yes                       ;
; rec_data[4]   ; 2.5 V        ; 0 s                 ; 0 s                 ; 2.32 V                       ; 8.13e-07 V                   ; 2.36 V              ; -0.00623 V          ; 0.121 V                              ; 0.03 V                               ; 4.4e-10 s                   ; 4.28e-10 s                  ; Yes                        ; Yes                        ; 2.32 V                      ; 8.13e-07 V                  ; 2.36 V             ; -0.00623 V         ; 0.121 V                             ; 0.03 V                              ; 4.4e-10 s                  ; 4.28e-10 s                 ; Yes                       ; Yes                       ;
; rec_data[5]   ; 2.5 V        ; 0 s                 ; 0 s                 ; 2.32 V                       ; 8.13e-07 V                   ; 2.36 V              ; -0.00623 V          ; 0.121 V                              ; 0.03 V                               ; 4.4e-10 s                   ; 4.28e-10 s                  ; Yes                        ; Yes                        ; 2.32 V                      ; 8.13e-07 V                  ; 2.36 V             ; -0.00623 V         ; 0.121 V                             ; 0.03 V                              ; 4.4e-10 s                  ; 4.28e-10 s                 ; Yes                       ; Yes                       ;
; rec_data[6]   ; 2.5 V        ; 0 s                 ; 0 s                 ; 2.32 V                       ; 8.13e-07 V                   ; 2.35 V              ; -0.00662 V          ; 0.129 V                              ; 0.049 V                              ; 8.55e-10 s                  ; 8.01e-10 s                  ; No                         ; Yes                        ; 2.32 V                      ; 8.13e-07 V                  ; 2.35 V             ; -0.00662 V         ; 0.129 V                             ; 0.049 V                             ; 8.55e-10 s                 ; 8.01e-10 s                 ; No                        ; Yes                       ;
; correct_data  ; 2.5 V        ; 0 s                 ; 0 s                 ; 2.32 V                       ; 8.13e-07 V                   ; 2.36 V              ; -0.00623 V          ; 0.121 V                              ; 0.03 V                               ; 4.4e-10 s                   ; 4.28e-10 s                  ; Yes                        ; Yes                        ; 2.32 V                      ; 8.13e-07 V                  ; 2.36 V             ; -0.00623 V         ; 0.121 V                             ; 0.03 V                              ; 4.4e-10 s                  ; 4.28e-10 s                 ; Yes                       ; Yes                       ;
; ~ALTERA_NCEO~ ; 2.5 V        ; 0 s                 ; 0 s                 ; 2.32 V                       ; 7.93e-07 V                   ; 2.37 V              ; -0.0278 V           ; 0.106 V                              ; 0.115 V                              ; 2.69e-10 s                  ; 4.05e-10 s                  ; Yes                        ; Yes                        ; 2.32 V                      ; 7.93e-07 V                  ; 2.37 V             ; -0.0278 V          ; 0.106 V                             ; 0.115 V                             ; 2.69e-10 s                 ; 4.05e-10 s                 ; Yes                       ; Yes                       ;
; ~ALTERA_DCLK~ ; 2.5 V        ; 0 s                 ; 0 s                 ; 2.32 V                       ; 9.76e-07 V                   ; 2.36 V              ; -0.00505 V          ; 0.088 V                              ; 0.006 V                              ; 4.05e-10 s                  ; 3.35e-10 s                  ; Yes                        ; Yes                        ; 2.32 V                      ; 9.76e-07 V                  ; 2.36 V             ; -0.00505 V         ; 0.088 V                             ; 0.006 V                             ; 4.05e-10 s                 ; 3.35e-10 s                 ; Yes                       ; Yes                       ;
+---------------+--------------+---------------------+---------------------+------------------------------+------------------------------+---------------------+---------------------+--------------------------------------+--------------------------------------+-----------------------------+-----------------------------+----------------------------+----------------------------+-----------------------------+-----------------------------+--------------------+--------------------+-------------------------------------+-------------------------------------+----------------------------+----------------------------+---------------------------+---------------------------+


+--------------------------------------------------------------------------------------------------------------------------------------------------------------------------------------------------------------------------------------------------------------------------------------------------------------------------------------------------------------------------------------------------------------------------------------------------------------------------------------------------------------------------------------------------------------------------------------------------------------------------------------------------------------------------------------------+
; Signal Integrity Metrics (Fast 1200mv 0c Model)                                                                                                                                                                                                                                                                                                                                                                                                                                                                                                                                                                                                                                            ;
+---------------+--------------+---------------------+---------------------+------------------------------+------------------------------+---------------------+---------------------+--------------------------------------+--------------------------------------+-----------------------------+-----------------------------+----------------------------+----------------------------+-----------------------------+-----------------------------+--------------------+--------------------+-------------------------------------+-------------------------------------+----------------------------+----------------------------+---------------------------+---------------------------+
; Pin           ; I/O Standard ; Board Delay on Rise ; Board Delay on Fall ; Steady State Voh at FPGA Pin ; Steady State Vol at FPGA Pin ; Voh Max at FPGA Pin ; Vol Min at FPGA Pin ; Ringback Voltage on Rise at FPGA Pin ; Ringback Voltage on Fall at FPGA Pin ; 10-90 Rise Time at FPGA Pin ; 90-10 Fall Time at FPGA Pin ; Monotonic Rise at FPGA Pin ; Monotonic Fall at FPGA Pin ; Steady State Voh at Far-end ; Steady State Vol at Far-end ; Voh Max at Far-end ; Vol Min at Far-end ; Ringback Voltage on Rise at Far-end ; Ringback Voltage on Fall at Far-end ; 10-90 Rise Time at Far-end ; 90-10 Fall Time at Far-end ; Monotonic Rise at Far-end ; Monotonic Fall at Far-end ;
+---------------+--------------+---------------------+---------------------+------------------------------+------------------------------+---------------------+---------------------+--------------------------------------+--------------------------------------+-----------------------------+-----------------------------+----------------------------+----------------------------+-----------------------------+-----------------------------+--------------------+--------------------+-------------------------------------+-------------------------------------+----------------------------+----------------------------+---------------------------+---------------------------+
; tx            ; 2.5 V        ; 0 s                 ; 0 s                 ; 2.62 V                       ; 3.16e-08 V                   ; 2.71 V              ; -0.0171 V           ; 0.273 V                              ; 0.065 V                              ; 4.95e-10 s                  ; 5.37e-10 s                  ; No                         ; Yes                        ; 2.62 V                      ; 3.16e-08 V                  ; 2.71 V             ; -0.0171 V          ; 0.273 V                             ; 0.065 V                             ; 4.95e-10 s                 ; 5.37e-10 s                 ; No                        ; Yes                       ;
; busy          ; 2.5 V        ; 0 s                 ; 0 s                 ; 2.62 V                       ; 3.16e-08 V                   ; 2.71 V              ; -0.0171 V           ; 0.273 V                              ; 0.065 V                              ; 4.95e-10 s                  ; 5.37e-10 s                  ; No                         ; Yes                        ; 2.62 V                      ; 3.16e-08 V                  ; 2.71 V             ; -0.0171 V          ; 0.273 V                             ; 0.065 V                             ; 4.95e-10 s                 ; 5.37e-10 s                 ; No                        ; Yes                       ;
; rec_new_data  ; 2.5 V        ; 0 s                 ; 0 s                 ; 2.62 V                       ; 3.16e-08 V                   ; 2.65 V              ; -0.0109 V           ; 0.234 V                              ; 0.125 V                              ; 1.64e-09 s                  ; 1.59e-09 s                  ; No                         ; Yes                        ; 2.62 V                      ; 3.16e-08 V                  ; 2.65 V             ; -0.0109 V          ; 0.234 V                             ; 0.125 V                             ; 1.64e-09 s                 ; 1.59e-09 s                 ; No                        ; Yes                       ;
; rec_data[0]   ; 2.5 V        ; 0 s                 ; 0 s                 ; 2.62 V                       ; 3.16e-08 V                   ; 2.71 V              ; -0.0171 V           ; 0.273 V                              ; 0.065 V                              ; 4.95e-10 s                  ; 5.37e-10 s                  ; No                         ; Yes                        ; 2.62 V                      ; 3.16e-08 V                  ; 2.71 V             ; -0.0171 V          ; 0.273 V                             ; 0.065 V                             ; 4.95e-10 s                 ; 5.37e-10 s                 ; No                        ; Yes                       ;
; rec_data[1]   ; 2.5 V        ; 0 s                 ; 0 s                 ; 2.62 V                       ; 3.16e-08 V                   ; 2.65 V              ; -0.0109 V           ; 0.234 V                              ; 0.125 V                              ; 1.64e-09 s                  ; 1.59e-09 s                  ; No                         ; Yes                        ; 2.62 V                      ; 3.16e-08 V                  ; 2.65 V             ; -0.0109 V          ; 0.234 V                             ; 0.125 V                             ; 1.64e-09 s                 ; 1.59e-09 s                 ; No                        ; Yes                       ;
; rec_data[2]   ; 2.5 V        ; 0 s                 ; 0 s                 ; 2.62 V                       ; 3.16e-08 V                   ; 2.71 V              ; -0.0171 V           ; 0.273 V                              ; 0.065 V                              ; 4.95e-10 s                  ; 5.37e-10 s                  ; No                         ; Yes                        ; 2.62 V                      ; 3.16e-08 V                  ; 2.71 V             ; -0.0171 V          ; 0.273 V                             ; 0.065 V                             ; 4.95e-10 s                 ; 5.37e-10 s                 ; No                        ; Yes                       ;
; rec_data[3]   ; 2.5 V        ; 0 s                 ; 0 s                 ; 2.62 V                       ; 3.16e-08 V                   ; 2.71 V              ; -0.0171 V           ; 0.273 V                              ; 0.065 V                              ; 4.95e-10 s                  ; 5.37e-10 s                  ; No                         ; Yes                        ; 2.62 V                      ; 3.16e-08 V                  ; 2.71 V             ; -0.0171 V          ; 0.273 V                             ; 0.065 V                             ; 4.95e-10 s                 ; 5.37e-10 s                 ; No                        ; Yes                       ;
; rec_data[4]   ; 2.5 V        ; 0 s                 ; 0 s                 ; 2.62 V                       ; 3.16e-08 V                   ; 2.72 V              ; -0.0199 V           ; 0.186 V                              ; 0.027 V                              ; 2.63e-10 s                  ; 2.76e-10 s                  ; Yes                        ; Yes                        ; 2.62 V                      ; 3.16e-08 V                  ; 2.72 V             ; -0.0199 V          ; 0.186 V                             ; 0.027 V                             ; 2.63e-10 s                 ; 2.76e-10 s                 ; Yes                       ; Yes                       ;
; rec_data[5]   ; 2.5 V        ; 0 s                 ; 0 s                 ; 2.62 V                       ; 3.16e-08 V                   ; 2.72 V              ; -0.0199 V           ; 0.186 V                              ; 0.027 V                              ; 2.63e-10 s                  ; 2.76e-10 s                  ; Yes                        ; Yes                        ; 2.62 V                      ; 3.16e-08 V                  ; 2.72 V             ; -0.0199 V          ; 0.186 V                             ; 0.027 V                             ; 2.63e-10 s                 ; 2.76e-10 s                 ; Yes                       ; Yes                       ;
; rec_data[6]   ; 2.5 V        ; 0 s                 ; 0 s                 ; 2.62 V                       ; 3.16e-08 V                   ; 2.71 V              ; -0.0171 V           ; 0.273 V                              ; 0.065 V                              ; 4.95e-10 s                  ; 5.37e-10 s                  ; No                         ; Yes                        ; 2.62 V                      ; 3.16e-08 V                  ; 2.71 V             ; -0.0171 V          ; 0.273 V                             ; 0.065 V                             ; 4.95e-10 s                 ; 5.37e-10 s                 ; No                        ; Yes                       ;
; correct_data  ; 2.5 V        ; 0 s                 ; 0 s                 ; 2.62 V                       ; 3.16e-08 V                   ; 2.72 V              ; -0.0199 V           ; 0.186 V                              ; 0.027 V                              ; 2.63e-10 s                  ; 2.76e-10 s                  ; Yes                        ; Yes                        ; 2.62 V                      ; 3.16e-08 V                  ; 2.72 V             ; -0.0199 V          ; 0.186 V                             ; 0.027 V                             ; 2.63e-10 s                 ; 2.76e-10 s                 ; Yes                       ; Yes                       ;
; ~ALTERA_NCEO~ ; 2.5 V        ; 0 s                 ; 0 s                 ; 2.62 V                       ; 3.06e-08 V                   ; 2.86 V              ; -0.0341 V           ; 0.364 V                              ; 0.046 V                              ; 1.17e-10 s                  ; 2.6e-10 s                   ; No                         ; Yes                        ; 2.62 V                      ; 3.06e-08 V                  ; 2.86 V             ; -0.0341 V          ; 0.364 V                             ; 0.046 V                             ; 1.17e-10 s                 ; 2.6e-10 s                  ; No                        ; Yes                       ;
; ~ALTERA_DCLK~ ; 2.5 V        ; 0 s                 ; 0 s                 ; 2.62 V                       ; 3.81e-08 V                   ; 2.72 V              ; -0.0548 V           ; 0.144 V                              ; 0.087 V                              ; 2.55e-10 s                  ; 2.14e-10 s                  ; Yes                        ; Yes                        ; 2.62 V                      ; 3.81e-08 V                  ; 2.72 V             ; -0.0548 V          ; 0.144 V                             ; 0.087 V                             ; 2.55e-10 s                 ; 2.14e-10 s                 ; Yes                       ; Yes                       ;
+---------------+--------------+---------------------+---------------------+------------------------------+------------------------------+---------------------+---------------------+--------------------------------------+--------------------------------------+-----------------------------+-----------------------------+----------------------------+----------------------------+-----------------------------+-----------------------------+--------------------+--------------------+-------------------------------------+-------------------------------------+----------------------------+----------------------------+---------------------------+---------------------------+


+-------------------------------------------------------------------+
; Setup Transfers                                                   ;
+------------+----------+----------+----------+----------+----------+
; From Clock ; To Clock ; RR Paths ; FR Paths ; RF Paths ; FF Paths ;
+------------+----------+----------+----------+----------+----------+
; clk        ; clk      ; 4817     ; 0        ; 0        ; 0        ;
+------------+----------+----------+----------+----------+----------+
Entries labeled "false path" only account for clock-to-clock false paths and not path-based false paths. As a result, actual path counts may be lower than reported.


+-------------------------------------------------------------------+
; Hold Transfers                                                    ;
+------------+----------+----------+----------+----------+----------+
; From Clock ; To Clock ; RR Paths ; FR Paths ; RF Paths ; FF Paths ;
+------------+----------+----------+----------+----------+----------+
; clk        ; clk      ; 4817     ; 0        ; 0        ; 0        ;
+------------+----------+----------+----------+----------+----------+
Entries labeled "false path" only account for clock-to-clock false paths and not path-based false paths. As a result, actual path counts may be lower than reported.


---------------
; Report TCCS ;
---------------
No dedicated SERDES Transmitter circuitry present in device or used in design


---------------
; Report RSKM ;
---------------
No non-DPA dedicated SERDES Receiver circuitry present in device or used in design


+------------------------------------------------+
; Unconstrained Paths Summary                    ;
+---------------------------------+-------+------+
; Property                        ; Setup ; Hold ;
+---------------------------------+-------+------+
; Illegal Clocks                  ; 0     ; 0    ;
; Unconstrained Clocks            ; 0     ; 0    ;
; Unconstrained Input Ports       ; 9     ; 9    ;
; Unconstrained Input Port Paths  ; 133   ; 133  ;
; Unconstrained Output Ports      ; 11    ; 11   ;
; Unconstrained Output Port Paths ; 11    ; 11   ;
+---------------------------------+-------+------+


+-------------------------------------+
; Clock Status Summary                ;
+--------+-------+------+-------------+
; Target ; Clock ; Type ; Status      ;
+--------+-------+------+-------------+
; clk    ; clk   ; Base ; Constrained ;
+--------+-------+------+-------------+


+-----------------------------------------------------------------------------------------------------+
; Unconstrained Input Ports                                                                           ;
+--------------+--------------------------------------------------------------------------------------+
; Input Port   ; Comment                                                                              ;
+--------------+--------------------------------------------------------------------------------------+
; new_data     ; No input delay, min/max delays, false-path exceptions, or max skew assignments found ;
; rstN         ; No input delay, min/max delays, false-path exceptions, or max skew assignments found ;
; send_data[0] ; No input delay, min/max delays, false-path exceptions, or max skew assignments found ;
; send_data[1] ; No input delay, min/max delays, false-path exceptions, or max skew assignments found ;
; send_data[2] ; No input delay, min/max delays, false-path exceptions, or max skew assignments found ;
; send_data[3] ; No input delay, min/max delays, false-path exceptions, or max skew assignments found ;
; send_data[4] ; No input delay, min/max delays, false-path exceptions, or max skew assignments found ;
; send_data[5] ; No input delay, min/max delays, false-path exceptions, or max skew assignments found ;
; send_data[6] ; No input delay, min/max delays, false-path exceptions, or max skew assignments found ;
+--------------+--------------------------------------------------------------------------------------+


+------------------------------------------------------------------------------------------------------+
; Unconstrained Output Ports                                                                           ;
+--------------+---------------------------------------------------------------------------------------+
; Output Port  ; Comment                                                                               ;
+--------------+---------------------------------------------------------------------------------------+
; busy         ; No output delay, min/max delays, false-path exceptions, or max skew assignments found ;
; correct_data ; No output delay, min/max delays, false-path exceptions, or max skew assignments found ;
; rec_data[0]  ; No output delay, min/max delays, false-path exceptions, or max skew assignments found ;
; rec_data[1]  ; No output delay, min/max delays, false-path exceptions, or max skew assignments found ;
; rec_data[2]  ; No output delay, min/max delays, false-path exceptions, or max skew assignments found ;
; rec_data[3]  ; No output delay, min/max delays, false-path exceptions, or max skew assignments found ;
; rec_data[4]  ; No output delay, min/max delays, false-path exceptions, or max skew assignments found ;
; rec_data[5]  ; No output delay, min/max delays, false-path exceptions, or max skew assignments found ;
; rec_data[6]  ; No output delay, min/max delays, false-path exceptions, or max skew assignments found ;
; rec_new_data ; No output delay, min/max delays, false-path exceptions, or max skew assignments found ;
; tx           ; No output delay, min/max delays, false-path exceptions, or max skew assignments found ;
+--------------+---------------------------------------------------------------------------------------+


+-----------------------------------------------------------------------------------------------------+
; Unconstrained Input Ports                                                                           ;
+--------------+--------------------------------------------------------------------------------------+
; Input Port   ; Comment                                                                              ;
+--------------+--------------------------------------------------------------------------------------+
; new_data     ; No input delay, min/max delays, false-path exceptions, or max skew assignments found ;
; rstN         ; No input delay, min/max delays, false-path exceptions, or max skew assignments found ;
; send_data[0] ; No input delay, min/max delays, false-path exceptions, or max skew assignments found ;
; send_data[1] ; No input delay, min/max delays, false-path exceptions, or max skew assignments found ;
; send_data[2] ; No input delay, min/max delays, false-path exceptions, or max skew assignments found ;
; send_data[3] ; No input delay, min/max delays, false-path exceptions, or max skew assignments found ;
; send_data[4] ; No input delay, min/max delays, false-path exceptions, or max skew assignments found ;
; send_data[5] ; No input delay, min/max delays, false-path exceptions, or max skew assignments found ;
; send_data[6] ; No input delay, min/max delays, false-path exceptions, or max skew assignments found ;
+--------------+--------------------------------------------------------------------------------------+


+------------------------------------------------------------------------------------------------------+
; Unconstrained Output Ports                                                                           ;
+--------------+---------------------------------------------------------------------------------------+
; Output Port  ; Comment                                                                               ;
+--------------+---------------------------------------------------------------------------------------+
; busy         ; No output delay, min/max delays, false-path exceptions, or max skew assignments found ;
; correct_data ; No output delay, min/max delays, false-path exceptions, or max skew assignments found ;
; rec_data[0]  ; No output delay, min/max delays, false-path exceptions, or max skew assignments found ;
; rec_data[1]  ; No output delay, min/max delays, false-path exceptions, or max skew assignments found ;
; rec_data[2]  ; No output delay, min/max delays, false-path exceptions, or max skew assignments found ;
; rec_data[3]  ; No output delay, min/max delays, false-path exceptions, or max skew assignments found ;
; rec_data[4]  ; No output delay, min/max delays, false-path exceptions, or max skew assignments found ;
; rec_data[5]  ; No output delay, min/max delays, false-path exceptions, or max skew assignments found ;
; rec_data[6]  ; No output delay, min/max delays, false-path exceptions, or max skew assignments found ;
; rec_new_data ; No output delay, min/max delays, false-path exceptions, or max skew assignments found ;
; tx           ; No output delay, min/max delays, false-path exceptions, or max skew assignments found ;
+--------------+---------------------------------------------------------------------------------------+


+--------------------------+
; Timing Analyzer Messages ;
+--------------------------+
Info: *******************************************************************
Info: Running Quartus Prime Timing Analyzer
    Info: Version 25.1std.0 Build 1129 10/21/2025 SC Lite Edition
    Info: Processing started: Tue Aug 18 17:52:07 2026
Info: Command: quartus_sta UARTTop -c UARTTop
Info: qsta_default_script.tcl version: #1
Warning (18236): Number of processors has not been specified which may cause overloading on shared machines.  Set the global assignment NUM_PARALLEL_PROCESSORS in your QSF to an appropriate value for best performance.
Info (20030): Parallel compilation is enabled and will use 16 of the 16 processors detected
Info (21076): High junction temperature operating condition is not set. Assuming a default value of '85'.
Info (21076): Low junction temperature operating condition is not set. Assuming a default value of '0'.
Critical Warning (332012): Synopsys Design Constraints File file not found: 'UARTTop.sdc'. A Synopsys Design Constraints File is required by the Timing Analyzer to get proper timing constraints. Without it, the Compiler will not properly optimize the design.
Info (332142): No user constrained base clocks found in the design. Calling "derive_clocks -period 1.0"
Info (332105): Deriving Clocks
    Info (332105): create_clock -period 1.000 -name clk clk
Info (332143): No user constrained clock uncertainty found in the design. Calling "derive_clock_uncertainty"
Info (332123): Deriving Clock Uncertainty. Please refer to report_sdc in the Timing Analyzer to see clock uncertainties.
Info: Found TIMING_ANALYZER_REPORT_SCRIPT_INCLUDE_DEFAULT_ANALYSIS = ON
Info: Analyzing Slow 1200mV 85C Model
Critical Warning (332148): Timing requirements not met
    Info (11105): For recommendations on closing timing, run Report Timing Closure Recommendations in the Timing Analyzer.
Info (332146): Worst-case setup slack is -3.027
    Info (332119):     Slack       End Point TNS Clock 
    Info (332119): ========= =================== =====================
    Info (332119):    -3.027            -249.111 clk 
Info (332146): Worst-case hold slack is 0.340
    Info (332119):     Slack       End Point TNS Clock 
    Info (332119): ========= =================== =====================
    Info (332119):     0.340               0.000 clk 
Info (332140): No Recovery paths to report
Info (332140): No Removal paths to report
Info (332146): Worst-case minimum pulse width slack is -3.000
    Info (332119):     Slack       End Point TNS Clock 
    Info (332119): ========= =================== =====================
    Info (332119):    -3.000            -110.000 clk 
Info: Analyzing Slow 1200mV 0C Model
Info (334003): Started post-fitting delay annotation
Info (334004): Delay annotation completed successfully
Info (332123): Deriving Clock Uncertainty. Please refer to report_sdc in the Timing Analyzer to see clock uncertainties.
Critical Warning (332148): Timing requirements not met
    Info (11105): For recommendations on closing timing, run Report Timing Closure Recommendations in the Timing Analyzer.
Info (332146): Worst-case setup slack is -2.622
    Info (332119):     Slack       End Point TNS Clock 
    Info (332119): ========= =================== =====================
    Info (332119):    -2.622            -212.389 clk 
Info (332146): Worst-case hold slack is 0.295
    Info (332119):     Slack       End Point TNS Clock 
    Info (332119): ========= =================== =====================
    Info (332119):     0.295               0.000 clk 
Info (332140): No Recovery paths to report
Info (332140): No Removal paths to report
Info (332146): Worst-case minimum pulse width slack is -3.000
    Info (332119):     Slack       End Point TNS Clock 
    Info (332119): ========= =================== =====================
    Info (332119):    -3.000            -110.000 clk 
Info: Analyzing Fast 1200mV 0C Model
Info (332123): Deriving Clock Uncertainty. Please refer to report_sdc in the Timing Analyzer to see clock uncertainties.
Critical Warning (332148): Timing requirements not met
    Info (11105): For recommendations on closing timing, run Report Timing Closure Recommendations in the Timing Analyzer.
Info (332146): Worst-case setup slack is -1.251
    Info (332119):     Slack       End Point TNS Clock 
    Info (332119): ========= =================== =====================
    Info (332119):    -1.251             -91.665 clk 
Info (332146): Worst-case hold slack is 0.177
    Info (332119):     Slack       End Point TNS Clock 
    Info (332119): ========= =================== =====================
    Info (332119):     0.177               0.000 clk 
Info (332140): No Recovery paths to report
Info (332140): No Removal paths to report
Info (332146): Worst-case minimum pulse width slack is -3.000
    Info (332119):     Slack       End Point TNS Clock 
    Info (332119): ========= =================== =====================
    Info (332119):    -3.000            -113.876 clk 
Info (332102): Design is not fully constrained for setup requirements
Info (332102): Design is not fully constrained for hold requirements
Info: Quartus Prime Timing Analyzer was successful. 0 errors, 5 warnings
    Info: Peak virtual memory: 611 megabytes
    Info: Processing ended: Tue Aug 18 17:52:08 2026
    Info: Elapsed time: 00:00:01
    Info: Total CPU time (on all processors): 00:00:01


