Fitter report for az8
Fri Aug 21 15:13:56 2026
Quartus II 64-Bit Version 13.0.1 Build 232 06/12/2013 Service Pack 1 SJ Web Edition


---------------------
; Table of Contents ;
---------------------
  1. Legal Notice
  2. Fitter Summary
  3. Fitter Settings
  4. Parallel Compilation
  5. I/O Assignment Warnings
  6. Incremental Compilation Preservation Summary
  7. Incremental Compilation Partition Settings
  8. Incremental Compilation Placement Preservation
  9. Pin-Out File
 10. Fitter Resource Usage Summary
 11. Fitter Partition Statistics
 12. Input Pins
 13. Output Pins
 14. Dual Purpose and Dedicated Pins
 15. I/O Bank Usage
 16. All Package Pins
 17. Fitter Resource Utilization by Entity
 18. Delay Chain Summary
 19. Pad To Core Delay Chain Fanout
 20. Control Signals
 21. Global & Other Fast Signals
 22. Non-Global High Fan-Out Signals
 23. Other Routing Usage Summary
 24. LAB Logic Elements
 25. LAB-wide Signals
 26. LAB Signals Sourced
 27. LAB Signals Sourced Out
 28. LAB Distinct Inputs
 29. I/O Rules Summary
 30. I/O Rules Details
 31. I/O Rules Matrix
 32. Fitter Device Options
 33. Operating Settings and Conditions
 34. Fitter Messages
 35. Fitter Suppressed Messages



----------------
; Legal Notice ;
----------------
Copyright (C) 1991-2013 Altera Corporation
Your use of Altera Corporation's design tools, logic functions 
and other software and tools, and its AMPP partner logic 
functions, and any output files from any of the foregoing 
(including device programming or simulation files), and any 
associated documentation or information are expressly subject 
to the terms and conditions of the Altera Program License 
Subscription Agreement, Altera MegaCore Function License 
Agreement, or other applicable license agreement, including, 
without limitation, that your use is for the sole purpose of 
programming logic devices manufactured by Altera and sold by 
Altera or its authorized distributors.  Please refer to the 
applicable agreement for further details.



+--------------------------------------------------------------------------------------+
; Fitter Summary                                                                       ;
+------------------------------------+-------------------------------------------------+
; Fitter Status                      ; Successful - Fri Aug 21 15:13:56 2026           ;
; Quartus II 64-Bit Version          ; 13.0.1 Build 232 06/12/2013 SP 1 SJ Web Edition ;
; Revision Name                      ; az8                                             ;
; Top-level Entity Name              ; Top                                             ;
; Family                             ; Cyclone IV GX                                   ;
; Device                             ; EP4CGX15BF14C6                                  ;
; Timing Models                      ; Final                                           ;
; Total logic elements               ; 405 / 14,400 ( 3 % )                            ;
;     Total combinational functions  ; 356 / 14,400 ( 2 % )                            ;
;     Dedicated logic registers      ; 202 / 14,400 ( 1 % )                            ;
; Total registers                    ; 202                                             ;
; Total pins                         ; 39 / 81 ( 48 % )                                ;
; Total virtual pins                 ; 0                                               ;
; Total memory bits                  ; 0 / 552,960 ( 0 % )                             ;
; Embedded Multiplier 9-bit elements ; 0                                               ;
; Total GXB Receiver Channel PCS     ; 0 / 2 ( 0 % )                                   ;
; Total GXB Receiver Channel PMA     ; 0 / 2 ( 0 % )                                   ;
; Total GXB Transmitter Channel PCS  ; 0 / 2 ( 0 % )                                   ;
; Total GXB Transmitter Channel PMA  ; 0 / 2 ( 0 % )                                   ;
; Total PLLs                         ; 0 / 3 ( 0 % )                                   ;
+------------------------------------+-------------------------------------------------+


+------------------------------------------------------------------------------------------------------------------------------------------------------------+
; Fitter Settings                                                                                                                                            ;
+----------------------------------------------------------------------------+---------------------------------------+---------------------------------------+
; Option                                                                     ; Setting                               ; Default Value                         ;
+----------------------------------------------------------------------------+---------------------------------------+---------------------------------------+
; Device                                                                     ; auto                                  ;                                       ;
; Fit Attempts to Skip                                                       ; 0                                     ; 0.0                                   ;
; Use smart compilation                                                      ; Off                                   ; Off                                   ;
; Enable parallel Assembler and TimeQuest Timing Analyzer during compilation ; On                                    ; On                                    ;
; Enable compact report table                                                ; Off                                   ; Off                                   ;
; Auto Merge PLLs                                                            ; On                                    ; On                                    ;
; Router Timing Optimization Level                                           ; Normal                                ; Normal                                ;
; Perform Clocking Topology Analysis During Routing                          ; Off                                   ; Off                                   ;
; Placement Effort Multiplier                                                ; 1.0                                   ; 1.0                                   ;
; Router Effort Multiplier                                                   ; 1.0                                   ; 1.0                                   ;
; Optimize Hold Timing                                                       ; All Paths                             ; All Paths                             ;
; Optimize Multi-Corner Timing                                               ; On                                    ; On                                    ;
; PowerPlay Power Optimization                                               ; Normal compilation                    ; Normal compilation                    ;
; SSN Optimization                                                           ; Off                                   ; Off                                   ;
; Optimize Timing                                                            ; Normal compilation                    ; Normal compilation                    ;
; Optimize Timing for ECOs                                                   ; Off                                   ; Off                                   ;
; Regenerate full fit report during ECO compiles                             ; Off                                   ; Off                                   ;
; Optimize IOC Register Placement for Timing                                 ; Normal                                ; Normal                                ;
; Limit to One Fitting Attempt                                               ; Off                                   ; Off                                   ;
; Final Placement Optimizations                                              ; Automatically                         ; Automatically                         ;
; Fitter Aggressive Routability Optimizations                                ; Automatically                         ; Automatically                         ;
; Fitter Initial Placement Seed                                              ; 1                                     ; 1                                     ;
; PCI I/O                                                                    ; Off                                   ; Off                                   ;
; Weak Pull-Up Resistor                                                      ; Off                                   ; Off                                   ;
; Enable Bus-Hold Circuitry                                                  ; Off                                   ; Off                                   ;
; Auto Packed Registers                                                      ; Auto                                  ; Auto                                  ;
; Auto Delay Chains                                                          ; On                                    ; On                                    ;
; Auto Delay Chains for High Fanout Input Pins                               ; Off                                   ; Off                                   ;
; Allow Single-ended Buffer for Differential-XSTL Input                      ; Off                                   ; Off                                   ;
; Treat Bidirectional Pin as Output Pin                                      ; Off                                   ; Off                                   ;
; Perform Physical Synthesis for Combinational Logic for Fitting             ; Off                                   ; Off                                   ;
; Perform Physical Synthesis for Combinational Logic for Performance         ; Off                                   ; Off                                   ;
; Perform Register Duplication for Performance                               ; Off                                   ; Off                                   ;
; Perform Logic to Memory Mapping for Fitting                                ; Off                                   ; Off                                   ;
; Perform Register Retiming for Performance                                  ; Off                                   ; Off                                   ;
; Perform Asynchronous Signal Pipelining                                     ; Off                                   ; Off                                   ;
; Fitter Effort                                                              ; Auto Fit                              ; Auto Fit                              ;
; Physical Synthesis Effort Level                                            ; Normal                                ; Normal                                ;
; Logic Cell Insertion - Logic Duplication                                   ; Auto                                  ; Auto                                  ;
; Auto Register Duplication                                                  ; Auto                                  ; Auto                                  ;
; Auto Global Clock                                                          ; On                                    ; On                                    ;
; Auto Global Register Control Signals                                       ; On                                    ; On                                    ;
; Generate GXB Reconfig MIF                                                  ; Off                                   ; Off                                   ;
; Reserve all unused pins                                                    ; As input tri-stated with weak pull-up ; As input tri-stated with weak pull-up ;
; Synchronizer Identification                                                ; Off                                   ; Off                                   ;
; Enable Beneficial Skew Optimization                                        ; On                                    ; On                                    ;
; Optimize Design for Metastability                                          ; On                                    ; On                                    ;
; Active Serial clock source                                                 ; FREQ_40MHz                            ; FREQ_40MHz                            ;
; Force Fitter to Avoid Periphery Placement Warnings                         ; Off                                   ; Off                                   ;
; Enable input tri-state on active configuration pins in user mode           ; Off                                   ; Off                                   ;
+----------------------------------------------------------------------------+---------------------------------------+---------------------------------------+


Parallel compilation was disabled, but you have multiple processors available. Enable parallel compilation to reduce compilation time.
+-------------------------------------+
; Parallel Compilation                ;
+----------------------------+--------+
; Processors                 ; Number ;
+----------------------------+--------+
; Number detected on machine ; 16     ;
; Maximum allowed            ; 1      ;
+----------------------------+--------+


+----------------------------------------------------+
; I/O Assignment Warnings                            ;
+--------------------+-------------------------------+
; Pin Name           ; Reason                        ;
+--------------------+-------------------------------+
; final_out_real[0]  ; Incomplete set of assignments ;
; final_out_real[1]  ; Incomplete set of assignments ;
; final_out_real[2]  ; Incomplete set of assignments ;
; final_out_real[3]  ; Incomplete set of assignments ;
; final_out_real[4]  ; Incomplete set of assignments ;
; final_out_real[5]  ; Incomplete set of assignments ;
; final_out_real[6]  ; Incomplete set of assignments ;
; final_out_real[7]  ; Incomplete set of assignments ;
; final_out_real[8]  ; Incomplete set of assignments ;
; final_out_real[9]  ; Incomplete set of assignments ;
; final_out_real[10] ; Incomplete set of assignments ;
; final_out_real[11] ; Incomplete set of assignments ;
; final_out_real[12] ; Incomplete set of assignments ;
; final_out_real[13] ; Incomplete set of assignments ;
; final_out_real[14] ; Incomplete set of assignments ;
; final_out_real[15] ; Incomplete set of assignments ;
; final_out_imag[0]  ; Incomplete set of assignments ;
; final_out_imag[1]  ; Incomplete set of assignments ;
; final_out_imag[2]  ; Incomplete set of assignments ;
; final_out_imag[3]  ; Incomplete set of assignments ;
; final_out_imag[4]  ; Incomplete set of assignments ;
; final_out_imag[5]  ; Incomplete set of assignments ;
; final_out_imag[6]  ; Incomplete set of assignments ;
; final_out_imag[7]  ; Incomplete set of assignments ;
; final_out_imag[8]  ; Incomplete set of assignments ;
; final_out_imag[9]  ; Incomplete set of assignments ;
; final_out_imag[10] ; Incomplete set of assignments ;
; final_out_imag[11] ; Incomplete set of assignments ;
; final_out_imag[12] ; Incomplete set of assignments ;
; final_out_imag[13] ; Incomplete set of assignments ;
; final_out_imag[14] ; Incomplete set of assignments ;
; final_out_imag[15] ; Incomplete set of assignments ;
; final_zero         ; Incomplete set of assignments ;
; final_overflow     ; Incomplete set of assignments ;
; final_neg_real     ; Incomplete set of assignments ;
; final_neg_imag     ; Incomplete set of assignments ;
; done_all           ; Incomplete set of assignments ;
; clk                ; Incomplete set of assignments ;
; rst                ; Incomplete set of assignments ;
+--------------------+-------------------------------+


+----------------------------------------------+
; Incremental Compilation Preservation Summary ;
+---------------------+------------------------+
; Type                ; Value                  ;
+---------------------+------------------------+
; Placement (by node) ;                        ;
;     -- Requested    ; 0 / 649 ( 0.00 % )     ;
;     -- Achieved     ; 0 / 649 ( 0.00 % )     ;
;                     ;                        ;
; Routing (by net)    ;                        ;
;     -- Requested    ; 0 / 0 ( 0.00 % )       ;
;     -- Achieved     ; 0 / 0 ( 0.00 % )       ;
+---------------------+------------------------+


+----------------------------------------------------------------------------------------------------------------------------------------------------------------------------------------+
; Incremental Compilation Partition Settings                                                                                                                                             ;
+--------------------------------+----------------+-------------------+-------------------------+------------------------+------------------------------+--------------------------------+
; Partition Name                 ; Partition Type ; Netlist Type Used ; Preservation Level Used ; Netlist Type Requested ; Preservation Level Requested ; Contents                       ;
+--------------------------------+----------------+-------------------+-------------------------+------------------------+------------------------------+--------------------------------+
; Top                            ; User-created   ; Source File       ; N/A                     ; Source File            ; N/A                          ;                                ;
; hard_block:auto_generated_inst ; Auto-generated ; Source File       ; N/A                     ; Source File            ; N/A                          ; hard_block:auto_generated_inst ;
+--------------------------------+----------------+-------------------+-------------------------+------------------------+------------------------------+--------------------------------+


+------------------------------------------------------------------------------------------------------------+
; Incremental Compilation Placement Preservation                                                             ;
+--------------------------------+---------+-------------------+-------------------------+-------------------+
; Partition Name                 ; # Nodes ; # Preserved Nodes ; Preservation Level Used ; Netlist Type Used ;
+--------------------------------+---------+-------------------+-------------------------+-------------------+
; Top                            ; 639     ; 0                 ; N/A                     ; Source File       ;
; hard_block:auto_generated_inst ; 10      ; 0                 ; N/A                     ; Source File       ;
+--------------------------------+---------+-------------------+-------------------------+-------------------+


+--------------+
; Pin-Out File ;
+--------------+
The pin-out file can be found in C:/altera/13.0sp1/az8/output_files/az8.pin.


+--------------------------------------------------------------------+
; Fitter Resource Usage Summary                                      ;
+---------------------------------------------+----------------------+
; Resource                                    ; Usage                ;
+---------------------------------------------+----------------------+
; Total logic elements                        ; 405 / 14,400 ( 3 % ) ;
;     -- Combinational with no register       ; 203                  ;
;     -- Register only                        ; 49                   ;
;     -- Combinational with a register        ; 153                  ;
;                                             ;                      ;
; Logic element usage by number of LUT inputs ;                      ;
;     -- 4 input functions                    ; 200                  ;
;     -- 3 input functions                    ; 119                  ;
;     -- <=2 input functions                  ; 37                   ;
;     -- Register only                        ; 49                   ;
;                                             ;                      ;
; Logic elements by mode                      ;                      ;
;     -- normal mode                          ; 298                  ;
;     -- arithmetic mode                      ; 58                   ;
;                                             ;                      ;
; Total registers*                            ; 202 / 14,733 ( 1 % ) ;
;     -- Dedicated logic registers            ; 202 / 14,400 ( 1 % ) ;
;     -- I/O registers                        ; 0 / 333 ( 0 % )      ;
;                                             ;                      ;
; Total LABs:  partially or completely used   ; 32 / 900 ( 4 % )     ;
; Virtual pins                                ; 0                    ;
; I/O pins                                    ; 39 / 81 ( 48 % )     ;
;     -- Clock pins                           ; 1 / 6 ( 17 % )       ;
;     -- Dedicated input pins                 ; 0 / 12 ( 0 % )       ;
;                                             ;                      ;
; Global signals                              ; 2                    ;
; M9Ks                                        ; 0 / 60 ( 0 % )       ;
; Total block memory bits                     ; 0 / 552,960 ( 0 % )  ;
; Total block memory implementation bits      ; 0 / 552,960 ( 0 % )  ;
; PLLs                                        ; 0 / 3 ( 0 % )        ;
; Global clocks                               ; 2 / 20 ( 10 % )      ;
; JTAGs                                       ; 0 / 1 ( 0 % )        ;
; CRC blocks                                  ; 0 / 1 ( 0 % )        ;
; ASMI blocks                                 ; 0 / 1 ( 0 % )        ;
; GXB Receiver channel PCSs                   ; 0 / 2 ( 0 % )        ;
; GXB Receiver channel PMAs                   ; 0 / 2 ( 0 % )        ;
; GXB Transmitter channel PCSs                ; 0 / 2 ( 0 % )        ;
; GXB Transmitter channel PMAs                ; 0 / 2 ( 0 % )        ;
; Impedance control blocks                    ; 0 / 3 ( 0 % )        ;
; Average interconnect usage (total/H/V)      ; 1% / 1% / 1%         ;
; Peak interconnect usage (total/H/V)         ; 6% / 6% / 6%         ;
; Maximum fan-out                             ; 202                  ;
; Highest non-global fan-out                  ; 43                   ;
; Total fan-out                               ; 2086                 ;
; Average fan-out                             ; 3.07                 ;
+---------------------------------------------+----------------------+
*  Register count does not include registers inside RAM blocks or DSP blocks.



+----------------------------------------------------------------------------------------------------+
; Fitter Partition Statistics                                                                        ;
+---------------------------------------------+---------------------+--------------------------------+
; Statistic                                   ; Top                 ; hard_block:auto_generated_inst ;
+---------------------------------------------+---------------------+--------------------------------+
; Difficulty Clustering Region                ; Low                 ; Low                            ;
;                                             ;                     ;                                ;
; Total logic elements                        ; 405 / 14400 ( 3 % ) ; 0 / 14400 ( 0 % )              ;
;     -- Combinational with no register       ; 203                 ; 0                              ;
;     -- Register only                        ; 49                  ; 0                              ;
;     -- Combinational with a register        ; 153                 ; 0                              ;
;                                             ;                     ;                                ;
; Logic element usage by number of LUT inputs ;                     ;                                ;
;     -- 4 input functions                    ; 200                 ; 0                              ;
;     -- 3 input functions                    ; 119                 ; 0                              ;
;     -- <=2 input functions                  ; 37                  ; 0                              ;
;     -- Register only                        ; 49                  ; 0                              ;
;                                             ;                     ;                                ;
; Logic elements by mode                      ;                     ;                                ;
;     -- normal mode                          ; 298                 ; 0                              ;
;     -- arithmetic mode                      ; 58                  ; 0                              ;
;                                             ;                     ;                                ;
; Total registers                             ; 202                 ; 0                              ;
;     -- Dedicated logic registers            ; 202 / 14400 ( 1 % ) ; 0 / 14400 ( 0 % )              ;
;                                             ;                     ;                                ;
; Total LABs:  partially or completely used   ; 32 / 900 ( 4 % )    ; 0 / 900 ( 0 % )                ;
;                                             ;                     ;                                ;
; Virtual pins                                ; 0                   ; 0                              ;
; I/O pins                                    ; 39                  ; 0                              ;
; Embedded Multiplier 9-bit elements          ; 0                   ; 0                              ;
; Total memory bits                           ; 0                   ; 0                              ;
; Total RAM block bits                        ; 0                   ; 0                              ;
; Clock control block                         ; 2 / 23 ( 8 % )      ; 0 / 23 ( 0 % )                 ;
;                                             ;                     ;                                ;
; Connections                                 ;                     ;                                ;
;     -- Input Connections                    ; 0                   ; 0                              ;
;     -- Registered Input Connections         ; 0                   ; 0                              ;
;     -- Output Connections                   ; 0                   ; 0                              ;
;     -- Registered Output Connections        ; 0                   ; 0                              ;
;                                             ;                     ;                                ;
; Internal Connections                        ;                     ;                                ;
;     -- Total Connections                    ; 2081                ; 5                              ;
;     -- Registered Connections               ; 647                 ; 0                              ;
;                                             ;                     ;                                ;
; External Connections                        ;                     ;                                ;
;     -- Top                                  ; 0                   ; 0                              ;
;     -- hard_block:auto_generated_inst       ; 0                   ; 0                              ;
;                                             ;                     ;                                ;
; Partition Interface                         ;                     ;                                ;
;     -- Input Ports                          ; 2                   ; 0                              ;
;     -- Output Ports                         ; 37                  ; 0                              ;
;     -- Bidir Ports                          ; 0                   ; 0                              ;
;                                             ;                     ;                                ;
; Registered Ports                            ;                     ;                                ;
;     -- Registered Input Ports               ; 0                   ; 0                              ;
;     -- Registered Output Ports              ; 0                   ; 0                              ;
;                                             ;                     ;                                ;
; Port Connectivity                           ;                     ;                                ;
;     -- Input Ports driven by GND            ; 0                   ; 0                              ;
;     -- Output Ports driven by GND           ; 0                   ; 0                              ;
;     -- Input Ports driven by VCC            ; 0                   ; 0                              ;
;     -- Output Ports driven by VCC           ; 0                   ; 0                              ;
;     -- Input Ports with no Source           ; 0                   ; 0                              ;
;     -- Output Ports with no Source          ; 0                   ; 0                              ;
;     -- Input Ports with no Fanout           ; 0                   ; 0                              ;
;     -- Output Ports with no Fanout          ; 0                   ; 0                              ;
+---------------------------------------------+---------------------+--------------------------------+


+-----------------------------------------------------------------------------------------------------------------------------------------------------------------------------------------------------------------------------------------------------------------------------------------+
; Input Pins                                                                                                                                                                                                                                                                              ;
+------+-------+----------+--------------+--------------+--------------+-----------------------+--------------------+--------+----------------+---------------+-----------------+----------+--------------+--------------+-------------+---------------------------+----------------------+
; Name ; Pin # ; I/O Bank ; X coordinate ; Y coordinate ; Z coordinate ; Combinational Fan-Out ; Registered Fan-Out ; Global ; Input Register ; Power Up High ; PCI I/O Enabled ; Bus Hold ; Weak Pull Up ; I/O Standard ; Termination ; Termination Control Block ; Location assigned by ;
+------+-------+----------+--------------+--------------+--------------+-----------------------+--------------------+--------+----------------+---------------+-----------------+----------+--------------+--------------+-------------+---------------------------+----------------------+
; clk  ; J7    ; 3A       ; 16           ; 0            ; 14           ; 202                   ; 0                  ; yes    ; no             ; no            ; yes             ; no       ; Off          ; 2.5 V        ; Off         ; --                        ; Fitter               ;
; rst  ; J6    ; 3A       ; 16           ; 0            ; 21           ; 164                   ; 0                  ; yes    ; no             ; no            ; yes             ; no       ; Off          ; 2.5 V        ; Off         ; --                        ; Fitter               ;
+------+-------+----------+--------------+--------------+--------------+-----------------------+--------------------+--------+----------------+---------------+-----------------+----------+--------------+--------------+-------------+---------------------------+----------------------+


+---------------------------------------------------------------------------------------------------------------------------------------------------------------------------------------------------------------------------------------------------------------------------------------------------------------------------------------------------------------------------------------------------------------------------------------------------------------------+
; Output Pins                                                                                                                                                                                                                                                                                                                                                                                                                                                         ;
+--------------------+-------+----------+--------------+--------------+--------------+-----------------+------------------------+---------------+-----------+-----------------+------------+---------------+----------+--------------+--------------+------------------+-----------------------------------+---------------------------+----------------------------+-----------------------------+----------------------+----------------------+---------------------+
; Name               ; Pin # ; I/O Bank ; X coordinate ; Y coordinate ; Z coordinate ; Output Register ; Output Enable Register ; Power Up High ; Slew Rate ; PCI I/O Enabled ; Open Drain ; TRI Primitive ; Bus Hold ; Weak Pull Up ; I/O Standard ; Current Strength ; Termination                       ; Termination Control Block ; Output Buffer Pre-emphasis ; Voltage Output Differential ; Location assigned by ; Output Enable Source ; Output Enable Group ;
+--------------------+-------+----------+--------------+--------------+--------------+-----------------+------------------------+---------------+-----------+-----------------+------------+---------------+----------+--------------+--------------+------------------+-----------------------------------+---------------------------+----------------------------+-----------------------------+----------------------+----------------------+---------------------+
; done_all           ; L13   ; 5        ; 33           ; 12           ; 7            ; no              ; no                     ; no            ; 2         ; no              ; no         ; no            ; no       ; Off          ; 2.5 V        ; Default          ; Series 50 Ohm without Calibration ; --                        ; no                         ; no                          ; Fitter               ; -                    ; -                   ;
; final_neg_imag     ; K12   ; 5        ; 33           ; 11           ; 7            ; no              ; no                     ; no            ; 2         ; no              ; no         ; no            ; no       ; Off          ; 2.5 V        ; Default          ; Series 50 Ohm without Calibration ; --                        ; no                         ; no                          ; Fitter               ; -                    ; -                   ;
; final_neg_real     ; F11   ; 6        ; 33           ; 24           ; 7            ; no              ; no                     ; no            ; 2         ; no              ; no         ; no            ; no       ; Off          ; 2.5 V        ; Default          ; Series 50 Ohm without Calibration ; --                        ; no                         ; no                          ; Fitter               ; -                    ; -                   ;
; final_out_imag[0]  ; N8    ; 4        ; 20           ; 0            ; 7            ; no              ; no                     ; no            ; 2         ; no              ; no         ; no            ; no       ; Off          ; 2.5 V        ; Default          ; Series 50 Ohm without Calibration ; --                        ; no                         ; no                          ; Fitter               ; -                    ; -                   ;
; final_out_imag[10] ; A12   ; 7        ; 20           ; 31           ; 7            ; no              ; no                     ; no            ; 2         ; no              ; no         ; no            ; no       ; Off          ; 2.5 V        ; Default          ; Series 50 Ohm without Calibration ; --                        ; no                         ; no                          ; Fitter               ; -                    ; -                   ;
; final_out_imag[11] ; K13   ; 5        ; 33           ; 15           ; 0            ; no              ; no                     ; no            ; 2         ; no              ; no         ; no            ; no       ; Off          ; 2.5 V        ; Default          ; Series 50 Ohm without Calibration ; --                        ; no                         ; no                          ; Fitter               ; -                    ; -                   ;
; final_out_imag[12] ; K11   ; 5        ; 33           ; 11           ; 0            ; no              ; no                     ; no            ; 2         ; no              ; no         ; no            ; no       ; Off          ; 2.5 V        ; Default          ; Series 50 Ohm without Calibration ; --                        ; no                         ; no                          ; Fitter               ; -                    ; -                   ;
; final_out_imag[13] ; H12   ; 5        ; 33           ; 14           ; 7            ; no              ; no                     ; no            ; 2         ; no              ; no         ; no            ; no       ; Off          ; 2.5 V        ; Default          ; Series 50 Ohm without Calibration ; --                        ; no                         ; no                          ; Fitter               ; -                    ; -                   ;
; final_out_imag[14] ; N9    ; 4        ; 20           ; 0            ; 0            ; no              ; no                     ; no            ; 2         ; no              ; no         ; no            ; no       ; Off          ; 2.5 V        ; Default          ; Series 50 Ohm without Calibration ; --                        ; no                         ; no                          ; Fitter               ; -                    ; -                   ;
; final_out_imag[15] ; E13   ; 6        ; 33           ; 25           ; 7            ; no              ; no                     ; no            ; 2         ; no              ; no         ; no            ; no       ; Off          ; 2.5 V        ; Default          ; Series 50 Ohm without Calibration ; --                        ; no                         ; no                          ; Fitter               ; -                    ; -                   ;
; final_out_imag[1]  ; K9    ; 4        ; 22           ; 0            ; 0            ; no              ; no                     ; no            ; 2         ; no              ; no         ; no            ; no       ; Off          ; 2.5 V        ; Default          ; Series 50 Ohm without Calibration ; --                        ; no                         ; no                          ; Fitter               ; -                    ; -                   ;
; final_out_imag[2]  ; K8    ; 4        ; 22           ; 0            ; 7            ; no              ; no                     ; no            ; 2         ; no              ; no         ; no            ; no       ; Off          ; 2.5 V        ; Default          ; Series 50 Ohm without Calibration ; --                        ; no                         ; no                          ; Fitter               ; -                    ; -                   ;
; final_out_imag[3]  ; B6    ; 8        ; 14           ; 31           ; 7            ; no              ; no                     ; no            ; 2         ; no              ; no         ; no            ; no       ; Off          ; 2.5 V        ; Default          ; Series 50 Ohm without Calibration ; --                        ; no                         ; no                          ; Fitter               ; -                    ; -                   ;
; final_out_imag[4]  ; C6    ; 8        ; 14           ; 31           ; 0            ; no              ; no                     ; no            ; 2         ; no              ; no         ; no            ; no       ; Off          ; 2.5 V        ; Default          ; Series 50 Ohm without Calibration ; --                        ; no                         ; no                          ; Fitter               ; -                    ; -                   ;
; final_out_imag[5]  ; H10   ; 5        ; 33           ; 14           ; 0            ; no              ; no                     ; no            ; 2         ; no              ; no         ; no            ; no       ; Off          ; 2.5 V        ; Default          ; Series 50 Ohm without Calibration ; --                        ; no                         ; no                          ; Fitter               ; -                    ; -                   ;
; final_out_imag[6]  ; A8    ; 8        ; 12           ; 31           ; 7            ; no              ; no                     ; no            ; 2         ; no              ; no         ; no            ; no       ; Off          ; 2.5 V        ; Default          ; Series 50 Ohm without Calibration ; --                        ; no                         ; no                          ; Fitter               ; -                    ; -                   ;
; final_out_imag[7]  ; N10   ; 4        ; 26           ; 0            ; 7            ; no              ; no                     ; no            ; 2         ; no              ; no         ; no            ; no       ; Off          ; 2.5 V        ; Default          ; Series 50 Ohm without Calibration ; --                        ; no                         ; no                          ; Fitter               ; -                    ; -                   ;
; final_out_imag[8]  ; F9    ; 6        ; 33           ; 25           ; 0            ; no              ; no                     ; no            ; 2         ; no              ; no         ; no            ; no       ; Off          ; 2.5 V        ; Default          ; Series 50 Ohm without Calibration ; --                        ; no                         ; no                          ; Fitter               ; -                    ; -                   ;
; final_out_imag[9]  ; G9    ; 6        ; 33           ; 22           ; 0            ; no              ; no                     ; no            ; 2         ; no              ; no         ; no            ; no       ; Off          ; 2.5 V        ; Default          ; Series 50 Ohm without Calibration ; --                        ; no                         ; no                          ; Fitter               ; -                    ; -                   ;
; final_out_real[0]  ; E10   ; 6        ; 33           ; 27           ; 0            ; no              ; no                     ; no            ; 2         ; no              ; no         ; no            ; no       ; Off          ; 2.5 V        ; Default          ; Series 50 Ohm without Calibration ; --                        ; no                         ; no                          ; Fitter               ; -                    ; -                   ;
; final_out_real[10] ; L9    ; 4        ; 24           ; 0            ; 7            ; no              ; no                     ; no            ; 2         ; no              ; no         ; no            ; no       ; Off          ; 2.5 V        ; Default          ; Series 50 Ohm without Calibration ; --                        ; no                         ; no                          ; Fitter               ; -                    ; -                   ;
; final_out_real[11] ; B8    ; 7        ; 22           ; 31           ; 0            ; no              ; no                     ; no            ; 2         ; no              ; no         ; no            ; no       ; Off          ; 2.5 V        ; Default          ; Series 50 Ohm without Calibration ; --                        ; no                         ; no                          ; Fitter               ; -                    ; -                   ;
; final_out_real[12] ; J13   ; 5        ; 33           ; 15           ; 7            ; no              ; no                     ; no            ; 2         ; no              ; no         ; no            ; no       ; Off          ; 2.5 V        ; Default          ; Series 50 Ohm without Calibration ; --                        ; no                         ; no                          ; Fitter               ; -                    ; -                   ;
; final_out_real[13] ; C8    ; 7        ; 22           ; 31           ; 7            ; no              ; no                     ; no            ; 2         ; no              ; no         ; no            ; no       ; Off          ; 2.5 V        ; Default          ; Series 50 Ohm without Calibration ; --                        ; no                         ; no                          ; Fitter               ; -                    ; -                   ;
; final_out_real[14] ; N11   ; 4        ; 26           ; 0            ; 0            ; no              ; no                     ; no            ; 2         ; no              ; no         ; no            ; no       ; Off          ; 2.5 V        ; Default          ; Series 50 Ohm without Calibration ; --                        ; no                         ; no                          ; Fitter               ; -                    ; -                   ;
; final_out_real[15] ; B10   ; 7        ; 24           ; 31           ; 7            ; no              ; no                     ; no            ; 2         ; no              ; no         ; no            ; no       ; Off          ; 2.5 V        ; Default          ; Series 50 Ohm without Calibration ; --                        ; no                         ; no                          ; Fitter               ; -                    ; -                   ;
; final_out_real[1]  ; B11   ; 7        ; 24           ; 31           ; 0            ; no              ; no                     ; no            ; 2         ; no              ; no         ; no            ; no       ; Off          ; 2.5 V        ; Default          ; Series 50 Ohm without Calibration ; --                        ; no                         ; no                          ; Fitter               ; -                    ; -                   ;
; final_out_real[2]  ; N13   ; 5        ; 33           ; 10           ; 7            ; no              ; no                     ; no            ; 2         ; no              ; no         ; no            ; no       ; Off          ; 2.5 V        ; Default          ; Series 50 Ohm without Calibration ; --                        ; no                         ; no                          ; Fitter               ; -                    ; -                   ;
; final_out_real[3]  ; D11   ; 6        ; 33           ; 28           ; 0            ; no              ; no                     ; no            ; 2         ; no              ; no         ; no            ; no       ; Off          ; 2.5 V        ; Default          ; Series 50 Ohm without Calibration ; --                        ; no                         ; no                          ; Fitter               ; -                    ; -                   ;
; final_out_real[4]  ; F10   ; 6        ; 33           ; 24           ; 0            ; no              ; no                     ; no            ; 2         ; no              ; no         ; no            ; no       ; Off          ; 2.5 V        ; Default          ; Series 50 Ohm without Calibration ; --                        ; no                         ; no                          ; Fitter               ; -                    ; -                   ;
; final_out_real[5]  ; A13   ; 7        ; 26           ; 31           ; 0            ; no              ; no                     ; no            ; 2         ; no              ; no         ; no            ; no       ; Off          ; 2.5 V        ; Default          ; Series 50 Ohm without Calibration ; --                        ; no                         ; no                          ; Fitter               ; -                    ; -                   ;
; final_out_real[6]  ; D10   ; 6        ; 33           ; 27           ; 7            ; no              ; no                     ; no            ; 2         ; no              ; no         ; no            ; no       ; Off          ; 2.5 V        ; Default          ; Series 50 Ohm without Calibration ; --                        ; no                         ; no                          ; Fitter               ; -                    ; -                   ;
; final_out_real[7]  ; M11   ; 4        ; 29           ; 0            ; 7            ; no              ; no                     ; no            ; 2         ; no              ; no         ; no            ; no       ; Off          ; 2.5 V        ; Default          ; Series 50 Ohm without Calibration ; --                        ; no                         ; no                          ; Fitter               ; -                    ; -                   ;
; final_out_real[8]  ; M9    ; 4        ; 24           ; 0            ; 0            ; no              ; no                     ; no            ; 2         ; no              ; no         ; no            ; no       ; Off          ; 2.5 V        ; Default          ; Series 50 Ohm without Calibration ; --                        ; no                         ; no                          ; Fitter               ; -                    ; -                   ;
; final_out_real[9]  ; L12   ; 5        ; 33           ; 12           ; 0            ; no              ; no                     ; no            ; 2         ; no              ; no         ; no            ; no       ; Off          ; 2.5 V        ; Default          ; Series 50 Ohm without Calibration ; --                        ; no                         ; no                          ; Fitter               ; -                    ; -                   ;
; final_overflow     ; A11   ; 7        ; 20           ; 31           ; 0            ; no              ; no                     ; no            ; 2         ; no              ; no         ; no            ; no       ; Off          ; 2.5 V        ; Default          ; Series 50 Ohm without Calibration ; --                        ; no                         ; no                          ; Fitter               ; -                    ; -                   ;
; final_zero         ; G10   ; 6        ; 33           ; 22           ; 7            ; no              ; no                     ; no            ; 2         ; no              ; no         ; no            ; no       ; Off          ; 2.5 V        ; Default          ; Series 50 Ohm without Calibration ; --                        ; no                         ; no                          ; Fitter               ; -                    ; -                   ;
+--------------------+-------+----------+--------------+--------------+--------------+-----------------+------------------------+---------------+-----------+-----------------+------------+---------------+----------+--------------+--------------+------------------+-----------------------------------+---------------------------+----------------------------+-----------------------------+----------------------+----------------------+---------------------+


+------------------------------------------------------------------------------------------------------------+
; Dual Purpose and Dedicated Pins                                                                            ;
+----------+----------------------+--------------------------+-------------------+---------------------------+
; Location ; Pin Name             ; Reserved As              ; User Signal Name  ; Pin Type                  ;
+----------+----------------------+--------------------------+-------------------+---------------------------+
; L3       ; MSEL2                ; -                        ; -                 ; Dedicated Programming Pin ;
; N3       ; MSEL1                ; -                        ; -                 ; Dedicated Programming Pin ;
; K5       ; MSEL0                ; -                        ; -                 ; Dedicated Programming Pin ;
; J5       ; CONF_DONE            ; -                        ; -                 ; Dedicated Programming Pin ;
; K6       ; nSTATUS              ; -                        ; -                 ; Dedicated Programming Pin ;
; N5       ; DIFFIO_B1n, NCEO     ; Use as programming pin   ; ~ALTERA_NCEO~     ; Dual Purpose Pin          ;
; G10      ; DIFFIO_R4n, DEV_OE   ; Use as regular IO        ; final_zero        ; Dual Purpose Pin          ;
; D10      ; DIFFIO_R2n, DEV_CLRn ; Use as regular IO        ; final_out_real[6] ; Dual Purpose Pin          ;
; A5       ; DATA0                ; As input tri-stated      ; ~ALTERA_DATA0~    ; Dual Purpose Pin          ;
; B5       ; ASDO                 ; As input tri-stated      ; ~ALTERA_ASDO~     ; Dual Purpose Pin          ;
; C5       ; NCSO                 ; As input tri-stated      ; ~ALTERA_NCSO~     ; Dual Purpose Pin          ;
; A4       ; DCLK                 ; As output driving ground ; ~ALTERA_DCLK~     ; Dual Purpose Pin          ;
; D5       ; nCONFIG              ; -                        ; -                 ; Dedicated Programming Pin ;
; C4       ; nCE                  ; -                        ; -                 ; Dedicated Programming Pin ;
+----------+----------------------+--------------------------+-------------------+---------------------------+


+------------------------------------------------------------------------------+
; I/O Bank Usage                                                               ;
+----------+-----------------+---------------+--------------+------------------+
; I/O Bank ; Usage           ; VCCIO Voltage ; VREF Voltage ; VCCCLKIN Voltage ;
+----------+-----------------+---------------+--------------+------------------+
; QL0      ; 0 / 8 ( 0 % )   ; --            ; --           ; --               ;
; 3        ; 1 / 8 ( 13 % )  ; 2.5V          ; --           ; --               ;
; 3A       ; 2 / 2 ( 100 % ) ; --            ; --           ; 2.5V             ;
; 4        ; 9 / 14 ( 64 % ) ; 2.5V          ; --           ; --               ;
; 5        ; 9 / 12 ( 75 % ) ; 2.5V          ; --           ; --               ;
; 6        ; 9 / 12 ( 75 % ) ; 2.5V          ; --           ; --               ;
; 7        ; 7 / 14 ( 50 % ) ; 2.5V          ; --           ; --               ;
; 8A       ; 0 / 2 ( 0 % )   ; --            ; --           ; 2.5V             ;
; 8        ; 3 / 5 ( 60 % )  ; 2.5V          ; --           ; --               ;
; 9        ; 4 / 4 ( 100 % ) ; 2.5V          ; --           ; --               ;
+----------+-----------------+---------------+--------------+------------------+


+--------------------------------------------------------------------------------------------------------------------------------------------------------------------------------+
; All Package Pins                                                                                                                                                               ;
+----------+------------+----------+--------------------------------------------------+--------+--------------+---------+------------+-----------------+----------+--------------+
; Location ; Pad Number ; I/O Bank ; Pin Name/Usage                                   ; Dir.   ; I/O Standard ; Voltage ; I/O Type   ; User Assignment ; Bus Hold ; Weak Pull Up ;
+----------+------------+----------+--------------------------------------------------+--------+--------------+---------+------------+-----------------+----------+--------------+
; A1       ; 99         ; 9        ; #TDO                                             ; output ;              ;         ; --         ;                 ; --       ; --           ;
; A2       ; 98         ; 9        ; #TMS                                             ; input  ;              ;         ; --         ;                 ; --       ; --           ;
; A3       ; 96         ; 9        ; #TDI                                             ; input  ;              ;         ; --         ;                 ; --       ; --           ;
; A4       ; 93         ; 9        ; ~ALTERA_DCLK~                                    ; output ; 2.5 V        ;         ; Column I/O ; N               ; no       ; On           ;
; A5       ; 90         ; 9        ; ~ALTERA_DATA0~ / RESERVED_INPUT_WITH_WEAK_PULLUP ; input  ; 2.5 V        ;         ; Column I/O ; N               ; no       ; On           ;
; A6       ; 89         ; 8        ; RESERVED_INPUT_WITH_WEAK_PULLUP                  ;        ;              ;         ; Column I/O ;                 ; no       ; On           ;
; A7       ; 87         ; 8        ; RESERVED_INPUT_WITH_WEAK_PULLUP                  ;        ;              ;         ; Column I/O ;                 ; no       ; On           ;
; A8       ; 88         ; 8        ; final_out_imag[6]                                ; output ; 2.5 V        ;         ; Column I/O ; N               ; no       ; Off          ;
; A9       ; 81         ; 7        ; GND+                                             ;        ;              ;         ; Column I/O ;                 ; --       ; --           ;
; A10      ; 82         ; 7        ; GND+                                             ;        ;              ;         ; Column I/O ;                 ; --       ; --           ;
; A11      ; 79         ; 7        ; final_overflow                                   ; output ; 2.5 V        ;         ; Column I/O ; N               ; no       ; Off          ;
; A12      ; 80         ; 7        ; final_out_imag[10]                               ; output ; 2.5 V        ;         ; Column I/O ; N               ; no       ; Off          ;
; A13      ; 73         ; 7        ; final_out_real[5]                                ; output ; 2.5 V        ;         ; Column I/O ; N               ; no       ; Off          ;
; B1       ;            ;          ; GND                                              ; gnd    ;              ;         ; --         ;                 ; --       ; --           ;
; B2       ;            ;          ; GND                                              ; gnd    ;              ;         ; --         ;                 ; --       ; --           ;
; B3       ; 97         ; 9        ; #TCK                                             ; input  ;              ;         ; --         ;                 ; --       ; --           ;
; B4       ;            ;          ; GND                                              ; gnd    ;              ;         ; --         ;                 ; --       ; --           ;
; B5       ; 91         ; 9        ; ~ALTERA_ASDO~ / RESERVED_INPUT_WITH_WEAK_PULLUP  ; input  ; 2.5 V        ;         ; Column I/O ; N               ; no       ; On           ;
; B6       ; 86         ; 8        ; final_out_imag[3]                                ; output ; 2.5 V        ;         ; Column I/O ; N               ; no       ; Off          ;
; B7       ;            ;          ; GND                                              ; gnd    ;              ;         ; --         ;                 ; --       ; --           ;
; B8       ; 77         ; 7        ; final_out_real[11]                               ; output ; 2.5 V        ;         ; Column I/O ; N               ; no       ; Off          ;
; B9       ;            ;          ; GND                                              ; gnd    ;              ;         ; --         ;                 ; --       ; --           ;
; B10      ; 76         ; 7        ; final_out_real[15]                               ; output ; 2.5 V        ;         ; Column I/O ; N               ; no       ; Off          ;
; B11      ; 75         ; 7        ; final_out_real[1]                                ; output ; 2.5 V        ;         ; Column I/O ; N               ; no       ; Off          ;
; B12      ;            ;          ; GND                                              ; gnd    ;              ;         ; --         ;                 ; --       ; --           ;
; B13      ; 74         ; 7        ; RESERVED_INPUT_WITH_WEAK_PULLUP                  ;        ;              ;         ; Column I/O ;                 ; no       ; On           ;
; C1       ; 9          ; QL0      ; GXB_NC                                           ;        ;              ;         ; --         ;                 ; --       ; --           ;
; C2       ; 8          ; QL0      ; GXB_NC                                           ;        ;              ;         ; --         ;                 ; --       ; --           ;
; C3       ;            ; 9        ; VCCIO9                                           ; power  ;              ; 2.5V    ; --         ;                 ; --       ; --           ;
; C4       ; 95         ; 9        ; ^nCE                                             ;        ;              ;         ; --         ;                 ; --       ; --           ;
; C5       ; 92         ; 9        ; ~ALTERA_NCSO~ / RESERVED_INPUT_WITH_WEAK_PULLUP  ; input  ; 2.5 V        ;         ; Column I/O ; N               ; no       ; On           ;
; C6       ; 85         ; 8        ; final_out_imag[4]                                ; output ; 2.5 V        ;         ; Column I/O ; N               ; no       ; Off          ;
; C7       ;            ; 8        ; VCCIO8                                           ; power  ;              ; 2.5V    ; --         ;                 ; --       ; --           ;
; C8       ; 78         ; 7        ; final_out_real[13]                               ; output ; 2.5 V        ;         ; Column I/O ; N               ; no       ; Off          ;
; C9       ;            ; 7        ; VCCIO7                                           ; power  ;              ; 2.5V    ; --         ;                 ; --       ; --           ;
; C10      ;            ; 7        ; VCCIO7                                           ; power  ;              ; 2.5V    ; --         ;                 ; --       ; --           ;
; C11      ; 69         ; 7        ; RESERVED_INPUT_WITH_WEAK_PULLUP                  ;        ;              ;         ; Column I/O ;                 ; no       ; On           ;
; C12      ; 70         ; 7        ; RESERVED_INPUT_WITH_WEAK_PULLUP                  ;        ;              ;         ; Column I/O ;                 ; no       ; On           ;
; C13      ; 71         ; 7        ; RESERVED_INPUT_WITH_WEAK_PULLUP                  ;        ;              ;         ; Column I/O ;                 ; no       ; On           ;
; D1       ;            ;          ; GND                                              ; gnd    ;              ;         ; --         ;                 ; --       ; --           ;
; D2       ;            ;          ; GND                                              ; gnd    ;              ;         ; --         ;                 ; --       ; --           ;
; D3       ;            ;          ; VCCD_PLL                                         ; power  ;              ; 1.2V    ; --         ;                 ; --       ; --           ;
; D4       ;            ; --       ; VCCA                                             ; power  ;              ; 2.5V    ; --         ;                 ; --       ; --           ;
; D5       ; 94         ; 9        ; ^nCONFIG                                         ;        ;              ;         ; --         ;                 ; --       ; --           ;
; D6       ;            ;          ; GND                                              ; gnd    ;              ;         ; --         ;                 ; --       ; --           ;
; D7       ;            ; 8A       ; VCC_CLKIN8A                                      ; power  ;              ; 2.5V    ; --         ;                 ; --       ; --           ;
; D8       ;            ;          ; GND                                              ; gnd    ;              ;         ; --         ;                 ; --       ; --           ;
; D9       ;            ; --       ; VCCA                                             ; power  ;              ; 2.5V    ; --         ;                 ; --       ; --           ;
; D10      ; 65         ; 6        ; final_out_real[6]                                ; output ; 2.5 V        ;         ; Row I/O    ; N               ; no       ; Off          ;
; D11      ; 68         ; 6        ; final_out_real[3]                                ; output ; 2.5 V        ;         ; Row I/O    ; N               ; no       ; Off          ;
; D12      ; 67         ; 6        ; RESERVED_INPUT_WITH_WEAK_PULLUP                  ;        ;              ;         ; Row I/O    ;                 ; no       ; On           ;
; D13      ; 72         ; 7        ; RESERVED_INPUT_WITH_WEAK_PULLUP                  ;        ;              ;         ; Column I/O ;                 ; no       ; On           ;
; E1       ; 11         ; QL0      ; GXB_GND*                                         ;        ;              ;         ; --         ;                 ; --       ; --           ;
; E2       ; 10         ; QL0      ; GXB_GND*                                         ;        ;              ;         ; --         ;                 ; --       ; --           ;
; E3       ;            ;          ; GND                                              ; gnd    ;              ;         ; --         ;                 ; --       ; --           ;
; E4       ;            ;          ; VCCINT                                           ; power  ;              ; 1.2V    ; --         ;                 ; --       ; --           ;
; E5       ;            ;          ; GND                                              ; gnd    ;              ;         ; --         ;                 ; --       ; --           ;
; E6       ; 83         ; 8A       ; GXB_GND*                                         ;        ;              ;         ; Column I/O ;                 ; --       ; --           ;
; E7       ; 84         ; 8A       ; GXB_GND*                                         ;        ;              ;         ; Column I/O ;                 ; --       ; --           ;
; E8       ;            ;          ; VCCINT                                           ; power  ;              ; 1.2V    ; --         ;                 ; --       ; --           ;
; E9       ;            ;          ; GND                                              ; gnd    ;              ;         ; --         ;                 ; --       ; --           ;
; E10      ; 66         ; 6        ; final_out_real[0]                                ; output ; 2.5 V        ;         ; Row I/O    ; N               ; no       ; Off          ;
; E11      ;            ; 6        ; VCCIO6                                           ; power  ;              ; 2.5V    ; --         ;                 ; --       ; --           ;
; E12      ;            ;          ; GND                                              ; gnd    ;              ;         ; --         ;                 ; --       ; --           ;
; E13      ; 63         ; 6        ; final_out_imag[15]                               ; output ; 2.5 V        ;         ; Row I/O    ; N               ; no       ; Off          ;
; F1       ;            ;          ; GND                                              ; gnd    ;              ;         ; --         ;                 ; --       ; --           ;
; F2       ;            ;          ; GND                                              ; gnd    ;              ;         ; --         ;                 ; --       ; --           ;
; F3       ;            ; --       ; VCCL_GXB                                         ; power  ;              ; 1.2V    ; --         ;                 ; --       ; --           ;
; F4       ;            ;          ; GND                                              ; gnd    ;              ;         ; --         ;                 ; --       ; --           ;
; F5       ;            ;          ; VCCINT                                           ; power  ;              ; 1.2V    ; --         ;                 ; --       ; --           ;
; F6       ;            ;          ; GND                                              ; gnd    ;              ;         ; --         ;                 ; --       ; --           ;
; F7       ;            ;          ; VCCINT                                           ; power  ;              ; 1.2V    ; --         ;                 ; --       ; --           ;
; F8       ;            ;          ; GND                                              ; gnd    ;              ;         ; --         ;                 ; --       ; --           ;
; F9       ; 64         ; 6        ; final_out_imag[8]                                ; output ; 2.5 V        ;         ; Row I/O    ; N               ; no       ; Off          ;
; F10      ; 62         ; 6        ; final_out_real[4]                                ; output ; 2.5 V        ;         ; Row I/O    ; N               ; no       ; Off          ;
; F11      ; 61         ; 6        ; final_neg_real                                   ; output ; 2.5 V        ;         ; Row I/O    ; N               ; no       ; Off          ;
; F12      ; 58         ; 6        ; GND+                                             ;        ;              ;         ; Row I/O    ;                 ; --       ; --           ;
; F13      ; 57         ; 6        ; GND+                                             ;        ;              ;         ; Row I/O    ;                 ; --       ; --           ;
; G1       ; 13         ; QL0      ; GXB_NC                                           ;        ;              ;         ; --         ;                 ; --       ; --           ;
; G2       ; 12         ; QL0      ; GXB_NC                                           ;        ;              ;         ; --         ;                 ; --       ; --           ;
; G3       ;            ; --       ; VCCH_GXB                                         ; power  ;              ; 2.5V    ; --         ;                 ; --       ; --           ;
; G4       ;            ;          ; VCCINT                                           ; power  ;              ; 1.2V    ; --         ;                 ; --       ; --           ;
; G5       ;            ;          ; GND                                              ; gnd    ;              ;         ; --         ;                 ; --       ; --           ;
; G6       ;            ;          ; VCCINT                                           ; power  ;              ; 1.2V    ; --         ;                 ; --       ; --           ;
; G7       ;            ;          ; GND                                              ; gnd    ;              ;         ; --         ;                 ; --       ; --           ;
; G8       ;            ;          ; VCCINT                                           ; power  ;              ; 1.2V    ; --         ;                 ; --       ; --           ;
; G9       ; 60         ; 6        ; final_out_imag[9]                                ; output ; 2.5 V        ;         ; Row I/O    ; N               ; no       ; Off          ;
; G10      ; 59         ; 6        ; final_zero                                       ; output ; 2.5 V        ;         ; Row I/O    ; N               ; no       ; Off          ;
; G11      ;            ; 6        ; VCCIO6                                           ; power  ;              ; 2.5V    ; --         ;                 ; --       ; --           ;
; G12      ;            ;          ; GND                                              ; gnd    ;              ;         ; --         ;                 ; --       ; --           ;
; G13      ; 55         ; 5        ; GND+                                             ;        ;              ;         ; Row I/O    ;                 ; --       ; --           ;
; H1       ;            ;          ; GND                                              ; gnd    ;              ;         ; --         ;                 ; --       ; --           ;
; H2       ;            ;          ; GND                                              ; gnd    ;              ;         ; --         ;                 ; --       ; --           ;
; H3       ;            ; --       ; VCCL_GXB                                         ; power  ;              ; 1.2V    ; --         ;                 ; --       ; --           ;
; H4       ;            ;          ; GND                                              ; gnd    ;              ;         ; --         ;                 ; --       ; --           ;
; H5       ;            ;          ; VCCINT                                           ; power  ;              ; 1.2V    ; --         ;                 ; --       ; --           ;
; H6       ;            ;          ; GND                                              ; gnd    ;              ;         ; --         ;                 ; --       ; --           ;
; H7       ;            ;          ; VCCINT                                           ; power  ;              ; 1.2V    ; --         ;                 ; --       ; --           ;
; H8       ;            ;          ; GND                                              ; gnd    ;              ;         ; --         ;                 ; --       ; --           ;
; H9       ;            ; --       ; VCCA                                             ; power  ;              ; 2.5V    ; --         ;                 ; --       ; --           ;
; H10      ; 52         ; 5        ; final_out_imag[5]                                ; output ; 2.5 V        ;         ; Row I/O    ; N               ; no       ; Off          ;
; H11      ;            ; 5        ; VCCIO5                                           ; power  ;              ; 2.5V    ; --         ;                 ; --       ; --           ;
; H12      ; 51         ; 5        ; final_out_imag[13]                               ; output ; 2.5 V        ;         ; Row I/O    ; N               ; no       ; Off          ;
; H13      ; 56         ; 5        ; GND+                                             ;        ;              ;         ; Row I/O    ;                 ; --       ; --           ;
; J1       ; 15         ; QL0      ; GXB_GND*                                         ;        ;              ;         ; --         ;                 ; --       ; --           ;
; J2       ; 14         ; QL0      ; GXB_GND*                                         ;        ;              ;         ; --         ;                 ; --       ; --           ;
; J3       ;            ; --       ; VCCA_GXB                                         ; power  ;              ; 2.5V    ; --         ;                 ; --       ; --           ;
; J4       ;            ;          ; VCCD_PLL                                         ; power  ;              ; 1.2V    ; --         ;                 ; --       ; --           ;
; J5       ; 19         ; 3        ; ^CONF_DONE                                       ;        ;              ;         ; --         ;                 ; --       ; --           ;
; J6       ; 29         ; 3A       ; rst                                              ; input  ; 2.5 V        ;         ; Column I/O ; N               ; no       ; Off          ;
; J7       ; 30         ; 3A       ; clk                                              ; input  ; 2.5 V        ;         ; Column I/O ; N               ; no       ; Off          ;
; J8       ;            ;          ; VCCINT                                           ; power  ;              ; 1.2V    ; --         ;                 ; --       ; --           ;
; J9       ;            ;          ; GND                                              ; gnd    ;              ;         ; --         ;                 ; --       ; --           ;
; J10      ;            ;          ; VCCD_PLL                                         ; power  ;              ; 1.2V    ; --         ;                 ; --       ; --           ;
; J11      ;            ; 5        ; VCCIO5                                           ; power  ;              ; 2.5V    ; --         ;                 ; --       ; --           ;
; J12      ;            ;          ; GND                                              ; gnd    ;              ;         ; --         ;                 ; --       ; --           ;
; J13      ; 53         ; 5        ; final_out_real[12]                               ; output ; 2.5 V        ;         ; Row I/O    ; N               ; no       ; Off          ;
; K1       ;            ;          ; GND                                              ; gnd    ;              ;         ; --         ;                 ; --       ; --           ;
; K2       ;            ;          ; GND                                              ; gnd    ;              ;         ; --         ;                 ; --       ; --           ;
; K3       ;            ;          ; GND                                              ; gnd    ;              ;         ; --         ;                 ; --       ; --           ;
; K4       ;            ; --       ; VCCA                                             ; power  ;              ; 2.5V    ; --         ;                 ; --       ; --           ;
; K5       ; 18         ; 3        ; ^MSEL0                                           ;        ;              ;         ; --         ;                 ; --       ; --           ;
; K6       ; 20         ; 3        ; ^nSTATUS                                         ;        ;              ;         ; --         ;                 ; --       ; --           ;
; K7       ;            ; 3A       ; VCC_CLKIN3A                                      ; power  ;              ; 2.5V    ; --         ;                 ; --       ; --           ;
; K8       ; 35         ; 4        ; final_out_imag[2]                                ; output ; 2.5 V        ;         ; Column I/O ; N               ; no       ; Off          ;
; K9       ; 36         ; 4        ; final_out_imag[1]                                ; output ; 2.5 V        ;         ; Column I/O ; N               ; no       ; Off          ;
; K10      ; 43         ; 4        ; RESERVED_INPUT_WITH_WEAK_PULLUP                  ;        ;              ;         ; Column I/O ;                 ; no       ; On           ;
; K11      ; 48         ; 5        ; final_out_imag[12]                               ; output ; 2.5 V        ;         ; Row I/O    ; N               ; no       ; Off          ;
; K12      ; 47         ; 5        ; final_neg_imag                                   ; output ; 2.5 V        ;         ; Row I/O    ; N               ; no       ; Off          ;
; K13      ; 54         ; 5        ; final_out_imag[11]                               ; output ; 2.5 V        ;         ; Row I/O    ; N               ; no       ; Off          ;
; L1       ;            ;          ; RREF                                             ;        ;              ;         ; --         ;                 ; --       ; --           ;
; L2       ;            ;          ; GND                                              ; gnd    ;              ;         ; --         ;                 ; --       ; --           ;
; L3       ; 16         ; 3        ; ^MSEL2                                           ;        ;              ;         ; --         ;                 ; --       ; --           ;
; L4       ; 21         ; 3        ; RESERVED_INPUT_WITH_WEAK_PULLUP                  ;        ;              ;         ; Column I/O ;                 ; no       ; On           ;
; L5       ; 27         ; 3        ; RESERVED_INPUT_WITH_WEAK_PULLUP                  ;        ;              ;         ; Column I/O ;                 ; no       ; On           ;
; L6       ;            ; 3        ; VCCIO3                                           ; power  ;              ; 2.5V    ; --         ;                 ; --       ; --           ;
; L7       ; 28         ; 3        ; RESERVED_INPUT_WITH_WEAK_PULLUP                  ;        ;              ;         ; Column I/O ;                 ; --       ; --           ;
; L8       ;            ; 4        ; VCCIO4                                           ; power  ;              ; 2.5V    ; --         ;                 ; --       ; --           ;
; L9       ; 37         ; 4        ; final_out_real[10]                               ; output ; 2.5 V        ;         ; Column I/O ; N               ; no       ; Off          ;
; L10      ;            ; 4        ; VCCIO4                                           ; power  ;              ; 2.5V    ; --         ;                 ; --       ; --           ;
; L11      ; 44         ; 4        ; RESERVED_INPUT_WITH_WEAK_PULLUP                  ;        ;              ;         ; Column I/O ;                 ; no       ; On           ;
; L12      ; 50         ; 5        ; final_out_real[9]                                ; output ; 2.5 V        ;         ; Row I/O    ; N               ; no       ; Off          ;
; L13      ; 49         ; 5        ; done_all                                         ; output ; 2.5 V        ;         ; Row I/O    ; N               ; no       ; Off          ;
; M1       ;            ;          ; GND                                              ; gnd    ;              ;         ; --         ;                 ; --       ; --           ;
; M2       ;            ; --       ; VCCA_GXB                                         ; power  ;              ; 2.5V    ; --         ;                 ; --       ; --           ;
; M3       ;            ;          ; NC                                               ;        ;              ;         ; --         ;                 ; --       ; --           ;
; M4       ; 22         ; 3        ; RESERVED_INPUT_WITH_WEAK_PULLUP                  ;        ;              ;         ; Column I/O ;                 ; no       ; On           ;
; M5       ;            ;          ; GND                                              ; gnd    ;              ;         ; --         ;                 ; --       ; --           ;
; M6       ; 25         ; 3        ; RESERVED_INPUT_WITH_WEAK_PULLUP                  ;        ;              ;         ; Column I/O ;                 ; no       ; On           ;
; M7       ; 31         ; 4        ; GND+                                             ;        ;              ;         ; Column I/O ;                 ; --       ; --           ;
; M8       ;            ;          ; GND                                              ; gnd    ;              ;         ; --         ;                 ; --       ; --           ;
; M9       ; 38         ; 4        ; final_out_real[8]                                ; output ; 2.5 V        ;         ; Column I/O ; N               ; no       ; Off          ;
; M10      ;            ;          ; GND                                              ; gnd    ;              ;         ; --         ;                 ; --       ; --           ;
; M11      ; 41         ; 4        ; final_out_real[7]                                ; output ; 2.5 V        ;         ; Column I/O ; N               ; no       ; Off          ;
; M12      ;            ;          ; GND                                              ; gnd    ;              ;         ; --         ;                 ; --       ; --           ;
; M13      ; 46         ; 5        ; RESERVED_INPUT_WITH_WEAK_PULLUP                  ;        ;              ;         ; Row I/O    ;                 ; no       ; On           ;
; N1       ;            ; --       ; VCCL_GXB                                         ; power  ;              ; 1.2V    ; --         ;                 ; --       ; --           ;
; N2       ;            ;          ; NC                                               ;        ;              ;         ; --         ;                 ; --       ; --           ;
; N3       ; 17         ; 3        ; ^MSEL1                                           ;        ;              ;         ; --         ;                 ; --       ; --           ;
; N4       ; 23         ; 3        ; RESERVED_INPUT_WITH_WEAK_PULLUP                  ;        ;              ;         ; Column I/O ;                 ; no       ; On           ;
; N5       ; 24         ; 3        ; ~ALTERA_NCEO~ / RESERVED_OUTPUT_OPEN_DRAIN       ; output ; 2.5 V        ;         ; Column I/O ; N               ; no       ; Off          ;
; N6       ; 26         ; 3        ; RESERVED_INPUT_WITH_WEAK_PULLUP                  ;        ;              ;         ; Column I/O ;                 ; no       ; On           ;
; N7       ; 32         ; 4        ; GND+                                             ;        ;              ;         ; Column I/O ;                 ; --       ; --           ;
; N8       ; 33         ; 4        ; final_out_imag[0]                                ; output ; 2.5 V        ;         ; Column I/O ; N               ; no       ; Off          ;
; N9       ; 34         ; 4        ; final_out_imag[14]                               ; output ; 2.5 V        ;         ; Column I/O ; N               ; no       ; Off          ;
; N10      ; 39         ; 4        ; final_out_imag[7]                                ; output ; 2.5 V        ;         ; Column I/O ; N               ; no       ; Off          ;
; N11      ; 40         ; 4        ; final_out_real[14]                               ; output ; 2.5 V        ;         ; Column I/O ; N               ; no       ; Off          ;
; N12      ; 42         ; 4        ; RESERVED_INPUT_WITH_WEAK_PULLUP                  ;        ;              ;         ; Column I/O ;                 ; no       ; On           ;
; N13      ; 45         ; 5        ; final_out_real[2]                                ; output ; 2.5 V        ;         ; Row I/O    ; N               ; no       ; Off          ;
+----------+------------+----------+--------------------------------------------------+--------+--------------+---------+------------+-----------------+----------+--------------+
Note: Pin directions (input, output or bidir) are based on device operating in user mode.


+------------------------------------------------------------------------------------------------------------------------------------------------------------------------------------------------------------------------------------------------------------------------------------------------------------------------------------------------------------------------------------------------------------------------+
; Fitter Resource Utilization by Entity                                                                                                                                                                                                                                                                                                                                                                                  ;
+--------------------------------------------------+-------------+---------------------------+---------------+-------------+------+--------------+---------+-----------+-----------+------+--------------+--------------+-------------------+------------------+------------------------------------------------------------------------------------------------------------------------------------------+--------------+
; Compilation Hierarchy Node                       ; Logic Cells ; Dedicated Logic Registers ; I/O Registers ; Memory Bits ; M9Ks ; DSP Elements ; DSP 9x9 ; DSP 18x18 ; DSP 36x36 ; Pins ; Virtual Pins ; LUT-Only LCs ; Register-Only LCs ; LUT/Register LCs ; Full Hierarchy Name                                                                                                                      ; Library Name ;
+--------------------------------------------------+-------------+---------------------------+---------------+-------------+------+--------------+---------+-----------+-----------+------+--------------+--------------+-------------------+------------------+------------------------------------------------------------------------------------------------------------------------------------------+--------------+
; |Top                                             ; 405 (97)    ; 202 (88)                  ; 0 (0)         ; 0           ; 0    ; 0            ; 0       ; 0         ; 0         ; 39   ; 0            ; 203 (11)     ; 49 (34)           ; 153 (33)         ; |Top                                                                                                                                     ; work         ;
;    |ControlUnit:cu|                              ; 30 (30)     ; 18 (18)                   ; 0 (0)         ; 0           ; 0    ; 0            ; 0       ; 0         ; 0         ; 0    ; 0            ; 10 (10)      ; 0 (0)             ; 20 (20)          ; |Top|ControlUnit:cu                                                                                                                      ; work         ;
;    |Datapath:dp|                                 ; 304 (151)   ; 96 (96)                   ; 0 (0)         ; 0           ; 0    ; 0            ; 0       ; 0         ; 0         ; 0    ; 0            ; 182 (60)     ; 15 (15)           ; 107 (59)         ; |Top|Datapath:dp                                                                                                                         ; work         ;
;       |AddSub:addsub_unit|                       ; 70 (70)     ; 0 (0)                     ; 0 (0)         ; 0           ; 0    ; 0            ; 0       ; 0         ; 0         ; 0    ; 0            ; 55 (55)      ; 0 (0)             ; 15 (15)          ; |Top|Datapath:dp|AddSub:addsub_unit                                                                                                      ; work         ;
;       |Conj:conj_unit|                           ; 1 (1)       ; 0 (0)                     ; 0 (0)         ; 0           ; 0    ; 0            ; 0       ; 0         ; 0         ; 0    ; 0            ; 1 (1)        ; 0 (0)             ; 0 (0)            ; |Top|Datapath:dp|Conj:conj_unit                                                                                                          ; work         ;
;       |Mag2:mag2_unit|                           ; 1 (1)       ; 0 (0)                     ; 0 (0)         ; 0           ; 0    ; 0            ; 0       ; 0         ; 0         ; 0    ; 0            ; 1 (1)        ; 0 (0)             ; 0 (0)            ; |Top|Datapath:dp|Mag2:mag2_unit                                                                                                          ; work         ;
;       |Mul:mult_unit|                            ; 98 (0)      ; 0 (0)                     ; 0 (0)         ; 0           ; 0    ; 0            ; 0       ; 0         ; 0         ; 0    ; 0            ; 65 (0)       ; 0 (0)             ; 33 (0)           ; |Top|Datapath:dp|Mul:mult_unit                                                                                                           ; work         ;
;          |lpm_mult:Mult0|                        ; 98 (0)      ; 0 (0)                     ; 0 (0)         ; 0           ; 0    ; 0            ; 0       ; 0         ; 0         ; 0    ; 0            ; 65 (0)       ; 0 (0)             ; 33 (0)           ; |Top|Datapath:dp|Mul:mult_unit|lpm_mult:Mult0                                                                                            ; work         ;
;             |mult_17t:auto_generated|            ; 98 (0)      ; 0 (0)                     ; 0 (0)         ; 0           ; 0    ; 0            ; 0       ; 0         ; 0         ; 0    ; 0            ; 65 (0)       ; 0 (0)             ; 33 (0)           ; |Top|Datapath:dp|Mul:mult_unit|lpm_mult:Mult0|mult_17t:auto_generated                                                                    ; work         ;
;                |alt_mac_mult:mac_mult1|          ; 98 (0)      ; 0 (0)                     ; 0 (0)         ; 0           ; 0    ; 0            ; 0       ; 0         ; 0         ; 0    ; 0            ; 65 (0)       ; 0 (0)             ; 33 (0)           ; |Top|Datapath:dp|Mul:mult_unit|lpm_mult:Mult0|mult_17t:auto_generated|alt_mac_mult:mac_mult1                                             ; work         ;
;                   |mac_mult_jah1:auto_generated| ; 98 (0)      ; 0 (0)                     ; 0 (0)         ; 0           ; 0    ; 0            ; 0       ; 0         ; 0         ; 0    ; 0            ; 65 (0)       ; 0 (0)             ; 33 (0)           ; |Top|Datapath:dp|Mul:mult_unit|lpm_mult:Mult0|mult_17t:auto_generated|alt_mac_mult:mac_mult1|mac_mult_jah1:auto_generated                ; work         ;
;                      |mult_dho:mult1|            ; 98 (98)     ; 0 (0)                     ; 0 (0)         ; 0           ; 0    ; 0            ; 0       ; 0         ; 0         ; 0    ; 0            ; 65 (65)      ; 0 (0)             ; 33 (33)          ; |Top|Datapath:dp|Mul:mult_unit|lpm_mult:Mult0|mult_17t:auto_generated|alt_mac_mult:mac_mult1|mac_mult_jah1:auto_generated|mult_dho:mult1 ; work         ;
+--------------------------------------------------+-------------+---------------------------+---------------+-------------+------+--------------+---------+-----------+-----------+------+--------------+--------------+-------------------+------------------+------------------------------------------------------------------------------------------------------------------------------------------+--------------+
Note: For table entries with two numbers listed, the numbers in parentheses indicate the number of resources of the given type used by the specific entity alone. The numbers listed outside of parentheses indicate the total resources of the given type used by the specific entity and all of its sub-entities in the hierarchy.


+----------------------------------------------------------------------------------------------------+
; Delay Chain Summary                                                                                ;
+--------------------+----------+---------------+---------------+-----------------------+-----+------+
; Name               ; Pin Type ; Pad to Core 0 ; Pad to Core 1 ; Pad to Input Register ; TCO ; TCOE ;
+--------------------+----------+---------------+---------------+-----------------------+-----+------+
; final_out_real[0]  ; Output   ; --            ; --            ; --                    ; --  ; --   ;
; final_out_real[1]  ; Output   ; --            ; --            ; --                    ; --  ; --   ;
; final_out_real[2]  ; Output   ; --            ; --            ; --                    ; --  ; --   ;
; final_out_real[3]  ; Output   ; --            ; --            ; --                    ; --  ; --   ;
; final_out_real[4]  ; Output   ; --            ; --            ; --                    ; --  ; --   ;
; final_out_real[5]  ; Output   ; --            ; --            ; --                    ; --  ; --   ;
; final_out_real[6]  ; Output   ; --            ; --            ; --                    ; --  ; --   ;
; final_out_real[7]  ; Output   ; --            ; --            ; --                    ; --  ; --   ;
; final_out_real[8]  ; Output   ; --            ; --            ; --                    ; --  ; --   ;
; final_out_real[9]  ; Output   ; --            ; --            ; --                    ; --  ; --   ;
; final_out_real[10] ; Output   ; --            ; --            ; --                    ; --  ; --   ;
; final_out_real[11] ; Output   ; --            ; --            ; --                    ; --  ; --   ;
; final_out_real[12] ; Output   ; --            ; --            ; --                    ; --  ; --   ;
; final_out_real[13] ; Output   ; --            ; --            ; --                    ; --  ; --   ;
; final_out_real[14] ; Output   ; --            ; --            ; --                    ; --  ; --   ;
; final_out_real[15] ; Output   ; --            ; --            ; --                    ; --  ; --   ;
; final_out_imag[0]  ; Output   ; --            ; --            ; --                    ; --  ; --   ;
; final_out_imag[1]  ; Output   ; --            ; --            ; --                    ; --  ; --   ;
; final_out_imag[2]  ; Output   ; --            ; --            ; --                    ; --  ; --   ;
; final_out_imag[3]  ; Output   ; --            ; --            ; --                    ; --  ; --   ;
; final_out_imag[4]  ; Output   ; --            ; --            ; --                    ; --  ; --   ;
; final_out_imag[5]  ; Output   ; --            ; --            ; --                    ; --  ; --   ;
; final_out_imag[6]  ; Output   ; --            ; --            ; --                    ; --  ; --   ;
; final_out_imag[7]  ; Output   ; --            ; --            ; --                    ; --  ; --   ;
; final_out_imag[8]  ; Output   ; --            ; --            ; --                    ; --  ; --   ;
; final_out_imag[9]  ; Output   ; --            ; --            ; --                    ; --  ; --   ;
; final_out_imag[10] ; Output   ; --            ; --            ; --                    ; --  ; --   ;
; final_out_imag[11] ; Output   ; --            ; --            ; --                    ; --  ; --   ;
; final_out_imag[12] ; Output   ; --            ; --            ; --                    ; --  ; --   ;
; final_out_imag[13] ; Output   ; --            ; --            ; --                    ; --  ; --   ;
; final_out_imag[14] ; Output   ; --            ; --            ; --                    ; --  ; --   ;
; final_out_imag[15] ; Output   ; --            ; --            ; --                    ; --  ; --   ;
; final_zero         ; Output   ; --            ; --            ; --                    ; --  ; --   ;
; final_overflow     ; Output   ; --            ; --            ; --                    ; --  ; --   ;
; final_neg_real     ; Output   ; --            ; --            ; --                    ; --  ; --   ;
; final_neg_imag     ; Output   ; --            ; --            ; --                    ; --  ; --   ;
; done_all           ; Output   ; --            ; --            ; --                    ; --  ; --   ;
; clk                ; Input    ; (0) 0 ps      ; --            ; --                    ; --  ; --   ;
; rst                ; Input    ; (0) 0 ps      ; --            ; --                    ; --  ; --   ;
+--------------------+----------+---------------+---------------+-----------------------+-----+------+


+---------------------------------------------------+
; Pad To Core Delay Chain Fanout                    ;
+---------------------+-------------------+---------+
; Source Pin / Fanout ; Pad To Core Index ; Setting ;
+---------------------+-------------------+---------+
; clk                 ;                   ;         ;
; rst                 ;                   ;         ;
+---------------------+-------------------+---------+


+---------------------------------------------------------------------------------------------------------------------------------------------------------+
; Control Signals                                                                                                                                         ;
+----------------------------+--------------------+---------+--------------+--------+----------------------+------------------+---------------------------+
; Name                       ; Location           ; Fan-Out ; Usage        ; Global ; Global Resource Used ; Global Line Name ; Enable Signal Source Name ;
+----------------------------+--------------------+---------+--------------+--------+----------------------+------------------+---------------------------+
; ControlUnit:cu|WideOr6     ; LCCOMB_X22_Y25_N14 ; 16      ; Clock enable ; no     ; --                   ; --               ; --                        ;
; ControlUnit:cu|WideOr9~0   ; LCCOMB_X24_Y24_N16 ; 16      ; Clock enable ; no     ; --                   ; --               ; --                        ;
; ControlUnit:cu|en_reg1     ; LCCOMB_X26_Y25_N14 ; 16      ; Clock enable ; no     ; --                   ; --               ; --                        ;
; ControlUnit:cu|state.CMUL3 ; FF_X25_Y25_N15     ; 20      ; Clock enable ; no     ; --                   ; --               ; --                        ;
; ControlUnit:cu|state.CMUL4 ; FF_X25_Y25_N13     ; 19      ; Clock enable ; no     ; --                   ; --               ; --                        ;
; Datapath:dp|Equal0~0       ; LCCOMB_X26_Y25_N30 ; 17      ; Sync. load   ; no     ; --                   ; --               ; --                        ;
; Datapath:dp|out_imag[0]~1  ; LCCOMB_X21_Y25_N4  ; 16      ; Clock enable ; no     ; --                   ; --               ; --                        ;
; clk                        ; PIN_J7             ; 202     ; Clock        ; yes    ; Global Clock         ; GCLK17           ; --                        ;
; ir[34]~0                   ; LCCOMB_X26_Y24_N22 ; 20      ; Clock enable ; no     ; --                   ; --               ; --                        ;
; opcode_reg[2]~0            ; LCCOMB_X26_Y24_N18 ; 20      ; Clock enable ; no     ; --                   ; --               ; --                        ;
; pc[4]                      ; FF_X25_Y24_N29     ; 22      ; Sync. clear  ; no     ; --                   ; --               ; --                        ;
; pipe_state.UPDATE          ; FF_X26_Y25_N5      ; 43      ; Clock enable ; no     ; --                   ; --               ; --                        ;
; rst                        ; PIN_J6             ; 162     ; Async. clear ; yes    ; Global Clock         ; GCLK19           ; --                        ;
+----------------------------+--------------------+---------+--------------+--------+----------------------+------------------+---------------------------+


+----------------------------------------------------------------------------------------------------------------------------------------+
; Global & Other Fast Signals                                                                                                            ;
+------+----------+---------+--------------------------------------+----------------------+------------------+---------------------------+
; Name ; Location ; Fan-Out ; Fan-Out Using Intentional Clock Skew ; Global Resource Used ; Global Line Name ; Enable Signal Source Name ;
+------+----------+---------+--------------------------------------+----------------------+------------------+---------------------------+
; clk  ; PIN_J7   ; 202     ; 69                                   ; Global Clock         ; GCLK17           ; --                        ;
; rst  ; PIN_J6   ; 162     ; 0                                    ; Global Clock         ; GCLK19           ; --                        ;
+------+----------+---------+--------------------------------------+----------------------+------------------+---------------------------+


+-------------------------------------------------------------------------------------------------------------------------------------------------------------------+
; Non-Global High Fan-Out Signals                                                                                                                                   ;
+---------------------------------------------------------------------------------------------------------------------------------------------------------+---------+
; Name                                                                                                                                                    ; Fan-Out ;
+---------------------------------------------------------------------------------------------------------------------------------------------------------+---------+
; pipe_state.UPDATE                                                                                                                                       ; 43      ;
; ControlUnit:cu|WideOr4                                                                                                                                  ; 30      ;
; ControlUnit:cu|WideOr3                                                                                                                                  ; 28      ;
; pc[0]                                                                                                                                                   ; 22      ;
; Datapath:dp|Mux0~0                                                                                                                                      ; 22      ;
; pc[4]                                                                                                                                                   ; 22      ;
; pc[3]                                                                                                                                                   ; 21      ;
; ir[34]~0                                                                                                                                                ; 20      ;
; opcode_reg[2]~0                                                                                                                                         ; 20      ;
; ControlUnit:cu|state.CONJ2                                                                                                                              ; 20      ;
; ControlUnit:cu|state.CMUL3                                                                                                                              ; 20      ;
; A_real_reg[3]                                                                                                                                           ; 20      ;
; ControlUnit:cu|WideOr5~0                                                                                                                                ; 20      ;
; ControlUnit:cu|state.CMUL4                                                                                                                              ; 19      ;
; pc[2]                                                                                                                                                   ; 19      ;
; pc[1]                                                                                                                                                   ; 19      ;
; Datapath:dp|Mux24~5                                                                                                                                     ; 18      ;
; ControlUnit:cu|WideOr2~1                                                                                                                                ; 18      ;
; ControlUnit:cu|WideOr2~0                                                                                                                                ; 18      ;
; Datapath:dp|Equal0~0                                                                                                                                    ; 17      ;
; ControlUnit:cu|sel_add_1[0]~2                                                                                                                           ; 17      ;
; ControlUnit:cu|WideOr9~0                                                                                                                                ; 16      ;
; ControlUnit:cu|en_reg1                                                                                                                                  ; 16      ;
; Datapath:dp|out_imag[0]~1                                                                                                                               ; 16      ;
; ControlUnit:cu|WideOr7                                                                                                                                  ; 16      ;
; ControlUnit:cu|WideOr6                                                                                                                                  ; 16      ;
; ControlUnit:cu|state.CMUL6                                                                                                                              ; 15      ;
; Datapath:dp|Mux1~0                                                                                                                                      ; 13      ;
; Datapath:dp|Mux14~1                                                                                                                                     ; 12      ;
; Datapath:dp|Mul:mult_unit|lpm_mult:Mult0|mult_17t:auto_generated|alt_mac_mult:mac_mult1|mac_mult_jah1:auto_generated|mult_dho:mult1|_~2                 ; 12      ;
; ControlUnit:cu|WideOr10~0                                                                                                                               ; 11      ;
; ControlUnit:cu|WideOr11                                                                                                                                 ; 11      ;
; Datapath:dp|Mux40~3                                                                                                                                     ; 11      ;
; Datapath:dp|Mul:mult_unit|lpm_mult:Mult0|mult_17t:auto_generated|alt_mac_mult:mac_mult1|mac_mult_jah1:auto_generated|mult_dho:mult1|cs2a[2]~2           ; 10      ;
; Datapath:dp|Mul:mult_unit|lpm_mult:Mult0|mult_17t:auto_generated|alt_mac_mult:mac_mult1|mac_mult_jah1:auto_generated|mult_dho:mult1|cs2a[1]~0           ; 10      ;
; Datapath:dp|Mul:mult_unit|lpm_mult:Mult0|mult_17t:auto_generated|alt_mac_mult:mac_mult1|mac_mult_jah1:auto_generated|mult_dho:mult1|cs4a[1]~2           ; 9       ;
; Datapath:dp|Mul:mult_unit|lpm_mult:Mult0|mult_17t:auto_generated|alt_mac_mult:mac_mult1|mac_mult_jah1:auto_generated|mult_dho:mult1|cs4a[3]~1           ; 9       ;
; Datapath:dp|Mul:mult_unit|lpm_mult:Mult0|mult_17t:auto_generated|alt_mac_mult:mac_mult1|mac_mult_jah1:auto_generated|mult_dho:mult1|cs4a[2]~0           ; 9       ;
; Datapath:dp|Mux24~2                                                                                                                                     ; 9       ;
; A_imag_reg[3]                                                                                                                                           ; 9       ;
; Datapath:dp|Mul:mult_unit|lpm_mult:Mult0|mult_17t:auto_generated|alt_mac_mult:mac_mult1|mac_mult_jah1:auto_generated|mult_dho:mult1|_~38                ; 8       ;
; Datapath:dp|Mul:mult_unit|lpm_mult:Mult0|mult_17t:auto_generated|alt_mac_mult:mac_mult1|mac_mult_jah1:auto_generated|mult_dho:mult1|_~37                ; 8       ;
; Datapath:dp|Mul:mult_unit|lpm_mult:Mult0|mult_17t:auto_generated|alt_mac_mult:mac_mult1|mac_mult_jah1:auto_generated|mult_dho:mult1|_~36                ; 8       ;
; Datapath:dp|Mux7~0                                                                                                                                      ; 8       ;
; Datapath:dp|Mux6~0                                                                                                                                      ; 8       ;
; Datapath:dp|Mux5~0                                                                                                                                      ; 8       ;
; opcode_reg[0]                                                                                                                                           ; 8       ;
; opcode_reg[1]                                                                                                                                           ; 8       ;
; opcode_reg[2]                                                                                                                                           ; 8       ;
; A_real_reg[5]                                                                                                                                           ; 8       ;
; ControlUnit:cu|state.CMUL5                                                                                                                              ; 7       ;
; ControlUnit:cu|state.CMUL2                                                                                                                              ; 6       ;
; A_real_reg[1]                                                                                                                                           ; 6       ;
; ControlUnit:cu|state.CMAG2_3                                                                                                                            ; 6       ;
; ControlUnit:cu|state.CMAG2_4                                                                                                                            ; 6       ;
; ControlUnit:cu|state.CSUB2                                                                                                                              ; 6       ;
; Datapath:dp|Mul:mult_unit|lpm_mult:Mult0|mult_17t:auto_generated|alt_mac_mult:mac_mult1|mac_mult_jah1:auto_generated|mult_dho:mult1|add9_result[15]~30  ; 6       ;
; Datapath:dp|Mux15~2                                                                                                                                     ; 5       ;
; Datapath:dp|Mux15~1                                                                                                                                     ; 5       ;
; ControlUnit:cu|WideOr9~1                                                                                                                                ; 5       ;
; ControlUnit:cu|next_state.CONJ1~4                                                                                                                       ; 5       ;
; Datapath:dp|Mul:mult_unit|lpm_mult:Mult0|mult_17t:auto_generated|alt_mac_mult:mac_mult1|mac_mult_jah1:auto_generated|mult_dho:mult1|cs2a[1]~1           ; 5       ;
; Datapath:dp|Mux8~3                                                                                                                                      ; 5       ;
; Datapath:dp|Mux9~1                                                                                                                                      ; 5       ;
; ControlUnit:cu|state.CMAG2_2                                                                                                                            ; 5       ;
; A_real_reg[0]                                                                                                                                           ; 5       ;
; A_real_reg[2]                                                                                                                                           ; 5       ;
; A_imag_reg[5]                                                                                                                                           ; 5       ;
; ControlUnit:cu|WideOr3~1                                                                                                                                ; 5       ;
; B_real_reg[1]                                                                                                                                           ; 5       ;
; ControlUnit:cu|WideOr3~0                                                                                                                                ; 5       ;
; ControlUnit:cu|state.CADD2                                                                                                                              ; 5       ;
; Datapath:dp|Mul:mult_unit|lpm_mult:Mult0|mult_17t:auto_generated|alt_mac_mult:mac_mult1|mac_mult_jah1:auto_generated|mult_dho:mult1|add9_result[14]~28  ; 5       ;
; Datapath:dp|Mul:mult_unit|lpm_mult:Mult0|mult_17t:auto_generated|alt_mac_mult:mac_mult1|mac_mult_jah1:auto_generated|mult_dho:mult1|add9_result[13]~26  ; 5       ;
; Datapath:dp|Mul:mult_unit|lpm_mult:Mult0|mult_17t:auto_generated|alt_mac_mult:mac_mult1|mac_mult_jah1:auto_generated|mult_dho:mult1|add9_result[12]~24  ; 5       ;
; Datapath:dp|Mul:mult_unit|lpm_mult:Mult0|mult_17t:auto_generated|alt_mac_mult:mac_mult1|mac_mult_jah1:auto_generated|mult_dho:mult1|add9_result[11]~22  ; 5       ;
; Datapath:dp|Mul:mult_unit|lpm_mult:Mult0|mult_17t:auto_generated|alt_mac_mult:mac_mult1|mac_mult_jah1:auto_generated|mult_dho:mult1|add9_result[10]~20  ; 5       ;
; Datapath:dp|Mul:mult_unit|lpm_mult:Mult0|mult_17t:auto_generated|alt_mac_mult:mac_mult1|mac_mult_jah1:auto_generated|mult_dho:mult1|add9_result[9]~18   ; 5       ;
; Datapath:dp|Mul:mult_unit|lpm_mult:Mult0|mult_17t:auto_generated|alt_mac_mult:mac_mult1|mac_mult_jah1:auto_generated|mult_dho:mult1|add9_result[8]~16   ; 5       ;
; Datapath:dp|Mul:mult_unit|lpm_mult:Mult0|mult_17t:auto_generated|alt_mac_mult:mac_mult1|mac_mult_jah1:auto_generated|mult_dho:mult1|add9_result[7]~14   ; 5       ;
; Datapath:dp|Mul:mult_unit|lpm_mult:Mult0|mult_17t:auto_generated|alt_mac_mult:mac_mult1|mac_mult_jah1:auto_generated|mult_dho:mult1|add9_result[6]~12   ; 5       ;
; Datapath:dp|Mul:mult_unit|lpm_mult:Mult0|mult_17t:auto_generated|alt_mac_mult:mac_mult1|mac_mult_jah1:auto_generated|mult_dho:mult1|add9_result[5]~10   ; 5       ;
; Datapath:dp|Mul:mult_unit|lpm_mult:Mult0|mult_17t:auto_generated|alt_mac_mult:mac_mult1|mac_mult_jah1:auto_generated|mult_dho:mult1|add9_result[4]~8    ; 5       ;
; Datapath:dp|Mul:mult_unit|lpm_mult:Mult0|mult_17t:auto_generated|alt_mac_mult:mac_mult1|mac_mult_jah1:auto_generated|mult_dho:mult1|add9_result[3]~6    ; 5       ;
; Datapath:dp|Mul:mult_unit|lpm_mult:Mult0|mult_17t:auto_generated|alt_mac_mult:mac_mult1|mac_mult_jah1:auto_generated|mult_dho:mult1|add9_result[2]~4    ; 5       ;
; Datapath:dp|Mul:mult_unit|lpm_mult:Mult0|mult_17t:auto_generated|alt_mac_mult:mac_mult1|mac_mult_jah1:auto_generated|mult_dho:mult1|add9_result[1]~2    ; 5       ;
; Datapath:dp|Mul:mult_unit|lpm_mult:Mult0|mult_17t:auto_generated|alt_mac_mult:mac_mult1|mac_mult_jah1:auto_generated|mult_dho:mult1|add9_result[0]~0    ; 5       ;
; Datapath:dp|Mux8~4                                                                                                                                      ; 4       ;
; pipe_state.DECODE                                                                                                                                       ; 4       ;
; A_imag_reg[0]                                                                                                                                           ; 4       ;
; A_imag_reg[1]                                                                                                                                           ; 4       ;
; A_imag_reg[2]                                                                                                                                           ; 4       ;
; ControlUnit:cu|state.CSUB1                                                                                                                              ; 4       ;
; Datapath:dp|AddSub:addsub_unit|Add0~88                                                                                                                  ; 4       ;
; start_alu                                                                                                                                               ; 3       ;
; ControlUnit:cu|WideOr8                                                                                                                                  ; 3       ;
; pipe_state.EXECUTE                                                                                                                                      ; 3       ;
; Datapath:dp|Mux13~1                                                                                                                                     ; 3       ;
; ControlUnit:cu|state.CMUL1                                                                                                                              ; 3       ;
; ControlUnit:cu|state.CONJ1                                                                                                                              ; 3       ;
; ControlUnit:cu|state.CADD1                                                                                                                              ; 3       ;
; Datapath:dp|reg2[15]                                                                                                                                    ; 3       ;
; Datapath:dp|reg1[15]                                                                                                                                    ; 3       ;
; Datapath:dp|negative_imag                                                                                                                               ; 3       ;
; Datapath:dp|negative_real                                                                                                                               ; 3       ;
; ir[32]                                                                                                                                                  ; 3       ;
; ir[33]                                                                                                                                                  ; 3       ;
; ir[34]                                                                                                                                                  ; 3       ;
; rst~input                                                                                                                                               ; 2       ;
; memory~1                                                                                                                                                ; 2       ;
; pipe_state.FETCH                                                                                                                                        ; 2       ;
; Selector7~0                                                                                                                                             ; 2       ;
; Equal1~0                                                                                                                                                ; 2       ;
; ControlUnit:cu|state.CMAG2_1                                                                                                                            ; 2       ;
; ControlUnit:cu|state.IDLE                                                                                                                               ; 2       ;
; pipe_state.STALL                                                                                                                                        ; 2       ;
; Datapath:dp|Mux9~0                                                                                                                                      ; 2       ;
; Datapath:dp|Mux12~1                                                                                                                                     ; 2       ;
; Datapath:dp|Mux8~2                                                                                                                                      ; 2       ;
; Datapath:dp|reg1[0]                                                                                                                                     ; 2       ;
; Datapath:dp|reg3[0]                                                                                                                                     ; 2       ;
; Datapath:dp|reg2[0]                                                                                                                                     ; 2       ;
; B_imag_reg[0]                                                                                                                                           ; 2       ;
; B_real_reg[0]                                                                                                                                           ; 2       ;
; Datapath:dp|reg1[1]                                                                                                                                     ; 2       ;
; Datapath:dp|reg2[1]                                                                                                                                     ; 2       ;
; Datapath:dp|reg1[2]                                                                                                                                     ; 2       ;
; Datapath:dp|reg3[2]                                                                                                                                     ; 2       ;
; Datapath:dp|reg2[2]                                                                                                                                     ; 2       ;
; B_imag_reg[2]                                                                                                                                           ; 2       ;
; B_real_reg[2]                                                                                                                                           ; 2       ;
; Datapath:dp|reg1[3]                                                                                                                                     ; 2       ;
; Datapath:dp|reg2[3]                                                                                                                                     ; 2       ;
; Datapath:dp|reg3[3]                                                                                                                                     ; 2       ;
; B_real_reg[3]                                                                                                                                           ; 2       ;
; Datapath:dp|reg1[4]                                                                                                                                     ; 2       ;
; Datapath:dp|reg3[4]                                                                                                                                     ; 2       ;
; Datapath:dp|reg2[4]                                                                                                                                     ; 2       ;
; Datapath:dp|reg1[5]                                                                                                                                     ; 2       ;
; Datapath:dp|reg2[5]                                                                                                                                     ; 2       ;
; Datapath:dp|reg3[5]                                                                                                                                     ; 2       ;
; Datapath:dp|reg1[6]                                                                                                                                     ; 2       ;
; Datapath:dp|reg3[6]                                                                                                                                     ; 2       ;
; Datapath:dp|reg2[6]                                                                                                                                     ; 2       ;
; Datapath:dp|AddSub:addsub_unit|Add0~30                                                                                                                  ; 2       ;
; B_real_reg[5]                                                                                                                                           ; 2       ;
; Datapath:dp|reg1[7]                                                                                                                                     ; 2       ;
; Datapath:dp|reg3[7]                                                                                                                                     ; 2       ;
; Datapath:dp|reg2[7]                                                                                                                                     ; 2       ;
; Datapath:dp|reg1[8]                                                                                                                                     ; 2       ;
; Datapath:dp|reg3[8]                                                                                                                                     ; 2       ;
; Datapath:dp|reg2[8]                                                                                                                                     ; 2       ;
; Datapath:dp|reg1[9]                                                                                                                                     ; 2       ;
; Datapath:dp|reg3[9]                                                                                                                                     ; 2       ;
; Datapath:dp|reg2[9]                                                                                                                                     ; 2       ;
; Datapath:dp|reg1[10]                                                                                                                                    ; 2       ;
; Datapath:dp|reg2[10]                                                                                                                                    ; 2       ;
; Datapath:dp|reg3[10]                                                                                                                                    ; 2       ;
; Datapath:dp|reg1[11]                                                                                                                                    ; 2       ;
; Datapath:dp|reg3[11]                                                                                                                                    ; 2       ;
; Datapath:dp|reg2[11]                                                                                                                                    ; 2       ;
; Datapath:dp|reg1[12]                                                                                                                                    ; 2       ;
; Datapath:dp|reg2[12]                                                                                                                                    ; 2       ;
; Datapath:dp|reg3[12]                                                                                                                                    ; 2       ;
; Datapath:dp|reg1[13]                                                                                                                                    ; 2       ;
; Datapath:dp|reg3[13]                                                                                                                                    ; 2       ;
; Datapath:dp|reg2[13]                                                                                                                                    ; 2       ;
; Datapath:dp|reg1[14]                                                                                                                                    ; 2       ;
; Datapath:dp|reg2[14]                                                                                                                                    ; 2       ;
; Datapath:dp|reg3[14]                                                                                                                                    ; 2       ;
; Datapath:dp|Mux40~1                                                                                                                                     ; 2       ;
; Datapath:dp|Mux16~1                                                                                                                                     ; 2       ;
; Datapath:dp|reg3[15]                                                                                                                                    ; 2       ;
; Datapath:dp|out_imag[14]                                                                                                                                ; 2       ;
; Datapath:dp|out_imag[13]                                                                                                                                ; 2       ;
; Datapath:dp|out_imag[12]                                                                                                                                ; 2       ;
; Datapath:dp|out_imag[11]                                                                                                                                ; 2       ;
; Datapath:dp|out_imag[10]                                                                                                                                ; 2       ;
; Datapath:dp|out_imag[9]                                                                                                                                 ; 2       ;
; Datapath:dp|out_imag[8]                                                                                                                                 ; 2       ;
; Datapath:dp|out_imag[7]                                                                                                                                 ; 2       ;
; Datapath:dp|out_imag[6]                                                                                                                                 ; 2       ;
; Datapath:dp|out_imag[5]                                                                                                                                 ; 2       ;
; Datapath:dp|out_imag[4]                                                                                                                                 ; 2       ;
; Datapath:dp|out_imag[3]                                                                                                                                 ; 2       ;
; Datapath:dp|out_imag[2]                                                                                                                                 ; 2       ;
; Datapath:dp|out_imag[1]                                                                                                                                 ; 2       ;
; Datapath:dp|out_imag[0]                                                                                                                                 ; 2       ;
; Datapath:dp|out_real[14]                                                                                                                                ; 2       ;
; Datapath:dp|out_real[13]                                                                                                                                ; 2       ;
; Datapath:dp|out_real[12]                                                                                                                                ; 2       ;
; Datapath:dp|out_real[11]                                                                                                                                ; 2       ;
; Datapath:dp|out_real[10]                                                                                                                                ; 2       ;
; Datapath:dp|out_real[9]                                                                                                                                 ; 2       ;
; Datapath:dp|out_real[8]                                                                                                                                 ; 2       ;
; Datapath:dp|out_real[7]                                                                                                                                 ; 2       ;
; Datapath:dp|out_real[6]                                                                                                                                 ; 2       ;
; Datapath:dp|out_real[5]                                                                                                                                 ; 2       ;
; Datapath:dp|out_real[4]                                                                                                                                 ; 2       ;
; Datapath:dp|out_real[3]                                                                                                                                 ; 2       ;
; Datapath:dp|out_real[2]                                                                                                                                 ; 2       ;
; Datapath:dp|out_real[1]                                                                                                                                 ; 2       ;
; Datapath:dp|out_real[0]                                                                                                                                 ; 2       ;
; done_all~reg0                                                                                                                                           ; 2       ;
; Datapath:dp|AddSub:addsub_unit|Add0~86                                                                                                                  ; 2       ;
; Datapath:dp|AddSub:addsub_unit|Add0~84                                                                                                                  ; 2       ;
; Datapath:dp|AddSub:addsub_unit|Add0~82                                                                                                                  ; 2       ;
; Datapath:dp|AddSub:addsub_unit|Add0~80                                                                                                                  ; 2       ;
; Datapath:dp|AddSub:addsub_unit|Add0~78                                                                                                                  ; 2       ;
; Datapath:dp|AddSub:addsub_unit|Add0~76                                                                                                                  ; 2       ;
; Datapath:dp|AddSub:addsub_unit|Add0~74                                                                                                                  ; 2       ;
; Datapath:dp|AddSub:addsub_unit|Add0~72                                                                                                                  ; 2       ;
; Datapath:dp|AddSub:addsub_unit|Add0~70                                                                                                                  ; 2       ;
; Datapath:dp|AddSub:addsub_unit|Add0~68                                                                                                                  ; 2       ;
; Datapath:dp|AddSub:addsub_unit|Add0~66                                                                                                                  ; 2       ;
; Datapath:dp|AddSub:addsub_unit|Add0~64                                                                                                                  ; 2       ;
; Datapath:dp|AddSub:addsub_unit|Add0~62                                                                                                                  ; 2       ;
; Datapath:dp|AddSub:addsub_unit|Add0~60                                                                                                                  ; 2       ;
; Datapath:dp|AddSub:addsub_unit|Add0~58                                                                                                                  ; 2       ;
; Datapath:dp|Mul:mult_unit|lpm_mult:Mult0|mult_17t:auto_generated|alt_mac_mult:mac_mult1|mac_mult_jah1:auto_generated|mult_dho:mult1|le3a[8]             ; 1       ;
; Datapath:dp|Mul:mult_unit|lpm_mult:Mult0|mult_17t:auto_generated|alt_mac_mult:mac_mult1|mac_mult_jah1:auto_generated|mult_dho:mult1|le3a[4]             ; 1       ;
; Datapath:dp|Mul:mult_unit|lpm_mult:Mult0|mult_17t:auto_generated|alt_mac_mult:mac_mult1|mac_mult_jah1:auto_generated|mult_dho:mult1|le3a[7]             ; 1       ;
; Datapath:dp|Mul:mult_unit|lpm_mult:Mult0|mult_17t:auto_generated|alt_mac_mult:mac_mult1|mac_mult_jah1:auto_generated|mult_dho:mult1|le7a[4]             ; 1       ;
; Datapath:dp|Mul:mult_unit|lpm_mult:Mult0|mult_17t:auto_generated|alt_mac_mult:mac_mult1|mac_mult_jah1:auto_generated|mult_dho:mult1|le6a[4]             ; 1       ;
; Datapath:dp|Mul:mult_unit|lpm_mult:Mult0|mult_17t:auto_generated|alt_mac_mult:mac_mult1|mac_mult_jah1:auto_generated|mult_dho:mult1|le8a[4]             ; 1       ;
; pc[0]~12                                                                                                                                                ; 1       ;
; pipe_state.DECODE~0                                                                                                                                     ; 1       ;
; ControlUnit:cu|next_state.CMAG2_1~4                                                                                                                     ; 1       ;
; ControlUnit:cu|next_state.CONJ1~5                                                                                                                       ; 1       ;
; Datapath:dp|AddSub:addsub_unit|Add0~93                                                                                                                  ; 1       ;
; Datapath:dp|AddSub:addsub_unit|Add0~92                                                                                                                  ; 1       ;
; Datapath:dp|AddSub:addsub_unit|Add0~91                                                                                                                  ; 1       ;
; Datapath:dp|AddSub:addsub_unit|Add0~90                                                                                                                  ; 1       ;
; Selector5~0                                                                                                                                             ; 1       ;
; Datapath:dp|Mul:mult_unit|lpm_mult:Mult0|mult_17t:auto_generated|alt_mac_mult:mac_mult1|mac_mult_jah1:auto_generated|mult_dho:mult1|le3a[0]             ; 1       ;
; Datapath:dp|Mul:mult_unit|lpm_mult:Mult0|mult_17t:auto_generated|alt_mac_mult:mac_mult1|mac_mult_jah1:auto_generated|mult_dho:mult1|le3a[1]             ; 1       ;
; Datapath:dp|Mul:mult_unit|lpm_mult:Mult0|mult_17t:auto_generated|alt_mac_mult:mac_mult1|mac_mult_jah1:auto_generated|mult_dho:mult1|le3a[2]             ; 1       ;
; Datapath:dp|Mul:mult_unit|lpm_mult:Mult0|mult_17t:auto_generated|alt_mac_mult:mac_mult1|mac_mult_jah1:auto_generated|mult_dho:mult1|le3a[3]             ; 1       ;
; Datapath:dp|Mul:mult_unit|lpm_mult:Mult0|mult_17t:auto_generated|alt_mac_mult:mac_mult1|mac_mult_jah1:auto_generated|mult_dho:mult1|le3a[5]             ; 1       ;
; Datapath:dp|Mul:mult_unit|lpm_mult:Mult0|mult_17t:auto_generated|alt_mac_mult:mac_mult1|mac_mult_jah1:auto_generated|mult_dho:mult1|le3a[6]             ; 1       ;
; memory~24                                                                                                                                               ; 1       ;
; memory~23                                                                                                                                               ; 1       ;
; memory~22                                                                                                                                               ; 1       ;
; memory~21                                                                                                                                               ; 1       ;
; memory~20                                                                                                                                               ; 1       ;
; memory~19                                                                                                                                               ; 1       ;
; memory~18                                                                                                                                               ; 1       ;
; memory~17                                                                                                                                               ; 1       ;
; memory~16                                                                                                                                               ; 1       ;
; memory~15                                                                                                                                               ; 1       ;
; memory~14                                                                                                                                               ; 1       ;
; memory~13                                                                                                                                               ; 1       ;
; memory~12                                                                                                                                               ; 1       ;
; memory~11                                                                                                                                               ; 1       ;
; memory~10                                                                                                                                               ; 1       ;
; memory~9                                                                                                                                                ; 1       ;
; memory~8                                                                                                                                                ; 1       ;
; memory~7                                                                                                                                                ; 1       ;
; memory~6                                                                                                                                                ; 1       ;
; memory~5                                                                                                                                                ; 1       ;
; memory~4                                                                                                                                                ; 1       ;
; memory~3                                                                                                                                                ; 1       ;
; memory~2                                                                                                                                                ; 1       ;
; memory~0                                                                                                                                                ; 1       ;
; ControlUnit:cu|Selector0~1                                                                                                                              ; 1       ;
; ControlUnit:cu|Selector0~0                                                                                                                              ; 1       ;
; Selector10~0                                                                                                                                            ; 1       ;
; Selector7~1                                                                                                                                             ; 1       ;
; Selector9~2                                                                                                                                             ; 1       ;
; Selector9~1                                                                                                                                             ; 1       ;
; Selector9~0                                                                                                                                             ; 1       ;
; Datapath:dp|Mul:mult_unit|lpm_mult:Mult0|mult_17t:auto_generated|alt_mac_mult:mac_mult1|mac_mult_jah1:auto_generated|mult_dho:mult1|le6a[0]             ; 1       ;
; Datapath:dp|Mul:mult_unit|lpm_mult:Mult0|mult_17t:auto_generated|alt_mac_mult:mac_mult1|mac_mult_jah1:auto_generated|mult_dho:mult1|le6a[1]             ; 1       ;
; Datapath:dp|Mul:mult_unit|lpm_mult:Mult0|mult_17t:auto_generated|alt_mac_mult:mac_mult1|mac_mult_jah1:auto_generated|mult_dho:mult1|le7a[0]             ; 1       ;
; Datapath:dp|Mul:mult_unit|lpm_mult:Mult0|mult_17t:auto_generated|alt_mac_mult:mac_mult1|mac_mult_jah1:auto_generated|mult_dho:mult1|le7a[1]             ; 1       ;
; Datapath:dp|Mul:mult_unit|lpm_mult:Mult0|mult_17t:auto_generated|alt_mac_mult:mac_mult1|mac_mult_jah1:auto_generated|mult_dho:mult1|le6a[5]             ; 1       ;
; Datapath:dp|Mul:mult_unit|lpm_mult:Mult0|mult_17t:auto_generated|alt_mac_mult:mac_mult1|mac_mult_jah1:auto_generated|mult_dho:mult1|le8a[2]             ; 1       ;
; Datapath:dp|Mul:mult_unit|lpm_mult:Mult0|mult_17t:auto_generated|alt_mac_mult:mac_mult1|mac_mult_jah1:auto_generated|mult_dho:mult1|le8a[3]             ; 1       ;
; Datapath:dp|Mul:mult_unit|lpm_mult:Mult0|mult_17t:auto_generated|alt_mac_mult:mac_mult1|mac_mult_jah1:auto_generated|mult_dho:mult1|le7a[5]             ; 1       ;
; Datapath:dp|Mul:mult_unit|lpm_mult:Mult0|mult_17t:auto_generated|alt_mac_mult:mac_mult1|mac_mult_jah1:auto_generated|mult_dho:mult1|le7a[6]             ; 1       ;
; Datapath:dp|Mul:mult_unit|lpm_mult:Mult0|mult_17t:auto_generated|alt_mac_mult:mac_mult1|mac_mult_jah1:auto_generated|mult_dho:mult1|le8a[5]             ; 1       ;
; Datapath:dp|Mul:mult_unit|lpm_mult:Mult0|mult_17t:auto_generated|alt_mac_mult:mac_mult1|mac_mult_jah1:auto_generated|mult_dho:mult1|le7a[7]             ; 1       ;
; Datapath:dp|Mul:mult_unit|lpm_mult:Mult0|mult_17t:auto_generated|alt_mac_mult:mac_mult1|mac_mult_jah1:auto_generated|mult_dho:mult1|le7a[8]             ; 1       ;
; Datapath:dp|Mul:mult_unit|lpm_mult:Mult0|mult_17t:auto_generated|alt_mac_mult:mac_mult1|mac_mult_jah1:auto_generated|mult_dho:mult1|le5a[7]             ; 1       ;
; Datapath:dp|Mul:mult_unit|lpm_mult:Mult0|mult_17t:auto_generated|alt_mac_mult:mac_mult1|mac_mult_jah1:auto_generated|mult_dho:mult1|le5a[8]             ; 1       ;
; Datapath:dp|Mul:mult_unit|lpm_mult:Mult0|mult_17t:auto_generated|alt_mac_mult:mac_mult1|mac_mult_jah1:auto_generated|mult_dho:mult1|le6a[2]             ; 1       ;
; Datapath:dp|Mul:mult_unit|lpm_mult:Mult0|mult_17t:auto_generated|alt_mac_mult:mac_mult1|mac_mult_jah1:auto_generated|mult_dho:mult1|le6a[3]             ; 1       ;
; Datapath:dp|Mul:mult_unit|lpm_mult:Mult0|mult_17t:auto_generated|alt_mac_mult:mac_mult1|mac_mult_jah1:auto_generated|mult_dho:mult1|le8a[0]             ; 1       ;
; Datapath:dp|Mul:mult_unit|lpm_mult:Mult0|mult_17t:auto_generated|alt_mac_mult:mac_mult1|mac_mult_jah1:auto_generated|mult_dho:mult1|le7a[2]             ; 1       ;
; Datapath:dp|Mul:mult_unit|lpm_mult:Mult0|mult_17t:auto_generated|alt_mac_mult:mac_mult1|mac_mult_jah1:auto_generated|mult_dho:mult1|le8a[1]             ; 1       ;
; Datapath:dp|Mul:mult_unit|lpm_mult:Mult0|mult_17t:auto_generated|alt_mac_mult:mac_mult1|mac_mult_jah1:auto_generated|mult_dho:mult1|le7a[3]             ; 1       ;
; Datapath:dp|Mux14~3                                                                                                                                     ; 1       ;
; Datapath:dp|Mux14~2                                                                                                                                     ; 1       ;
; Datapath:dp|Mul:mult_unit|lpm_mult:Mult0|mult_17t:auto_generated|alt_mac_mult:mac_mult1|mac_mult_jah1:auto_generated|mult_dho:mult1|le5a[0]             ; 1       ;
; Datapath:dp|Mul:mult_unit|lpm_mult:Mult0|mult_17t:auto_generated|alt_mac_mult:mac_mult1|mac_mult_jah1:auto_generated|mult_dho:mult1|le5a[1]             ; 1       ;
; Datapath:dp|Mul:mult_unit|lpm_mult:Mult0|mult_17t:auto_generated|alt_mac_mult:mac_mult1|mac_mult_jah1:auto_generated|mult_dho:mult1|le5a[2]             ; 1       ;
; Datapath:dp|Mul:mult_unit|lpm_mult:Mult0|mult_17t:auto_generated|alt_mac_mult:mac_mult1|mac_mult_jah1:auto_generated|mult_dho:mult1|le5a[3]             ; 1       ;
; Datapath:dp|Mul:mult_unit|lpm_mult:Mult0|mult_17t:auto_generated|alt_mac_mult:mac_mult1|mac_mult_jah1:auto_generated|mult_dho:mult1|le6a[6]             ; 1       ;
; ControlUnit:cu|next_state.CMUL1~0                                                                                                                       ; 1       ;
; Datapath:dp|Mul:mult_unit|lpm_mult:Mult0|mult_17t:auto_generated|alt_mac_mult:mac_mult1|mac_mult_jah1:auto_generated|mult_dho:mult1|le6a[7]             ; 1       ;
; Datapath:dp|Mul:mult_unit|lpm_mult:Mult0|mult_17t:auto_generated|alt_mac_mult:mac_mult1|mac_mult_jah1:auto_generated|mult_dho:mult1|le6a[8]             ; 1       ;
; Datapath:dp|Mux15~0                                                                                                                                     ; 1       ;
; Datapath:dp|Mul:mult_unit|lpm_mult:Mult0|mult_17t:auto_generated|alt_mac_mult:mac_mult1|mac_mult_jah1:auto_generated|mult_dho:mult1|le5a[4]             ; 1       ;
; Datapath:dp|Mul:mult_unit|lpm_mult:Mult0|mult_17t:auto_generated|alt_mac_mult:mac_mult1|mac_mult_jah1:auto_generated|mult_dho:mult1|le8a[6]             ; 1       ;
; Datapath:dp|Mul:mult_unit|lpm_mult:Mult0|mult_17t:auto_generated|alt_mac_mult:mac_mult1|mac_mult_jah1:auto_generated|mult_dho:mult1|le5a[5]             ; 1       ;
; Datapath:dp|Mul:mult_unit|lpm_mult:Mult0|mult_17t:auto_generated|alt_mac_mult:mac_mult1|mac_mult_jah1:auto_generated|mult_dho:mult1|le8a[7]             ; 1       ;
; Datapath:dp|Mul:mult_unit|lpm_mult:Mult0|mult_17t:auto_generated|alt_mac_mult:mac_mult1|mac_mult_jah1:auto_generated|mult_dho:mult1|le5a[6]             ; 1       ;
; Datapath:dp|Mul:mult_unit|lpm_mult:Mult0|mult_17t:auto_generated|alt_mac_mult:mac_mult1|mac_mult_jah1:auto_generated|mult_dho:mult1|le8a[8]             ; 1       ;
; ir[0]                                                                                                                                                   ; 1       ;
; ir[24]                                                                                                                                                  ; 1       ;
; ir[16]                                                                                                                                                  ; 1       ;
; ir[17]                                                                                                                                                  ; 1       ;
; ir[25]                                                                                                                                                  ; 1       ;
; ir[18]                                                                                                                                                  ; 1       ;
; ir[10]                                                                                                                                                  ; 1       ;
; ir[21]                                                                                                                                                  ; 1       ;
; ir[12]                                                                                                                                                  ; 1       ;
; ControlUnit:cu|next_state.CADD1~0                                                                                                                       ; 1       ;
; ir[27]                                                                                                                                                  ; 1       ;
; ControlUnit:cu|next_state.CSUB1~0                                                                                                                       ; 1       ;
; Datapath:dp|out_imag~16                                                                                                                                 ; 1       ;
; Datapath:dp|out_imag~15                                                                                                                                 ; 1       ;
; Datapath:dp|out_imag~14                                                                                                                                 ; 1       ;
; Datapath:dp|out_imag~13                                                                                                                                 ; 1       ;
; Datapath:dp|out_imag~12                                                                                                                                 ; 1       ;
; Datapath:dp|out_imag~11                                                                                                                                 ; 1       ;
; Datapath:dp|out_imag~10                                                                                                                                 ; 1       ;
; Datapath:dp|out_imag~9                                                                                                                                  ; 1       ;
; Datapath:dp|out_imag~8                                                                                                                                  ; 1       ;
; Datapath:dp|out_imag~7                                                                                                                                  ; 1       ;
; Datapath:dp|out_imag~6                                                                                                                                  ; 1       ;
; Datapath:dp|out_imag~5                                                                                                                                  ; 1       ;
; Datapath:dp|out_imag~4                                                                                                                                  ; 1       ;
; Datapath:dp|out_imag~3                                                                                                                                  ; 1       ;
; Datapath:dp|out_imag~2                                                                                                                                  ; 1       ;
; Datapath:dp|out_imag~0                                                                                                                                  ; 1       ;
; Datapath:dp|out_real~15                                                                                                                                 ; 1       ;
; Datapath:dp|out_real~14                                                                                                                                 ; 1       ;
; Datapath:dp|out_real~13                                                                                                                                 ; 1       ;
; Datapath:dp|out_real~12                                                                                                                                 ; 1       ;
; Datapath:dp|out_real~11                                                                                                                                 ; 1       ;
; Datapath:dp|out_real~10                                                                                                                                 ; 1       ;
; Datapath:dp|out_real~9                                                                                                                                  ; 1       ;
; Datapath:dp|out_real~8                                                                                                                                  ; 1       ;
; Datapath:dp|out_real~7                                                                                                                                  ; 1       ;
; Datapath:dp|out_real~6                                                                                                                                  ; 1       ;
; Datapath:dp|out_real~5                                                                                                                                  ; 1       ;
; Datapath:dp|out_real~4                                                                                                                                  ; 1       ;
; Datapath:dp|out_real~3                                                                                                                                  ; 1       ;
; Datapath:dp|out_real~2                                                                                                                                  ; 1       ;
; Datapath:dp|out_real~1                                                                                                                                  ; 1       ;
; Selector8~0                                                                                                                                             ; 1       ;
; ControlUnit:cu|state.CMUL7                                                                                                                              ; 1       ;
; Datapath:dp|out_real~0                                                                                                                                  ; 1       ;
; done_all~0                                                                                                                                              ; 1       ;
; Datapath:dp|Conj:conj_unit|overflow_imag~0                                                                                                              ; 1       ;
; Datapath:dp|Mux14~0                                                                                                                                     ; 1       ;
; Datapath:dp|Mux13~0                                                                                                                                     ; 1       ;
; Datapath:dp|Mux12~0                                                                                                                                     ; 1       ;
; Datapath:dp|Equal1~0                                                                                                                                    ; 1       ;
; Datapath:dp|Mag2:mag2_unit|overflow~0                                                                                                                   ; 1       ;
; Datapath:dp|AddSub:addsub_unit|overflow~0                                                                                                               ; 1       ;
; Datapath:dp|Mux31~2                                                                                                                                     ; 1       ;
; Datapath:dp|Mux31~1                                                                                                                                     ; 1       ;
; Datapath:dp|Mux31~0                                                                                                                                     ; 1       ;
; Datapath:dp|AddSub:addsub_unit|Add0~55                                                                                                                  ; 1       ;
; Datapath:dp|AddSub:addsub_unit|Add0~54                                                                                                                  ; 1       ;
; Datapath:dp|reg4[0]                                                                                                                                     ; 1       ;
; Datapath:dp|AddSub:addsub_unit|Add0~53                                                                                                                  ; 1       ;
; Datapath:dp|AddSub:addsub_unit|Add0~52                                                                                                                  ; 1       ;
; Datapath:dp|AddSub:addsub_unit|Add0~51                                                                                                                  ; 1       ;
; Datapath:dp|Mux30~2                                                                                                                                     ; 1       ;
; Datapath:dp|Mux30~1                                                                                                                                     ; 1       ;
; Datapath:dp|Mux30~0                                                                                                                                     ; 1       ;
; Datapath:dp|reg3[1]                                                                                                                                     ; 1       ;
; Datapath:dp|AddSub:addsub_unit|Add0~50                                                                                                                  ; 1       ;
; Datapath:dp|Mux46~3                                                                                                                                     ; 1       ;
; Datapath:dp|Mux46~2                                                                                                                                     ; 1       ;
; Datapath:dp|Mux46~1                                                                                                                                     ; 1       ;
; Datapath:dp|Mux46~0                                                                                                                                     ; 1       ;
; Datapath:dp|reg4[1]                                                                                                                                     ; 1       ;
; Datapath:dp|Mux29~2                                                                                                                                     ; 1       ;
; Datapath:dp|Mux29~1                                                                                                                                     ; 1       ;
; Datapath:dp|Mux29~0                                                                                                                                     ; 1       ;
; Datapath:dp|AddSub:addsub_unit|Add0~49                                                                                                                  ; 1       ;
; Datapath:dp|AddSub:addsub_unit|Add0~48                                                                                                                  ; 1       ;
; Datapath:dp|reg4[2]                                                                                                                                     ; 1       ;
; Datapath:dp|AddSub:addsub_unit|Add0~47                                                                                                                  ; 1       ;
; Datapath:dp|AddSub:addsub_unit|Add0~46                                                                                                                  ; 1       ;
; Datapath:dp|AddSub:addsub_unit|Add0~45                                                                                                                  ; 1       ;
; Datapath:dp|Mux28~2                                                                                                                                     ; 1       ;
; Datapath:dp|Mux28~1                                                                                                                                     ; 1       ;
; Datapath:dp|Mux28~0                                                                                                                                     ; 1       ;
; Datapath:dp|AddSub:addsub_unit|Add0~44                                                                                                                  ; 1       ;
; Datapath:dp|AddSub:addsub_unit|Add0~43                                                                                                                  ; 1       ;
; Datapath:dp|reg4[3]                                                                                                                                     ; 1       ;
; Datapath:dp|AddSub:addsub_unit|Add0~42                                                                                                                  ; 1       ;
; Datapath:dp|AddSub:addsub_unit|Add0~41                                                                                                                  ; 1       ;
; Datapath:dp|Mux40~4                                                                                                                                     ; 1       ;
; Datapath:dp|AddSub:addsub_unit|Add0~40                                                                                                                  ; 1       ;
; Datapath:dp|Mux27~2                                                                                                                                     ; 1       ;
; Datapath:dp|Mux27~1                                                                                                                                     ; 1       ;
; Datapath:dp|Mux27~0                                                                                                                                     ; 1       ;
; Datapath:dp|AddSub:addsub_unit|Add0~39                                                                                                                  ; 1       ;
; Datapath:dp|AddSub:addsub_unit|Add0~38                                                                                                                  ; 1       ;
; Datapath:dp|reg4[4]                                                                                                                                     ; 1       ;
; Datapath:dp|AddSub:addsub_unit|Add0~37                                                                                                                  ; 1       ;
; Datapath:dp|Mux26~2                                                                                                                                     ; 1       ;
; Datapath:dp|Mux26~1                                                                                                                                     ; 1       ;
; Datapath:dp|Mux26~0                                                                                                                                     ; 1       ;
; Datapath:dp|AddSub:addsub_unit|Add0~36                                                                                                                  ; 1       ;
; Datapath:dp|AddSub:addsub_unit|Add0~35                                                                                                                  ; 1       ;
; Datapath:dp|reg4[5]                                                                                                                                     ; 1       ;
; Datapath:dp|AddSub:addsub_unit|Add0~34                                                                                                                  ; 1       ;
; Datapath:dp|Mux25~2                                                                                                                                     ; 1       ;
; Datapath:dp|Mux25~1                                                                                                                                     ; 1       ;
; Datapath:dp|Mux25~0                                                                                                                                     ; 1       ;
; Datapath:dp|AddSub:addsub_unit|Add0~33                                                                                                                  ; 1       ;
; Datapath:dp|AddSub:addsub_unit|Add0~32                                                                                                                  ; 1       ;
; Datapath:dp|reg4[6]                                                                                                                                     ; 1       ;
; Datapath:dp|AddSub:addsub_unit|Add0~31                                                                                                                  ; 1       ;
; Datapath:dp|AddSub:addsub_unit|Add0~29                                                                                                                  ; 1       ;
; Datapath:dp|Mux24~4                                                                                                                                     ; 1       ;
; Datapath:dp|Mux24~3                                                                                                                                     ; 1       ;
; Datapath:dp|AddSub:addsub_unit|Add0~28                                                                                                                  ; 1       ;
; Datapath:dp|AddSub:addsub_unit|Add0~27                                                                                                                  ; 1       ;
; Datapath:dp|reg4[7]                                                                                                                                     ; 1       ;
; Datapath:dp|AddSub:addsub_unit|Add0~26                                                                                                                  ; 1       ;
; Datapath:dp|Mux23~1                                                                                                                                     ; 1       ;
; Datapath:dp|Mux23~0                                                                                                                                     ; 1       ;
; Datapath:dp|AddSub:addsub_unit|Add0~25                                                                                                                  ; 1       ;
; Datapath:dp|AddSub:addsub_unit|Add0~24                                                                                                                  ; 1       ;
; Datapath:dp|reg4[8]                                                                                                                                     ; 1       ;
; Datapath:dp|AddSub:addsub_unit|Add0~23                                                                                                                  ; 1       ;
; Datapath:dp|Mux22~1                                                                                                                                     ; 1       ;
; Datapath:dp|Mux22~0                                                                                                                                     ; 1       ;
; Datapath:dp|AddSub:addsub_unit|Add0~22                                                                                                                  ; 1       ;
; Datapath:dp|AddSub:addsub_unit|Add0~21                                                                                                                  ; 1       ;
; Datapath:dp|reg4[9]                                                                                                                                     ; 1       ;
; Datapath:dp|AddSub:addsub_unit|Add0~20                                                                                                                  ; 1       ;
; Datapath:dp|Mux21~1                                                                                                                                     ; 1       ;
; Datapath:dp|Mux21~0                                                                                                                                     ; 1       ;
; Datapath:dp|AddSub:addsub_unit|Add0~19                                                                                                                  ; 1       ;
; Datapath:dp|AddSub:addsub_unit|Add0~18                                                                                                                  ; 1       ;
; Datapath:dp|reg4[10]                                                                                                                                    ; 1       ;
; Datapath:dp|AddSub:addsub_unit|Add0~17                                                                                                                  ; 1       ;
; Datapath:dp|Mux20~1                                                                                                                                     ; 1       ;
; Datapath:dp|Mux20~0                                                                                                                                     ; 1       ;
; Datapath:dp|AddSub:addsub_unit|Add0~16                                                                                                                  ; 1       ;
; Datapath:dp|reg4[11]                                                                                                                                    ; 1       ;
; Datapath:dp|AddSub:addsub_unit|Add0~15                                                                                                                  ; 1       ;
; Datapath:dp|Mux19~1                                                                                                                                     ; 1       ;
; Datapath:dp|Mux19~0                                                                                                                                     ; 1       ;
; Datapath:dp|AddSub:addsub_unit|Add0~14                                                                                                                  ; 1       ;
; Datapath:dp|reg4[12]                                                                                                                                    ; 1       ;
; Datapath:dp|AddSub:addsub_unit|Add0~13                                                                                                                  ; 1       ;
; Datapath:dp|Mux18~1                                                                                                                                     ; 1       ;
; Datapath:dp|Mux18~0                                                                                                                                     ; 1       ;
; Datapath:dp|AddSub:addsub_unit|Add0~12                                                                                                                  ; 1       ;
; Datapath:dp|reg4[13]                                                                                                                                    ; 1       ;
; Datapath:dp|AddSub:addsub_unit|Add0~11                                                                                                                  ; 1       ;
; Datapath:dp|Mux17~1                                                                                                                                     ; 1       ;
; Datapath:dp|Mux17~0                                                                                                                                     ; 1       ;
; Datapath:dp|AddSub:addsub_unit|Add0~10                                                                                                                  ; 1       ;
; Datapath:dp|reg4[14]                                                                                                                                    ; 1       ;
; Datapath:dp|AddSub:addsub_unit|Add0~9                                                                                                                   ; 1       ;
; Datapath:dp|AddSub:addsub_unit|Add0~8                                                                                                                   ; 1       ;
; Datapath:dp|Mux32~0                                                                                                                                     ; 1       ;
; Datapath:dp|Mux40~2                                                                                                                                     ; 1       ;
; Datapath:dp|reg4[15]                                                                                                                                    ; 1       ;
; Datapath:dp|Mux40~0                                                                                                                                     ; 1       ;
; Datapath:dp|Mux16~0                                                                                                                                     ; 1       ;
; Datapath:dp|zero                                                                                                                                        ; 1       ;
; Datapath:dp|zero~9                                                                                                                                      ; 1       ;
; Datapath:dp|zero~8                                                                                                                                      ; 1       ;
; Datapath:dp|zero~7                                                                                                                                      ; 1       ;
; Datapath:dp|zero~6                                                                                                                                      ; 1       ;
; Datapath:dp|zero~5                                                                                                                                      ; 1       ;
; Datapath:dp|zero~4                                                                                                                                      ; 1       ;
; Datapath:dp|zero~3                                                                                                                                      ; 1       ;
; Datapath:dp|zero~2                                                                                                                                      ; 1       ;
; Datapath:dp|zero~1                                                                                                                                      ; 1       ;
; Datapath:dp|zero~0                                                                                                                                      ; 1       ;
; final_neg_imag~reg0                                                                                                                                     ; 1       ;
; final_neg_real~reg0                                                                                                                                     ; 1       ;
; final_zero~reg0                                                                                                                                         ; 1       ;
; final_out_imag[15]~reg0                                                                                                                                 ; 1       ;
; final_out_imag[14]~reg0                                                                                                                                 ; 1       ;
; final_out_imag[13]~reg0                                                                                                                                 ; 1       ;
; final_out_imag[12]~reg0                                                                                                                                 ; 1       ;
; final_out_imag[11]~reg0                                                                                                                                 ; 1       ;
; final_out_imag[10]~reg0                                                                                                                                 ; 1       ;
; final_out_imag[9]~reg0                                                                                                                                  ; 1       ;
; final_out_imag[8]~reg0                                                                                                                                  ; 1       ;
; final_out_imag[7]~reg0                                                                                                                                  ; 1       ;
; final_out_imag[6]~reg0                                                                                                                                  ; 1       ;
; final_out_imag[5]~reg0                                                                                                                                  ; 1       ;
; final_out_imag[4]~reg0                                                                                                                                  ; 1       ;
; final_out_imag[3]~reg0                                                                                                                                  ; 1       ;
; final_out_imag[2]~reg0                                                                                                                                  ; 1       ;
; final_out_imag[1]~reg0                                                                                                                                  ; 1       ;
; final_out_imag[0]~reg0                                                                                                                                  ; 1       ;
; final_out_real[15]~reg0                                                                                                                                 ; 1       ;
; final_out_real[14]~reg0                                                                                                                                 ; 1       ;
; final_out_real[13]~reg0                                                                                                                                 ; 1       ;
; final_out_real[12]~reg0                                                                                                                                 ; 1       ;
; final_out_real[11]~reg0                                                                                                                                 ; 1       ;
; final_out_real[10]~reg0                                                                                                                                 ; 1       ;
; final_out_real[9]~reg0                                                                                                                                  ; 1       ;
; final_out_real[8]~reg0                                                                                                                                  ; 1       ;
; final_out_real[7]~reg0                                                                                                                                  ; 1       ;
; final_out_real[6]~reg0                                                                                                                                  ; 1       ;
; final_out_real[5]~reg0                                                                                                                                  ; 1       ;
; final_out_real[4]~reg0                                                                                                                                  ; 1       ;
; final_out_real[3]~reg0                                                                                                                                  ; 1       ;
; final_out_real[2]~reg0                                                                                                                                  ; 1       ;
; final_out_real[1]~reg0                                                                                                                                  ; 1       ;
; final_out_real[0]~reg0                                                                                                                                  ; 1       ;
; pc[4]~10                                                                                                                                                ; 1       ;
; pc[3]~9                                                                                                                                                 ; 1       ;
; pc[3]~8                                                                                                                                                 ; 1       ;
; pc[2]~7                                                                                                                                                 ; 1       ;
; pc[2]~6                                                                                                                                                 ; 1       ;
; pc[1]~5                                                                                                                                                 ; 1       ;
; pc[1]~4                                                                                                                                                 ; 1       ;
; ir[8]                                                                                                                                                   ; 1       ;
; ir[2]                                                                                                                                                   ; 1       ;
; ir[26]                                                                                                                                                  ; 1       ;
; ir[11]                                                                                                                                                  ; 1       ;
; ir[13]                                                                                                                                                  ; 1       ;
; ir[29]                                                                                                                                                  ; 1       ;
; ir[19]                                                                                                                                                  ; 1       ;
; Datapath:dp|Mul:mult_unit|lpm_mult:Mult0|mult_17t:auto_generated|alt_mac_mult:mac_mult1|mac_mult_jah1:auto_generated|mult_dho:mult1|add9_result[14]~29  ; 1       ;
; Datapath:dp|Mul:mult_unit|lpm_mult:Mult0|mult_17t:auto_generated|alt_mac_mult:mac_mult1|mac_mult_jah1:auto_generated|mult_dho:mult1|add9_result[13]~27  ; 1       ;
; Datapath:dp|Mul:mult_unit|lpm_mult:Mult0|mult_17t:auto_generated|alt_mac_mult:mac_mult1|mac_mult_jah1:auto_generated|mult_dho:mult1|add9_result[12]~25  ; 1       ;
; Datapath:dp|Mul:mult_unit|lpm_mult:Mult0|mult_17t:auto_generated|alt_mac_mult:mac_mult1|mac_mult_jah1:auto_generated|mult_dho:mult1|add9_result[11]~23  ; 1       ;
; Datapath:dp|Mul:mult_unit|lpm_mult:Mult0|mult_17t:auto_generated|alt_mac_mult:mac_mult1|mac_mult_jah1:auto_generated|mult_dho:mult1|add9_result[10]~21  ; 1       ;
; Datapath:dp|Mul:mult_unit|lpm_mult:Mult0|mult_17t:auto_generated|alt_mac_mult:mac_mult1|mac_mult_jah1:auto_generated|mult_dho:mult1|add9_result[9]~19   ; 1       ;
; Datapath:dp|Mul:mult_unit|lpm_mult:Mult0|mult_17t:auto_generated|alt_mac_mult:mac_mult1|mac_mult_jah1:auto_generated|mult_dho:mult1|add9_result[8]~17   ; 1       ;
; Datapath:dp|Mul:mult_unit|lpm_mult:Mult0|mult_17t:auto_generated|alt_mac_mult:mac_mult1|mac_mult_jah1:auto_generated|mult_dho:mult1|add9_result[7]~15   ; 1       ;
; Datapath:dp|Mul:mult_unit|lpm_mult:Mult0|mult_17t:auto_generated|alt_mac_mult:mac_mult1|mac_mult_jah1:auto_generated|mult_dho:mult1|add9_result[6]~13   ; 1       ;
; Datapath:dp|Mul:mult_unit|lpm_mult:Mult0|mult_17t:auto_generated|alt_mac_mult:mac_mult1|mac_mult_jah1:auto_generated|mult_dho:mult1|add9_result[5]~11   ; 1       ;
; Datapath:dp|Mul:mult_unit|lpm_mult:Mult0|mult_17t:auto_generated|alt_mac_mult:mac_mult1|mac_mult_jah1:auto_generated|mult_dho:mult1|add9_result[4]~9    ; 1       ;
; Datapath:dp|Mul:mult_unit|lpm_mult:Mult0|mult_17t:auto_generated|alt_mac_mult:mac_mult1|mac_mult_jah1:auto_generated|mult_dho:mult1|add9_result[3]~7    ; 1       ;
; Datapath:dp|Mul:mult_unit|lpm_mult:Mult0|mult_17t:auto_generated|alt_mac_mult:mac_mult1|mac_mult_jah1:auto_generated|mult_dho:mult1|add9_result[2]~5    ; 1       ;
; Datapath:dp|Mul:mult_unit|lpm_mult:Mult0|mult_17t:auto_generated|alt_mac_mult:mac_mult1|mac_mult_jah1:auto_generated|mult_dho:mult1|add9_result[1]~3    ; 1       ;
; Datapath:dp|Mul:mult_unit|lpm_mult:Mult0|mult_17t:auto_generated|alt_mac_mult:mac_mult1|mac_mult_jah1:auto_generated|mult_dho:mult1|add9_result[0]~1    ; 1       ;
; Datapath:dp|Mul:mult_unit|lpm_mult:Mult0|mult_17t:auto_generated|alt_mac_mult:mac_mult1|mac_mult_jah1:auto_generated|mult_dho:mult1|add17_result[8]~16  ; 1       ;
; Datapath:dp|Mul:mult_unit|lpm_mult:Mult0|mult_17t:auto_generated|alt_mac_mult:mac_mult1|mac_mult_jah1:auto_generated|mult_dho:mult1|add17_result[7]~15  ; 1       ;
; Datapath:dp|Mul:mult_unit|lpm_mult:Mult0|mult_17t:auto_generated|alt_mac_mult:mac_mult1|mac_mult_jah1:auto_generated|mult_dho:mult1|add17_result[7]~14  ; 1       ;
; Datapath:dp|Mul:mult_unit|lpm_mult:Mult0|mult_17t:auto_generated|alt_mac_mult:mac_mult1|mac_mult_jah1:auto_generated|mult_dho:mult1|add17_result[6]~13  ; 1       ;
; Datapath:dp|Mul:mult_unit|lpm_mult:Mult0|mult_17t:auto_generated|alt_mac_mult:mac_mult1|mac_mult_jah1:auto_generated|mult_dho:mult1|add17_result[6]~12  ; 1       ;
; Datapath:dp|Mul:mult_unit|lpm_mult:Mult0|mult_17t:auto_generated|alt_mac_mult:mac_mult1|mac_mult_jah1:auto_generated|mult_dho:mult1|add17_result[5]~11  ; 1       ;
; Datapath:dp|Mul:mult_unit|lpm_mult:Mult0|mult_17t:auto_generated|alt_mac_mult:mac_mult1|mac_mult_jah1:auto_generated|mult_dho:mult1|add17_result[5]~10  ; 1       ;
; Datapath:dp|Mul:mult_unit|lpm_mult:Mult0|mult_17t:auto_generated|alt_mac_mult:mac_mult1|mac_mult_jah1:auto_generated|mult_dho:mult1|add17_result[4]~9   ; 1       ;
; Datapath:dp|Mul:mult_unit|lpm_mult:Mult0|mult_17t:auto_generated|alt_mac_mult:mac_mult1|mac_mult_jah1:auto_generated|mult_dho:mult1|add17_result[4]~8   ; 1       ;
; Datapath:dp|Mul:mult_unit|lpm_mult:Mult0|mult_17t:auto_generated|alt_mac_mult:mac_mult1|mac_mult_jah1:auto_generated|mult_dho:mult1|add17_result[3]~7   ; 1       ;
; Datapath:dp|Mul:mult_unit|lpm_mult:Mult0|mult_17t:auto_generated|alt_mac_mult:mac_mult1|mac_mult_jah1:auto_generated|mult_dho:mult1|add17_result[3]~6   ; 1       ;
; Datapath:dp|Mul:mult_unit|lpm_mult:Mult0|mult_17t:auto_generated|alt_mac_mult:mac_mult1|mac_mult_jah1:auto_generated|mult_dho:mult1|add17_result[2]~5   ; 1       ;
; Datapath:dp|Mul:mult_unit|lpm_mult:Mult0|mult_17t:auto_generated|alt_mac_mult:mac_mult1|mac_mult_jah1:auto_generated|mult_dho:mult1|add17_result[2]~4   ; 1       ;
; Datapath:dp|Mul:mult_unit|lpm_mult:Mult0|mult_17t:auto_generated|alt_mac_mult:mac_mult1|mac_mult_jah1:auto_generated|mult_dho:mult1|add17_result[1]~3   ; 1       ;
; Datapath:dp|Mul:mult_unit|lpm_mult:Mult0|mult_17t:auto_generated|alt_mac_mult:mac_mult1|mac_mult_jah1:auto_generated|mult_dho:mult1|add17_result[1]~2   ; 1       ;
; Datapath:dp|Mul:mult_unit|lpm_mult:Mult0|mult_17t:auto_generated|alt_mac_mult:mac_mult1|mac_mult_jah1:auto_generated|mult_dho:mult1|add17_result[0]~1   ; 1       ;
; Datapath:dp|Mul:mult_unit|lpm_mult:Mult0|mult_17t:auto_generated|alt_mac_mult:mac_mult1|mac_mult_jah1:auto_generated|mult_dho:mult1|add17_result[0]~0   ; 1       ;
; Datapath:dp|Mul:mult_unit|lpm_mult:Mult0|mult_17t:auto_generated|alt_mac_mult:mac_mult1|mac_mult_jah1:auto_generated|mult_dho:mult1|add21_result[4]~8   ; 1       ;
; Datapath:dp|Mul:mult_unit|lpm_mult:Mult0|mult_17t:auto_generated|alt_mac_mult:mac_mult1|mac_mult_jah1:auto_generated|mult_dho:mult1|add13_result[12]~24 ; 1       ;
; Datapath:dp|Mul:mult_unit|lpm_mult:Mult0|mult_17t:auto_generated|alt_mac_mult:mac_mult1|mac_mult_jah1:auto_generated|mult_dho:mult1|add13_result[11]~23 ; 1       ;
; Datapath:dp|Mul:mult_unit|lpm_mult:Mult0|mult_17t:auto_generated|alt_mac_mult:mac_mult1|mac_mult_jah1:auto_generated|mult_dho:mult1|add13_result[11]~22 ; 1       ;
; Datapath:dp|Mul:mult_unit|lpm_mult:Mult0|mult_17t:auto_generated|alt_mac_mult:mac_mult1|mac_mult_jah1:auto_generated|mult_dho:mult1|add13_result[10]~21 ; 1       ;
; Datapath:dp|Mul:mult_unit|lpm_mult:Mult0|mult_17t:auto_generated|alt_mac_mult:mac_mult1|mac_mult_jah1:auto_generated|mult_dho:mult1|add13_result[10]~20 ; 1       ;
; Datapath:dp|Mul:mult_unit|lpm_mult:Mult0|mult_17t:auto_generated|alt_mac_mult:mac_mult1|mac_mult_jah1:auto_generated|mult_dho:mult1|add13_result[9]~19  ; 1       ;
; Datapath:dp|Mul:mult_unit|lpm_mult:Mult0|mult_17t:auto_generated|alt_mac_mult:mac_mult1|mac_mult_jah1:auto_generated|mult_dho:mult1|add13_result[9]~18  ; 1       ;
; Datapath:dp|Mul:mult_unit|lpm_mult:Mult0|mult_17t:auto_generated|alt_mac_mult:mac_mult1|mac_mult_jah1:auto_generated|mult_dho:mult1|add13_result[8]~17  ; 1       ;
; Datapath:dp|Mul:mult_unit|lpm_mult:Mult0|mult_17t:auto_generated|alt_mac_mult:mac_mult1|mac_mult_jah1:auto_generated|mult_dho:mult1|add13_result[8]~16  ; 1       ;
; Datapath:dp|Mul:mult_unit|lpm_mult:Mult0|mult_17t:auto_generated|alt_mac_mult:mac_mult1|mac_mult_jah1:auto_generated|mult_dho:mult1|add13_result[7]~15  ; 1       ;
; Datapath:dp|Mul:mult_unit|lpm_mult:Mult0|mult_17t:auto_generated|alt_mac_mult:mac_mult1|mac_mult_jah1:auto_generated|mult_dho:mult1|add13_result[7]~14  ; 1       ;
; Datapath:dp|Mul:mult_unit|lpm_mult:Mult0|mult_17t:auto_generated|alt_mac_mult:mac_mult1|mac_mult_jah1:auto_generated|mult_dho:mult1|add13_result[6]~13  ; 1       ;
; Datapath:dp|Mul:mult_unit|lpm_mult:Mult0|mult_17t:auto_generated|alt_mac_mult:mac_mult1|mac_mult_jah1:auto_generated|mult_dho:mult1|add13_result[6]~12  ; 1       ;
; Datapath:dp|Mul:mult_unit|lpm_mult:Mult0|mult_17t:auto_generated|alt_mac_mult:mac_mult1|mac_mult_jah1:auto_generated|mult_dho:mult1|add13_result[5]~11  ; 1       ;
; Datapath:dp|Mul:mult_unit|lpm_mult:Mult0|mult_17t:auto_generated|alt_mac_mult:mac_mult1|mac_mult_jah1:auto_generated|mult_dho:mult1|add13_result[5]~10  ; 1       ;
; Datapath:dp|Mul:mult_unit|lpm_mult:Mult0|mult_17t:auto_generated|alt_mac_mult:mac_mult1|mac_mult_jah1:auto_generated|mult_dho:mult1|add13_result[4]~9   ; 1       ;
; Datapath:dp|Mul:mult_unit|lpm_mult:Mult0|mult_17t:auto_generated|alt_mac_mult:mac_mult1|mac_mult_jah1:auto_generated|mult_dho:mult1|add13_result[4]~8   ; 1       ;
; Datapath:dp|Mul:mult_unit|lpm_mult:Mult0|mult_17t:auto_generated|alt_mac_mult:mac_mult1|mac_mult_jah1:auto_generated|mult_dho:mult1|add13_result[3]~7   ; 1       ;
; Datapath:dp|Mul:mult_unit|lpm_mult:Mult0|mult_17t:auto_generated|alt_mac_mult:mac_mult1|mac_mult_jah1:auto_generated|mult_dho:mult1|add13_result[3]~6   ; 1       ;
; Datapath:dp|Mul:mult_unit|lpm_mult:Mult0|mult_17t:auto_generated|alt_mac_mult:mac_mult1|mac_mult_jah1:auto_generated|mult_dho:mult1|add13_result[2]~5   ; 1       ;
; Datapath:dp|Mul:mult_unit|lpm_mult:Mult0|mult_17t:auto_generated|alt_mac_mult:mac_mult1|mac_mult_jah1:auto_generated|mult_dho:mult1|add13_result[2]~4   ; 1       ;
; Datapath:dp|Mul:mult_unit|lpm_mult:Mult0|mult_17t:auto_generated|alt_mac_mult:mac_mult1|mac_mult_jah1:auto_generated|mult_dho:mult1|add13_result[1]~3   ; 1       ;
; Datapath:dp|Mul:mult_unit|lpm_mult:Mult0|mult_17t:auto_generated|alt_mac_mult:mac_mult1|mac_mult_jah1:auto_generated|mult_dho:mult1|add13_result[1]~2   ; 1       ;
; Datapath:dp|Mul:mult_unit|lpm_mult:Mult0|mult_17t:auto_generated|alt_mac_mult:mac_mult1|mac_mult_jah1:auto_generated|mult_dho:mult1|add13_result[0]~1   ; 1       ;
; Datapath:dp|Mul:mult_unit|lpm_mult:Mult0|mult_17t:auto_generated|alt_mac_mult:mac_mult1|mac_mult_jah1:auto_generated|mult_dho:mult1|add13_result[0]~0   ; 1       ;
; Datapath:dp|Mul:mult_unit|lpm_mult:Mult0|mult_17t:auto_generated|alt_mac_mult:mac_mult1|mac_mult_jah1:auto_generated|mult_dho:mult1|add21_result[3]~7   ; 1       ;
; Datapath:dp|Mul:mult_unit|lpm_mult:Mult0|mult_17t:auto_generated|alt_mac_mult:mac_mult1|mac_mult_jah1:auto_generated|mult_dho:mult1|add21_result[3]~6   ; 1       ;
; Datapath:dp|Mul:mult_unit|lpm_mult:Mult0|mult_17t:auto_generated|alt_mac_mult:mac_mult1|mac_mult_jah1:auto_generated|mult_dho:mult1|add21_result[2]~5   ; 1       ;
; Datapath:dp|Mul:mult_unit|lpm_mult:Mult0|mult_17t:auto_generated|alt_mac_mult:mac_mult1|mac_mult_jah1:auto_generated|mult_dho:mult1|add21_result[2]~4   ; 1       ;
; Datapath:dp|Mul:mult_unit|lpm_mult:Mult0|mult_17t:auto_generated|alt_mac_mult:mac_mult1|mac_mult_jah1:auto_generated|mult_dho:mult1|add21_result[1]~3   ; 1       ;
; Datapath:dp|Mul:mult_unit|lpm_mult:Mult0|mult_17t:auto_generated|alt_mac_mult:mac_mult1|mac_mult_jah1:auto_generated|mult_dho:mult1|add21_result[1]~2   ; 1       ;
; Datapath:dp|Mul:mult_unit|lpm_mult:Mult0|mult_17t:auto_generated|alt_mac_mult:mac_mult1|mac_mult_jah1:auto_generated|mult_dho:mult1|add21_result[0]~1   ; 1       ;
; Datapath:dp|Mul:mult_unit|lpm_mult:Mult0|mult_17t:auto_generated|alt_mac_mult:mac_mult1|mac_mult_jah1:auto_generated|mult_dho:mult1|add21_result[0]~0   ; 1       ;
; final_overflow~0                                                                                                                                        ; 1       ;
; Datapath:dp|AddSub:addsub_unit|Add0~87                                                                                                                  ; 1       ;
; Datapath:dp|AddSub:addsub_unit|Add0~85                                                                                                                  ; 1       ;
; Datapath:dp|AddSub:addsub_unit|Add0~83                                                                                                                  ; 1       ;
; Datapath:dp|AddSub:addsub_unit|Add0~81                                                                                                                  ; 1       ;
; Datapath:dp|AddSub:addsub_unit|Add0~79                                                                                                                  ; 1       ;
; Datapath:dp|AddSub:addsub_unit|Add0~77                                                                                                                  ; 1       ;
; Datapath:dp|AddSub:addsub_unit|Add0~75                                                                                                                  ; 1       ;
; Datapath:dp|AddSub:addsub_unit|Add0~73                                                                                                                  ; 1       ;
; Datapath:dp|AddSub:addsub_unit|Add0~71                                                                                                                  ; 1       ;
; Datapath:dp|AddSub:addsub_unit|Add0~69                                                                                                                  ; 1       ;
; Datapath:dp|AddSub:addsub_unit|Add0~67                                                                                                                  ; 1       ;
; Datapath:dp|AddSub:addsub_unit|Add0~65                                                                                                                  ; 1       ;
; Datapath:dp|AddSub:addsub_unit|Add0~63                                                                                                                  ; 1       ;
; Datapath:dp|AddSub:addsub_unit|Add0~61                                                                                                                  ; 1       ;
; Datapath:dp|AddSub:addsub_unit|Add0~59                                                                                                                  ; 1       ;
; Datapath:dp|AddSub:addsub_unit|Add0~57                                                                                                                  ; 1       ;
; final_overflow~reg0                                                                                                                                     ; 1       ;
+---------------------------------------------------------------------------------------------------------------------------------------------------------+---------+


+------------------------------------------------------------+
; Other Routing Usage Summary                                ;
+-----------------------------------+------------------------+
; Other Routing Resource Type       ; Usage                  ;
+-----------------------------------+------------------------+
; Block interconnects               ; 715 / 42,960 ( 2 % )   ;
; C16 interconnects                 ; 19 / 1,518 ( 1 % )     ;
; C4 interconnects                  ; 421 / 26,928 ( 2 % )   ;
; Direct links                      ; 121 / 42,960 ( < 1 % ) ;
; GXB block output buffers          ; 0 / 1,200 ( 0 % )      ;
; Global clocks                     ; 2 / 20 ( 10 % )        ;
; Interquad Reference Clock Outputs ; 0 / 1 ( 0 % )          ;
; Interquad TXRX Clocks             ; 0 / 8 ( 0 % )          ;
; Interquad TXRX PCSRX outputs      ; 0 / 4 ( 0 % )          ;
; Interquad TXRX PCSTX outputs      ; 0 / 4 ( 0 % )          ;
; Local interconnects               ; 168 / 14,400 ( 1 % )   ;
; R24 interconnects                 ; 8 / 1,710 ( < 1 % )    ;
; R4 interconnects                  ; 491 / 37,740 ( 1 % )   ;
+-----------------------------------+------------------------+


+----------------------------------------------------------------------------+
; LAB Logic Elements                                                         ;
+---------------------------------------------+------------------------------+
; Number of Logic Elements  (Average = 12.66) ; Number of LABs  (Total = 32) ;
+---------------------------------------------+------------------------------+
; 1                                           ; 4                            ;
; 2                                           ; 0                            ;
; 3                                           ; 0                            ;
; 4                                           ; 0                            ;
; 5                                           ; 1                            ;
; 6                                           ; 1                            ;
; 7                                           ; 1                            ;
; 8                                           ; 1                            ;
; 9                                           ; 0                            ;
; 10                                          ; 0                            ;
; 11                                          ; 1                            ;
; 12                                          ; 0                            ;
; 13                                          ; 1                            ;
; 14                                          ; 0                            ;
; 15                                          ; 1                            ;
; 16                                          ; 21                           ;
+---------------------------------------------+------------------------------+


+-------------------------------------------------------------------+
; LAB-wide Signals                                                  ;
+------------------------------------+------------------------------+
; LAB-wide Signals  (Average = 2.84) ; Number of LABs  (Total = 32) ;
+------------------------------------+------------------------------+
; 1 Async. clear                     ; 28                           ;
; 1 Clock                            ; 31                           ;
; 1 Clock enable                     ; 14                           ;
; 1 Sync. clear                      ; 1                            ;
; 1 Sync. load                       ; 1                            ;
; 2 Clock enables                    ; 16                           ;
+------------------------------------+------------------------------+


+-----------------------------------------------------------------------------+
; LAB Signals Sourced                                                         ;
+----------------------------------------------+------------------------------+
; Number of Signals Sourced  (Average = 18.38) ; Number of LABs  (Total = 32) ;
+----------------------------------------------+------------------------------+
; 0                                            ; 0                            ;
; 1                                            ; 2                            ;
; 2                                            ; 2                            ;
; 3                                            ; 0                            ;
; 4                                            ; 0                            ;
; 5                                            ; 0                            ;
; 6                                            ; 1                            ;
; 7                                            ; 0                            ;
; 8                                            ; 0                            ;
; 9                                            ; 1                            ;
; 10                                           ; 1                            ;
; 11                                           ; 0                            ;
; 12                                           ; 1                            ;
; 13                                           ; 0                            ;
; 14                                           ; 0                            ;
; 15                                           ; 0                            ;
; 16                                           ; 0                            ;
; 17                                           ; 3                            ;
; 18                                           ; 2                            ;
; 19                                           ; 2                            ;
; 20                                           ; 2                            ;
; 21                                           ; 2                            ;
; 22                                           ; 4                            ;
; 23                                           ; 1                            ;
; 24                                           ; 1                            ;
; 25                                           ; 1                            ;
; 26                                           ; 1                            ;
; 27                                           ; 0                            ;
; 28                                           ; 0                            ;
; 29                                           ; 0                            ;
; 30                                           ; 4                            ;
; 31                                           ; 0                            ;
; 32                                           ; 1                            ;
+----------------------------------------------+------------------------------+


+---------------------------------------------------------------------------------+
; LAB Signals Sourced Out                                                         ;
+--------------------------------------------------+------------------------------+
; Number of Signals Sourced Out  (Average = 11.63) ; Number of LABs  (Total = 32) ;
+--------------------------------------------------+------------------------------+
; 0                                                ; 0                            ;
; 1                                                ; 4                            ;
; 2                                                ; 0                            ;
; 3                                                ; 1                            ;
; 4                                                ; 0                            ;
; 5                                                ; 1                            ;
; 6                                                ; 1                            ;
; 7                                                ; 0                            ;
; 8                                                ; 3                            ;
; 9                                                ; 0                            ;
; 10                                               ; 2                            ;
; 11                                               ; 5                            ;
; 12                                               ; 2                            ;
; 13                                               ; 0                            ;
; 14                                               ; 3                            ;
; 15                                               ; 1                            ;
; 16                                               ; 4                            ;
; 17                                               ; 1                            ;
; 18                                               ; 2                            ;
; 19                                               ; 0                            ;
; 20                                               ; 0                            ;
; 21                                               ; 0                            ;
; 22                                               ; 0                            ;
; 23                                               ; 0                            ;
; 24                                               ; 0                            ;
; 25                                               ; 1                            ;
; 26                                               ; 0                            ;
; 27                                               ; 0                            ;
; 28                                               ; 0                            ;
; 29                                               ; 0                            ;
; 30                                               ; 0                            ;
; 31                                               ; 0                            ;
; 32                                               ; 1                            ;
+--------------------------------------------------+------------------------------+


+-----------------------------------------------------------------------------+
; LAB Distinct Inputs                                                         ;
+----------------------------------------------+------------------------------+
; Number of Distinct Inputs  (Average = 20.41) ; Number of LABs  (Total = 32) ;
+----------------------------------------------+------------------------------+
; 0                                            ; 0                            ;
; 1                                            ; 0                            ;
; 2                                            ; 0                            ;
; 3                                            ; 2                            ;
; 4                                            ; 2                            ;
; 5                                            ; 0                            ;
; 6                                            ; 0                            ;
; 7                                            ; 1                            ;
; 8                                            ; 0                            ;
; 9                                            ; 1                            ;
; 10                                           ; 0                            ;
; 11                                           ; 1                            ;
; 12                                           ; 1                            ;
; 13                                           ; 0                            ;
; 14                                           ; 1                            ;
; 15                                           ; 2                            ;
; 16                                           ; 2                            ;
; 17                                           ; 1                            ;
; 18                                           ; 0                            ;
; 19                                           ; 2                            ;
; 20                                           ; 0                            ;
; 21                                           ; 0                            ;
; 22                                           ; 0                            ;
; 23                                           ; 1                            ;
; 24                                           ; 1                            ;
; 25                                           ; 1                            ;
; 26                                           ; 1                            ;
; 27                                           ; 1                            ;
; 28                                           ; 3                            ;
; 29                                           ; 1                            ;
; 30                                           ; 0                            ;
; 31                                           ; 0                            ;
; 32                                           ; 2                            ;
; 33                                           ; 3                            ;
; 34                                           ; 2                            ;
+----------------------------------------------+------------------------------+


+------------------------------------------+
; I/O Rules Summary                        ;
+----------------------------------+-------+
; I/O Rules Statistic              ; Total ;
+----------------------------------+-------+
; Total I/O Rules                  ; 30    ;
; Number of I/O Rules Passed       ; 9     ;
; Number of I/O Rules Failed       ; 0     ;
; Number of I/O Rules Unchecked    ; 0     ;
; Number of I/O Rules Inapplicable ; 21    ;
+----------------------------------+-------+


+-----------------------------------------------------------------------------------------------------------------------------------------------------------------------------------------------------------------------------------------------------------------------------------------------------+
; I/O Rules Details                                                                                                                                                                                                                                                                                   ;
+--------------+-----------+-----------------------------------+------------------------------------------------------------------------------------------------------+----------+--------------------------------------------------------------------------+---------------------+-------------------+
; Status       ; ID        ; Category                          ; Rule Description                                                                                     ; Severity ; Information                                                              ; Area                ; Extra Information ;
+--------------+-----------+-----------------------------------+------------------------------------------------------------------------------------------------------+----------+--------------------------------------------------------------------------+---------------------+-------------------+
; Inapplicable ; IO_000001 ; Capacity Checks                   ; Number of pins in an I/O bank should not exceed the number of locations available.                   ; Critical ; No Location assignments found.                                           ; I/O                 ;                   ;
; Inapplicable ; IO_000002 ; Capacity Checks                   ; Number of clocks in an I/O bank should not exceed the number of clocks available.                    ; Critical ; No Global Signal assignments found.                                      ; I/O                 ;                   ;
; Inapplicable ; IO_000003 ; Capacity Checks                   ; Number of pins in a Vrefgroup should not exceed the number of locations available.                   ; Critical ; No Location assignments found.                                           ; I/O                 ;                   ;
; Inapplicable ; IO_000004 ; Voltage Compatibility Checks      ; The I/O bank should support the requested VCCIO.                                                     ; Critical ; No IOBANK_VCCIO assignments found.                                       ; I/O                 ;                   ;
; Inapplicable ; IO_000005 ; Voltage Compatibility Checks      ; The I/O bank should not have competing VREF values.                                                  ; Critical ; No VREF I/O Standard assignments found.                                  ; I/O                 ;                   ;
; Pass         ; IO_000006 ; Voltage Compatibility Checks      ; The I/O bank should not have competing VCCIO values.                                                 ; Critical ; 0 such failures found.                                                   ; I/O                 ;                   ;
; Inapplicable ; IO_000007 ; Valid Location Checks             ; Checks for unavailable locations.                                                                    ; Critical ; No Location assignments found.                                           ; I/O                 ;                   ;
; Inapplicable ; IO_000008 ; Valid Location Checks             ; Checks for reserved locations.                                                                       ; Critical ; No reserved LogicLock region found.                                      ; I/O                 ;                   ;
; Pass         ; IO_000009 ; I/O Properties Checks for One I/O ; The location should support the requested I/O standard.                                              ; Critical ; 0 such failures found.                                                   ; I/O                 ;                   ;
; Pass         ; IO_000010 ; I/O Properties Checks for One I/O ; The location should support the requested I/O direction.                                             ; Critical ; 0 such failures found.                                                   ; I/O                 ;                   ;
; Inapplicable ; IO_000011 ; I/O Properties Checks for One I/O ; The location should support the requested Current Strength.                                          ; Critical ; No Current Strength assignments found.                                   ; I/O                 ;                   ;
; Pass         ; IO_000012 ; I/O Properties Checks for One I/O ; The location should support the requested On Chip Termination value.                                 ; Critical ; 0 such failures found.                                                   ; I/O                 ;                   ;
; Inapplicable ; IO_000013 ; I/O Properties Checks for One I/O ; The location should support the requested Bus Hold value.                                            ; Critical ; No Enable Bus-Hold Circuitry assignments found.                          ; I/O                 ;                   ;
; Inapplicable ; IO_000014 ; I/O Properties Checks for One I/O ; The location should support the requested Weak Pull Up value.                                        ; Critical ; No Weak Pull-Up Resistor assignments found.                              ; I/O                 ;                   ;
; Pass         ; IO_000015 ; I/O Properties Checks for One I/O ; The location should support the requested PCI Clamp Diode.                                           ; Critical ; 0 such failures found.                                                   ; I/O                 ;                   ;
; Inapplicable ; IO_000018 ; I/O Properties Checks for One I/O ; The I/O standard should support the requested Current Strength.                                      ; Critical ; No Current Strength assignments found.                                   ; I/O                 ;                   ;
; Pass         ; IO_000019 ; I/O Properties Checks for One I/O ; The I/O standard should support the requested On Chip Termination value.                             ; Critical ; 0 such failures found.                                                   ; I/O                 ;                   ;
; Pass         ; IO_000020 ; I/O Properties Checks for One I/O ; The I/O standard should support the requested PCI Clamp Diode.                                       ; Critical ; 0 such failures found.                                                   ; I/O                 ;                   ;
; Inapplicable ; IO_000021 ; I/O Properties Checks for One I/O ; The I/O standard should support the requested Weak Pull Up value.                                    ; Critical ; No Weak Pull-Up Resistor assignments found.                              ; I/O                 ;                   ;
; Inapplicable ; IO_000022 ; I/O Properties Checks for One I/O ; The I/O standard should support the requested Bus Hold value.                                        ; Critical ; No Enable Bus-Hold Circuitry assignments found.                          ; I/O                 ;                   ;
; Inapplicable ; IO_000023 ; I/O Properties Checks for One I/O ; The I/O standard should support the Open Drain value.                                                ; Critical ; No open drain assignments found.                                         ; I/O                 ;                   ;
; Pass         ; IO_000024 ; I/O Properties Checks for One I/O ; The I/O direction should support the On Chip Termination value.                                      ; Critical ; 0 such failures found.                                                   ; I/O                 ;                   ;
; Inapplicable ; IO_000026 ; I/O Properties Checks for One I/O ; On Chip Termination and Current Strength should not be used at the same time.                        ; Critical ; No Current Strength assignments found.                                   ; I/O                 ;                   ;
; Inapplicable ; IO_000027 ; I/O Properties Checks for One I/O ; Weak Pull Up and Bus Hold should not be used at the same time.                                       ; Critical ; No Enable Bus-Hold Circuitry or Weak Pull-Up Resistor assignments found. ; I/O                 ;                   ;
; Inapplicable ; IO_000045 ; I/O Properties Checks for One I/O ; The I/O standard should support the requested Slew Rate value.                                       ; Critical ; No Slew Rate assignments found.                                          ; I/O                 ;                   ;
; Inapplicable ; IO_000046 ; I/O Properties Checks for One I/O ; The location should support the requested Slew Rate value.                                           ; Critical ; No Slew Rate assignments found.                                          ; I/O                 ;                   ;
; Inapplicable ; IO_000047 ; I/O Properties Checks for One I/O ; On Chip Termination and Slew Rate should not be used at the same time.                               ; Critical ; No Slew Rate assignments found.                                          ; I/O                 ;                   ;
; Pass         ; IO_000033 ; Electromigration Checks           ; Current density for consecutive I/Os should not exceed 240mA for row I/Os and 240mA for column I/Os. ; Critical ; 0 such failures found.                                                   ; I/O                 ;                   ;
; Inapplicable ; IO_000034 ; SI Related Distance Checks        ; Single-ended outputs should be 5 LAB row(s) away from a differential I/O.                            ; High     ; No Differential I/O Standard assignments found.                          ; I/O                 ;                   ;
; Inapplicable ; IO_000042 ; SI Related SSO Limit Checks       ; No more than 20 outputs are allowed in a VREF group when VREF is being read from.                    ; High     ; No VREF I/O Standard assignments found.                                  ; I/O                 ;                   ;
; ----         ; ----      ; Disclaimer                        ; OCT rules are checked but not reported.                                                              ; None     ; ----                                                                     ; On Chip Termination ;                   ;
+--------------+-----------+-----------------------------------+------------------------------------------------------------------------------------------------------+----------+--------------------------------------------------------------------------+---------------------+-------------------+


+--------------------------------------------------------------------------------------------------------------------------------------------------------------------------------------------------------------------------------------------------------------------------------------------------------------------------------------------------------------------------------------------------------------------------------------------------------------------------+
; I/O Rules Matrix                                                                                                                                                                                                                                                                                                                                                                                                                                                         ;
+--------------------+--------------+--------------+--------------+--------------+--------------+-----------+--------------+--------------+-----------+-----------+--------------+--------------+--------------+--------------+--------------+--------------+--------------+--------------+--------------+--------------+--------------+--------------+--------------+--------------+--------------+--------------+--------------+-----------+--------------+--------------+
; Pin/Rules          ; IO_000001    ; IO_000002    ; IO_000003    ; IO_000004    ; IO_000005    ; IO_000006 ; IO_000007    ; IO_000008    ; IO_000009 ; IO_000010 ; IO_000011    ; IO_000012    ; IO_000013    ; IO_000014    ; IO_000015    ; IO_000018    ; IO_000019    ; IO_000020    ; IO_000021    ; IO_000022    ; IO_000023    ; IO_000024    ; IO_000026    ; IO_000027    ; IO_000045    ; IO_000046    ; IO_000047    ; IO_000033 ; IO_000034    ; IO_000042    ;
+--------------------+--------------+--------------+--------------+--------------+--------------+-----------+--------------+--------------+-----------+-----------+--------------+--------------+--------------+--------------+--------------+--------------+--------------+--------------+--------------+--------------+--------------+--------------+--------------+--------------+--------------+--------------+--------------+-----------+--------------+--------------+
; Total Pass         ; 0            ; 0            ; 0            ; 0            ; 0            ; 39        ; 0            ; 0            ; 39        ; 39        ; 0            ; 37           ; 0            ; 0            ; 2            ; 0            ; 37           ; 2            ; 0            ; 0            ; 0            ; 37           ; 0            ; 0            ; 0            ; 0            ; 0            ; 39        ; 0            ; 0            ;
; Total Unchecked    ; 0            ; 0            ; 0            ; 0            ; 0            ; 0         ; 0            ; 0            ; 0         ; 0         ; 0            ; 0            ; 0            ; 0            ; 0            ; 0            ; 0            ; 0            ; 0            ; 0            ; 0            ; 0            ; 0            ; 0            ; 0            ; 0            ; 0            ; 0         ; 0            ; 0            ;
; Total Inapplicable ; 39           ; 39           ; 39           ; 39           ; 39           ; 0         ; 39           ; 39           ; 0         ; 0         ; 39           ; 2            ; 39           ; 39           ; 37           ; 39           ; 2            ; 37           ; 39           ; 39           ; 39           ; 2            ; 39           ; 39           ; 39           ; 39           ; 39           ; 0         ; 39           ; 39           ;
; Total Fail         ; 0            ; 0            ; 0            ; 0            ; 0            ; 0         ; 0            ; 0            ; 0         ; 0         ; 0            ; 0            ; 0            ; 0            ; 0            ; 0            ; 0            ; 0            ; 0            ; 0            ; 0            ; 0            ; 0            ; 0            ; 0            ; 0            ; 0            ; 0         ; 0            ; 0            ;
; final_out_real[0]  ; Inapplicable ; Inapplicable ; Inapplicable ; Inapplicable ; Inapplicable ; Pass      ; Inapplicable ; Inapplicable ; Pass      ; Pass      ; Inapplicable ; Pass         ; Inapplicable ; Inapplicable ; Inapplicable ; Inapplicable ; Pass         ; Inapplicable ; Inapplicable ; Inapplicable ; Inapplicable ; Pass         ; Inapplicable ; Inapplicable ; Inapplicable ; Inapplicable ; Inapplicable ; Pass      ; Inapplicable ; Inapplicable ;
; final_out_real[1]  ; Inapplicable ; Inapplicable ; Inapplicable ; Inapplicable ; Inapplicable ; Pass      ; Inapplicable ; Inapplicable ; Pass      ; Pass      ; Inapplicable ; Pass         ; Inapplicable ; Inapplicable ; Inapplicable ; Inapplicable ; Pass         ; Inapplicable ; Inapplicable ; Inapplicable ; Inapplicable ; Pass         ; Inapplicable ; Inapplicable ; Inapplicable ; Inapplicable ; Inapplicable ; Pass      ; Inapplicable ; Inapplicable ;
; final_out_real[2]  ; Inapplicable ; Inapplicable ; Inapplicable ; Inapplicable ; Inapplicable ; Pass      ; Inapplicable ; Inapplicable ; Pass      ; Pass      ; Inapplicable ; Pass         ; Inapplicable ; Inapplicable ; Inapplicable ; Inapplicable ; Pass         ; Inapplicable ; Inapplicable ; Inapplicable ; Inapplicable ; Pass         ; Inapplicable ; Inapplicable ; Inapplicable ; Inapplicable ; Inapplicable ; Pass      ; Inapplicable ; Inapplicable ;
; final_out_real[3]  ; Inapplicable ; Inapplicable ; Inapplicable ; Inapplicable ; Inapplicable ; Pass      ; Inapplicable ; Inapplicable ; Pass      ; Pass      ; Inapplicable ; Pass         ; Inapplicable ; Inapplicable ; Inapplicable ; Inapplicable ; Pass         ; Inapplicable ; Inapplicable ; Inapplicable ; Inapplicable ; Pass         ; Inapplicable ; Inapplicable ; Inapplicable ; Inapplicable ; Inapplicable ; Pass      ; Inapplicable ; Inapplicable ;
; final_out_real[4]  ; Inapplicable ; Inapplicable ; Inapplicable ; Inapplicable ; Inapplicable ; Pass      ; Inapplicable ; Inapplicable ; Pass      ; Pass      ; Inapplicable ; Pass         ; Inapplicable ; Inapplicable ; Inapplicable ; Inapplicable ; Pass         ; Inapplicable ; Inapplicable ; Inapplicable ; Inapplicable ; Pass         ; Inapplicable ; Inapplicable ; Inapplicable ; Inapplicable ; Inapplicable ; Pass      ; Inapplicable ; Inapplicable ;
; final_out_real[5]  ; Inapplicable ; Inapplicable ; Inapplicable ; Inapplicable ; Inapplicable ; Pass      ; Inapplicable ; Inapplicable ; Pass      ; Pass      ; Inapplicable ; Pass         ; Inapplicable ; Inapplicable ; Inapplicable ; Inapplicable ; Pass         ; Inapplicable ; Inapplicable ; Inapplicable ; Inapplicable ; Pass         ; Inapplicable ; Inapplicable ; Inapplicable ; Inapplicable ; Inapplicable ; Pass      ; Inapplicable ; Inapplicable ;
; final_out_real[6]  ; Inapplicable ; Inapplicable ; Inapplicable ; Inapplicable ; Inapplicable ; Pass      ; Inapplicable ; Inapplicable ; Pass      ; Pass      ; Inapplicable ; Pass         ; Inapplicable ; Inapplicable ; Inapplicable ; Inapplicable ; Pass         ; Inapplicable ; Inapplicable ; Inapplicable ; Inapplicable ; Pass         ; Inapplicable ; Inapplicable ; Inapplicable ; Inapplicable ; Inapplicable ; Pass      ; Inapplicable ; Inapplicable ;
; final_out_real[7]  ; Inapplicable ; Inapplicable ; Inapplicable ; Inapplicable ; Inapplicable ; Pass      ; Inapplicable ; Inapplicable ; Pass      ; Pass      ; Inapplicable ; Pass         ; Inapplicable ; Inapplicable ; Inapplicable ; Inapplicable ; Pass         ; Inapplicable ; Inapplicable ; Inapplicable ; Inapplicable ; Pass         ; Inapplicable ; Inapplicable ; Inapplicable ; Inapplicable ; Inapplicable ; Pass      ; Inapplicable ; Inapplicable ;
; final_out_real[8]  ; Inapplicable ; Inapplicable ; Inapplicable ; Inapplicable ; Inapplicable ; Pass      ; Inapplicable ; Inapplicable ; Pass      ; Pass      ; Inapplicable ; Pass         ; Inapplicable ; Inapplicable ; Inapplicable ; Inapplicable ; Pass         ; Inapplicable ; Inapplicable ; Inapplicable ; Inapplicable ; Pass         ; Inapplicable ; Inapplicable ; Inapplicable ; Inapplicable ; Inapplicable ; Pass      ; Inapplicable ; Inapplicable ;
; final_out_real[9]  ; Inapplicable ; Inapplicable ; Inapplicable ; Inapplicable ; Inapplicable ; Pass      ; Inapplicable ; Inapplicable ; Pass      ; Pass      ; Inapplicable ; Pass         ; Inapplicable ; Inapplicable ; Inapplicable ; Inapplicable ; Pass         ; Inapplicable ; Inapplicable ; Inapplicable ; Inapplicable ; Pass         ; Inapplicable ; Inapplicable ; Inapplicable ; Inapplicable ; Inapplicable ; Pass      ; Inapplicable ; Inapplicable ;
; final_out_real[10] ; Inapplicable ; Inapplicable ; Inapplicable ; Inapplicable ; Inapplicable ; Pass      ; Inapplicable ; Inapplicable ; Pass      ; Pass      ; Inapplicable ; Pass         ; Inapplicable ; Inapplicable ; Inapplicable ; Inapplicable ; Pass         ; Inapplicable ; Inapplicable ; Inapplicable ; Inapplicable ; Pass         ; Inapplicable ; Inapplicable ; Inapplicable ; Inapplicable ; Inapplicable ; Pass      ; Inapplicable ; Inapplicable ;
; final_out_real[11] ; Inapplicable ; Inapplicable ; Inapplicable ; Inapplicable ; Inapplicable ; Pass      ; Inapplicable ; Inapplicable ; Pass      ; Pass      ; Inapplicable ; Pass         ; Inapplicable ; Inapplicable ; Inapplicable ; Inapplicable ; Pass         ; Inapplicable ; Inapplicable ; Inapplicable ; Inapplicable ; Pass         ; Inapplicable ; Inapplicable ; Inapplicable ; Inapplicable ; Inapplicable ; Pass      ; Inapplicable ; Inapplicable ;
; final_out_real[12] ; Inapplicable ; Inapplicable ; Inapplicable ; Inapplicable ; Inapplicable ; Pass      ; Inapplicable ; Inapplicable ; Pass      ; Pass      ; Inapplicable ; Pass         ; Inapplicable ; Inapplicable ; Inapplicable ; Inapplicable ; Pass         ; Inapplicable ; Inapplicable ; Inapplicable ; Inapplicable ; Pass         ; Inapplicable ; Inapplicable ; Inapplicable ; Inapplicable ; Inapplicable ; Pass      ; Inapplicable ; Inapplicable ;
; final_out_real[13] ; Inapplicable ; Inapplicable ; Inapplicable ; Inapplicable ; Inapplicable ; Pass      ; Inapplicable ; Inapplicable ; Pass      ; Pass      ; Inapplicable ; Pass         ; Inapplicable ; Inapplicable ; Inapplicable ; Inapplicable ; Pass         ; Inapplicable ; Inapplicable ; Inapplicable ; Inapplicable ; Pass         ; Inapplicable ; Inapplicable ; Inapplicable ; Inapplicable ; Inapplicable ; Pass      ; Inapplicable ; Inapplicable ;
; final_out_real[14] ; Inapplicable ; Inapplicable ; Inapplicable ; Inapplicable ; Inapplicable ; Pass      ; Inapplicable ; Inapplicable ; Pass      ; Pass      ; Inapplicable ; Pass         ; Inapplicable ; Inapplicable ; Inapplicable ; Inapplicable ; Pass         ; Inapplicable ; Inapplicable ; Inapplicable ; Inapplicable ; Pass         ; Inapplicable ; Inapplicable ; Inapplicable ; Inapplicable ; Inapplicable ; Pass      ; Inapplicable ; Inapplicable ;
; final_out_real[15] ; Inapplicable ; Inapplicable ; Inapplicable ; Inapplicable ; Inapplicable ; Pass      ; Inapplicable ; Inapplicable ; Pass      ; Pass      ; Inapplicable ; Pass         ; Inapplicable ; Inapplicable ; Inapplicable ; Inapplicable ; Pass         ; Inapplicable ; Inapplicable ; Inapplicable ; Inapplicable ; Pass         ; Inapplicable ; Inapplicable ; Inapplicable ; Inapplicable ; Inapplicable ; Pass      ; Inapplicable ; Inapplicable ;
; final_out_imag[0]  ; Inapplicable ; Inapplicable ; Inapplicable ; Inapplicable ; Inapplicable ; Pass      ; Inapplicable ; Inapplicable ; Pass      ; Pass      ; Inapplicable ; Pass         ; Inapplicable ; Inapplicable ; Inapplicable ; Inapplicable ; Pass         ; Inapplicable ; Inapplicable ; Inapplicable ; Inapplicable ; Pass         ; Inapplicable ; Inapplicable ; Inapplicable ; Inapplicable ; Inapplicable ; Pass      ; Inapplicable ; Inapplicable ;
; final_out_imag[1]  ; Inapplicable ; Inapplicable ; Inapplicable ; Inapplicable ; Inapplicable ; Pass      ; Inapplicable ; Inapplicable ; Pass      ; Pass      ; Inapplicable ; Pass         ; Inapplicable ; Inapplicable ; Inapplicable ; Inapplicable ; Pass         ; Inapplicable ; Inapplicable ; Inapplicable ; Inapplicable ; Pass         ; Inapplicable ; Inapplicable ; Inapplicable ; Inapplicable ; Inapplicable ; Pass      ; Inapplicable ; Inapplicable ;
; final_out_imag[2]  ; Inapplicable ; Inapplicable ; Inapplicable ; Inapplicable ; Inapplicable ; Pass      ; Inapplicable ; Inapplicable ; Pass      ; Pass      ; Inapplicable ; Pass         ; Inapplicable ; Inapplicable ; Inapplicable ; Inapplicable ; Pass         ; Inapplicable ; Inapplicable ; Inapplicable ; Inapplicable ; Pass         ; Inapplicable ; Inapplicable ; Inapplicable ; Inapplicable ; Inapplicable ; Pass      ; Inapplicable ; Inapplicable ;
; final_out_imag[3]  ; Inapplicable ; Inapplicable ; Inapplicable ; Inapplicable ; Inapplicable ; Pass      ; Inapplicable ; Inapplicable ; Pass      ; Pass      ; Inapplicable ; Pass         ; Inapplicable ; Inapplicable ; Inapplicable ; Inapplicable ; Pass         ; Inapplicable ; Inapplicable ; Inapplicable ; Inapplicable ; Pass         ; Inapplicable ; Inapplicable ; Inapplicable ; Inapplicable ; Inapplicable ; Pass      ; Inapplicable ; Inapplicable ;
; final_out_imag[4]  ; Inapplicable ; Inapplicable ; Inapplicable ; Inapplicable ; Inapplicable ; Pass      ; Inapplicable ; Inapplicable ; Pass      ; Pass      ; Inapplicable ; Pass         ; Inapplicable ; Inapplicable ; Inapplicable ; Inapplicable ; Pass         ; Inapplicable ; Inapplicable ; Inapplicable ; Inapplicable ; Pass         ; Inapplicable ; Inapplicable ; Inapplicable ; Inapplicable ; Inapplicable ; Pass      ; Inapplicable ; Inapplicable ;
; final_out_imag[5]  ; Inapplicable ; Inapplicable ; Inapplicable ; Inapplicable ; Inapplicable ; Pass      ; Inapplicable ; Inapplicable ; Pass      ; Pass      ; Inapplicable ; Pass         ; Inapplicable ; Inapplicable ; Inapplicable ; Inapplicable ; Pass         ; Inapplicable ; Inapplicable ; Inapplicable ; Inapplicable ; Pass         ; Inapplicable ; Inapplicable ; Inapplicable ; Inapplicable ; Inapplicable ; Pass      ; Inapplicable ; Inapplicable ;
; final_out_imag[6]  ; Inapplicable ; Inapplicable ; Inapplicable ; Inapplicable ; Inapplicable ; Pass      ; Inapplicable ; Inapplicable ; Pass      ; Pass      ; Inapplicable ; Pass         ; Inapplicable ; Inapplicable ; Inapplicable ; Inapplicable ; Pass         ; Inapplicable ; Inapplicable ; Inapplicable ; Inapplicable ; Pass         ; Inapplicable ; Inapplicable ; Inapplicable ; Inapplicable ; Inapplicable ; Pass      ; Inapplicable ; Inapplicable ;
; final_out_imag[7]  ; Inapplicable ; Inapplicable ; Inapplicable ; Inapplicable ; Inapplicable ; Pass      ; Inapplicable ; Inapplicable ; Pass      ; Pass      ; Inapplicable ; Pass         ; Inapplicable ; Inapplicable ; Inapplicable ; Inapplicable ; Pass         ; Inapplicable ; Inapplicable ; Inapplicable ; Inapplicable ; Pass         ; Inapplicable ; Inapplicable ; Inapplicable ; Inapplicable ; Inapplicable ; Pass      ; Inapplicable ; Inapplicable ;
; final_out_imag[8]  ; Inapplicable ; Inapplicable ; Inapplicable ; Inapplicable ; Inapplicable ; Pass      ; Inapplicable ; Inapplicable ; Pass      ; Pass      ; Inapplicable ; Pass         ; Inapplicable ; Inapplicable ; Inapplicable ; Inapplicable ; Pass         ; Inapplicable ; Inapplicable ; Inapplicable ; Inapplicable ; Pass         ; Inapplicable ; Inapplicable ; Inapplicable ; Inapplicable ; Inapplicable ; Pass      ; Inapplicable ; Inapplicable ;
; final_out_imag[9]  ; Inapplicable ; Inapplicable ; Inapplicable ; Inapplicable ; Inapplicable ; Pass      ; Inapplicable ; Inapplicable ; Pass      ; Pass      ; Inapplicable ; Pass         ; Inapplicable ; Inapplicable ; Inapplicable ; Inapplicable ; Pass         ; Inapplicable ; Inapplicable ; Inapplicable ; Inapplicable ; Pass         ; Inapplicable ; Inapplicable ; Inapplicable ; Inapplicable ; Inapplicable ; Pass      ; Inapplicable ; Inapplicable ;
; final_out_imag[10] ; Inapplicable ; Inapplicable ; Inapplicable ; Inapplicable ; Inapplicable ; Pass      ; Inapplicable ; Inapplicable ; Pass      ; Pass      ; Inapplicable ; Pass         ; Inapplicable ; Inapplicable ; Inapplicable ; Inapplicable ; Pass         ; Inapplicable ; Inapplicable ; Inapplicable ; Inapplicable ; Pass         ; Inapplicable ; Inapplicable ; Inapplicable ; Inapplicable ; Inapplicable ; Pass      ; Inapplicable ; Inapplicable ;
; final_out_imag[11] ; Inapplicable ; Inapplicable ; Inapplicable ; Inapplicable ; Inapplicable ; Pass      ; Inapplicable ; Inapplicable ; Pass      ; Pass      ; Inapplicable ; Pass         ; Inapplicable ; Inapplicable ; Inapplicable ; Inapplicable ; Pass         ; Inapplicable ; Inapplicable ; Inapplicable ; Inapplicable ; Pass         ; Inapplicable ; Inapplicable ; Inapplicable ; Inapplicable ; Inapplicable ; Pass      ; Inapplicable ; Inapplicable ;
; final_out_imag[12] ; Inapplicable ; Inapplicable ; Inapplicable ; Inapplicable ; Inapplicable ; Pass      ; Inapplicable ; Inapplicable ; Pass      ; Pass      ; Inapplicable ; Pass         ; Inapplicable ; Inapplicable ; Inapplicable ; Inapplicable ; Pass         ; Inapplicable ; Inapplicable ; Inapplicable ; Inapplicable ; Pass         ; Inapplicable ; Inapplicable ; Inapplicable ; Inapplicable ; Inapplicable ; Pass      ; Inapplicable ; Inapplicable ;
; final_out_imag[13] ; Inapplicable ; Inapplicable ; Inapplicable ; Inapplicable ; Inapplicable ; Pass      ; Inapplicable ; Inapplicable ; Pass      ; Pass      ; Inapplicable ; Pass         ; Inapplicable ; Inapplicable ; Inapplicable ; Inapplicable ; Pass         ; Inapplicable ; Inapplicable ; Inapplicable ; Inapplicable ; Pass         ; Inapplicable ; Inapplicable ; Inapplicable ; Inapplicable ; Inapplicable ; Pass      ; Inapplicable ; Inapplicable ;
; final_out_imag[14] ; Inapplicable ; Inapplicable ; Inapplicable ; Inapplicable ; Inapplicable ; Pass      ; Inapplicable ; Inapplicable ; Pass      ; Pass      ; Inapplicable ; Pass         ; Inapplicable ; Inapplicable ; Inapplicable ; Inapplicable ; Pass         ; Inapplicable ; Inapplicable ; Inapplicable ; Inapplicable ; Pass         ; Inapplicable ; Inapplicable ; Inapplicable ; Inapplicable ; Inapplicable ; Pass      ; Inapplicable ; Inapplicable ;
; final_out_imag[15] ; Inapplicable ; Inapplicable ; Inapplicable ; Inapplicable ; Inapplicable ; Pass      ; Inapplicable ; Inapplicable ; Pass      ; Pass      ; Inapplicable ; Pass         ; Inapplicable ; Inapplicable ; Inapplicable ; Inapplicable ; Pass         ; Inapplicable ; Inapplicable ; Inapplicable ; Inapplicable ; Pass         ; Inapplicable ; Inapplicable ; Inapplicable ; Inapplicable ; Inapplicable ; Pass      ; Inapplicable ; Inapplicable ;
; final_zero         ; Inapplicable ; Inapplicable ; Inapplicable ; Inapplicable ; Inapplicable ; Pass      ; Inapplicable ; Inapplicable ; Pass      ; Pass      ; Inapplicable ; Pass         ; Inapplicable ; Inapplicable ; Inapplicable ; Inapplicable ; Pass         ; Inapplicable ; Inapplicable ; Inapplicable ; Inapplicable ; Pass         ; Inapplicable ; Inapplicable ; Inapplicable ; Inapplicable ; Inapplicable ; Pass      ; Inapplicable ; Inapplicable ;
; final_overflow     ; Inapplicable ; Inapplicable ; Inapplicable ; Inapplicable ; Inapplicable ; Pass      ; Inapplicable ; Inapplicable ; Pass      ; Pass      ; Inapplicable ; Pass         ; Inapplicable ; Inapplicable ; Inapplicable ; Inapplicable ; Pass         ; Inapplicable ; Inapplicable ; Inapplicable ; Inapplicable ; Pass         ; Inapplicable ; Inapplicable ; Inapplicable ; Inapplicable ; Inapplicable ; Pass      ; Inapplicable ; Inapplicable ;
; final_neg_real     ; Inapplicable ; Inapplicable ; Inapplicable ; Inapplicable ; Inapplicable ; Pass      ; Inapplicable ; Inapplicable ; Pass      ; Pass      ; Inapplicable ; Pass         ; Inapplicable ; Inapplicable ; Inapplicable ; Inapplicable ; Pass         ; Inapplicable ; Inapplicable ; Inapplicable ; Inapplicable ; Pass         ; Inapplicable ; Inapplicable ; Inapplicable ; Inapplicable ; Inapplicable ; Pass      ; Inapplicable ; Inapplicable ;
; final_neg_imag     ; Inapplicable ; Inapplicable ; Inapplicable ; Inapplicable ; Inapplicable ; Pass      ; Inapplicable ; Inapplicable ; Pass      ; Pass      ; Inapplicable ; Pass         ; Inapplicable ; Inapplicable ; Inapplicable ; Inapplicable ; Pass         ; Inapplicable ; Inapplicable ; Inapplicable ; Inapplicable ; Pass         ; Inapplicable ; Inapplicable ; Inapplicable ; Inapplicable ; Inapplicable ; Pass      ; Inapplicable ; Inapplicable ;
; done_all           ; Inapplicable ; Inapplicable ; Inapplicable ; Inapplicable ; Inapplicable ; Pass      ; Inapplicable ; Inapplicable ; Pass      ; Pass      ; Inapplicable ; Pass         ; Inapplicable ; Inapplicable ; Inapplicable ; Inapplicable ; Pass         ; Inapplicable ; Inapplicable ; Inapplicable ; Inapplicable ; Pass         ; Inapplicable ; Inapplicable ; Inapplicable ; Inapplicable ; Inapplicable ; Pass      ; Inapplicable ; Inapplicable ;
; clk                ; Inapplicable ; Inapplicable ; Inapplicable ; Inapplicable ; Inapplicable ; Pass      ; Inapplicable ; Inapplicable ; Pass      ; Pass      ; Inapplicable ; Inapplicable ; Inapplicable ; Inapplicable ; Pass         ; Inapplicable ; Inapplicable ; Pass         ; Inapplicable ; Inapplicable ; Inapplicable ; Inapplicable ; Inapplicable ; Inapplicable ; Inapplicable ; Inapplicable ; Inapplicable ; Pass      ; Inapplicable ; Inapplicable ;
; rst                ; Inapplicable ; Inapplicable ; Inapplicable ; Inapplicable ; Inapplicable ; Pass      ; Inapplicable ; Inapplicable ; Pass      ; Pass      ; Inapplicable ; Inapplicable ; Inapplicable ; Inapplicable ; Pass         ; Inapplicable ; Inapplicable ; Pass         ; Inapplicable ; Inapplicable ; Inapplicable ; Inapplicable ; Inapplicable ; Inapplicable ; Inapplicable ; Inapplicable ; Inapplicable ; Pass      ; Inapplicable ; Inapplicable ;
+--------------------+--------------+--------------+--------------+--------------+--------------+-----------+--------------+--------------+-----------+-----------+--------------+--------------+--------------+--------------+--------------+--------------+--------------+--------------+--------------+--------------+--------------+--------------+--------------+--------------+--------------+--------------+--------------+-----------+--------------+--------------+


+-----------------------------------------------------------------------------------------------+
; Fitter Device Options                                                                         ;
+------------------------------------------------------------------+----------------------------+
; Option                                                           ; Setting                    ;
+------------------------------------------------------------------+----------------------------+
; Enable user-supplied start-up clock (CLKUSR)                     ; Off                        ;
; Enable device-wide reset (DEV_CLRn)                              ; Off                        ;
; Enable device-wide output enable (DEV_OE)                        ; Off                        ;
; Enable INIT_DONE output                                          ; Off                        ;
; Configuration scheme                                             ; Active Serial              ;
; Error detection CRC                                              ; Off                        ;
; Enable input tri-state on active configuration pins in user mode ; Off                        ;
; Active Serial clock source                                       ; 40 MHz Internal Oscillator ;
; Configuration Voltage Level                                      ; Auto                       ;
; Force Configuration Voltage Level                                ; Off                        ;
; nCEO                                                             ; As output driving ground   ;
; Data[0]                                                          ; As input tri-stated        ;
; Data[1]/ASDO                                                     ; As input tri-stated        ;
; Data[7..2]                                                       ; Unreserved                 ;
; FLASH_nCE/nCSO                                                   ; As input tri-stated        ;
; DCLK                                                             ; As output driving ground   ;
; Base pin-out file on sameframe device                            ; Off                        ;
+------------------------------------------------------------------+----------------------------+


+------------------------------------+
; Operating Settings and Conditions  ;
+---------------------------+--------+
; Setting                   ; Value  ;
+---------------------------+--------+
; Nominal Core Voltage      ; 1.20 V ;
; Low Junction Temperature  ; 0 °C   ;
; High Junction Temperature ; 85 °C  ;
+---------------------------+--------+


+-----------------+
; Fitter Messages ;
+-----------------+
Warning (20028): Parallel compilation is not licensed and has been disabled
Info (119004): Automatically selected device EP4CGX15BF14C6 for design az8
Info (21076): High junction temperature operating condition is not set. Assuming a default value of '85'.
Info (21076): Low junction temperature operating condition is not set. Assuming a default value of '0'.
Info (171003): Fitter is performing an Auto Fit compilation, which may decrease Fitter effort to reduce compilation time
Warning (292013): Feature LogicLock is only available with a valid subscription license. You can purchase a software subscription to gain full access to this feature.
Info (176444): Device migration not selected. If you intend to use device migration later, you may need to change the pin assignments as they may be incompatible with other devices
    Info (176445): Device EP4CGX30BF14C6 is compatible
    Info (176445): Device EP4CGX22BF14C6 is compatible
Info (169124): Fitter converted 5 user pins into dedicated programming pins
    Info (169125): Pin ~ALTERA_NCEO~ is reserved at location N5
    Info (169125): Pin ~ALTERA_DATA0~ is reserved at location A5
    Info (169125): Pin ~ALTERA_ASDO~ is reserved at location B5
    Info (169125): Pin ~ALTERA_NCSO~ is reserved at location C5
    Info (169125): Pin ~ALTERA_DCLK~ is reserved at location A4
Warning (15714): Some pins have incomplete I/O assignments. Refer to the I/O Assignment Warnings report for details
Critical Warning (169085): No exact pin location assignment(s) for 39 pins of 39 total pins
    Info (169086): Pin final_out_real[0] not assigned to an exact location on the device
    Info (169086): Pin final_out_real[1] not assigned to an exact location on the device
    Info (169086): Pin final_out_real[2] not assigned to an exact location on the device
    Info (169086): Pin final_out_real[3] not assigned to an exact location on the device
    Info (169086): Pin final_out_real[4] not assigned to an exact location on the device
    Info (169086): Pin final_out_real[5] not assigned to an exact location on the device
    Info (169086): Pin final_out_real[6] not assigned to an exact location on the device
    Info (169086): Pin final_out_real[7] not assigned to an exact location on the device
    Info (169086): Pin final_out_real[8] not assigned to an exact location on the device
    Info (169086): Pin final_out_real[9] not assigned to an exact location on the device
    Info (169086): Pin final_out_real[10] not assigned to an exact location on the device
    Info (169086): Pin final_out_real[11] not assigned to an exact location on the device
    Info (169086): Pin final_out_real[12] not assigned to an exact location on the device
    Info (169086): Pin final_out_real[13] not assigned to an exact location on the device
    Info (169086): Pin final_out_real[14] not assigned to an exact location on the device
    Info (169086): Pin final_out_real[15] not assigned to an exact location on the device
    Info (169086): Pin final_out_imag[0] not assigned to an exact location on the device
    Info (169086): Pin final_out_imag[1] not assigned to an exact location on the device
    Info (169086): Pin final_out_imag[2] not assigned to an exact location on the device
    Info (169086): Pin final_out_imag[3] not assigned to an exact location on the device
    Info (169086): Pin final_out_imag[4] not assigned to an exact location on the device
    Info (169086): Pin final_out_imag[5] not assigned to an exact location on the device
    Info (169086): Pin final_out_imag[6] not assigned to an exact location on the device
    Info (169086): Pin final_out_imag[7] not assigned to an exact location on the device
    Info (169086): Pin final_out_imag[8] not assigned to an exact location on the device
    Info (169086): Pin final_out_imag[9] not assigned to an exact location on the device
    Info (169086): Pin final_out_imag[10] not assigned to an exact location on the device
    Info (169086): Pin final_out_imag[11] not assigned to an exact location on the device
    Info (169086): Pin final_out_imag[12] not assigned to an exact location on the device
    Info (169086): Pin final_out_imag[13] not assigned to an exact location on the device
    Info (169086): Pin final_out_imag[14] not assigned to an exact location on the device
    Info (169086): Pin final_out_imag[15] not assigned to an exact location on the device
    Info (169086): Pin final_zero not assigned to an exact location on the device
    Info (169086): Pin final_overflow not assigned to an exact location on the device
    Info (169086): Pin final_neg_real not assigned to an exact location on the device
    Info (169086): Pin final_neg_imag not assigned to an exact location on the device
    Info (169086): Pin done_all not assigned to an exact location on the device
    Info (169086): Pin clk not assigned to an exact location on the device
    Info (169086): Pin rst not assigned to an exact location on the device
Critical Warning (332012): Synopsys Design Constraints File file not found: 'az8.sdc'. A Synopsys Design Constraints File is required by the TimeQuest Timing Analyzer to get proper timing constraints. Without it, the Compiler will not properly optimize the design.
Info (332144): No user constrained base clocks found in the design
Info (332143): No user constrained clock uncertainty found in the design. Calling "derive_clock_uncertainty"
Info (332154): The derive_clock_uncertainty command did not apply clock uncertainty to any clock-to-clock transfers.
Info (332130): Timing requirements not specified -- quality metrics such as performance may be sacrificed to reduce compilation time.
Info (176353): Automatically promoted node clk~input (placed in PIN J7 (CLK13, DIFFCLK_7n, REFCLK0n))
    Info (176355): Automatically promoted destinations to use location or clock signal Global Clock CLKCTRL_G17
Info (176353): Automatically promoted node rst~input (placed in PIN J6 (CLK12, DIFFCLK_7p, REFCLK0p))
    Info (176355): Automatically promoted destinations to use location or clock signal Global Clock CLKCTRL_G19
    Info (176356): Following destination nodes may be non-global or may not use global or regional clocks
        Info (176357): Destination node opcode_reg[2]~0
        Info (176357): Destination node ir[34]~0
Info (176233): Starting register packing
Info (176235): Finished register packing
    Extra Info (176219): No registers were packed into other blocks
Info (176214): Statistics of I/O pins that need to be placed that use the same VCCIO and VREF, before I/O pin placement
    Info (176211): Number of I/O pins in group: 37 (unused VREF, 2.5V VCCIO, 0 input, 37 output, 0 bidirectional)
        Info (176212): I/O standards used: 2.5 V.
Info (176215): I/O bank details before I/O pin placement
    Info (176214): Statistics of I/O banks
        Info (176213): I/O bank number QL0 does not use VREF pins and has undetermined VCCIO pins. 0 total pin(s) used --  0 pins available
        Info (176213): I/O bank number 3 does not use VREF pins and has undetermined VCCIO pins. 1 total pin(s) used --  7 pins available
        Info (176213): I/O bank number 3A does not use VREF pins and has undetermined VCCIO pins. 2 total pin(s) used --  0 pins available
        Info (176213): I/O bank number 4 does not use VREF pins and has undetermined VCCIO pins. 0 total pin(s) used --  14 pins available
        Info (176213): I/O bank number 5 does not use VREF pins and has undetermined VCCIO pins. 0 total pin(s) used --  12 pins available
        Info (176213): I/O bank number 6 does not use VREF pins and has undetermined VCCIO pins. 0 total pin(s) used --  12 pins available
        Info (176213): I/O bank number 7 does not use VREF pins and has undetermined VCCIO pins. 0 total pin(s) used --  14 pins available
        Info (176213): I/O bank number 8A does not use VREF pins and has undetermined VCCIO pins. 0 total pin(s) used --  2 pins available
        Info (176213): I/O bank number 8 does not use VREF pins and has undetermined VCCIO pins. 0 total pin(s) used --  5 pins available
        Info (176213): I/O bank number 9 does not use VREF pins and has undetermined VCCIO pins. 4 total pin(s) used --  0 pins available
Info (171121): Fitter preparation operations ending: elapsed time is 00:00:01
Info (170189): Fitter placement preparation operations beginning
Info (170190): Fitter placement preparation operations ending: elapsed time is 00:00:00
Info (170191): Fitter placement operations beginning
Info (170137): Fitter placement was successful
Info (170192): Fitter placement operations ending: elapsed time is 00:00:01
Info (170193): Fitter routing operations beginning
Info (170195): Router estimated average interconnect usage is 0% of the available device resources
    Info (170196): Router estimated peak interconnect usage is 4% of the available device resources in the region that extends from location X22_Y21 to location X33_Y31
Info (170194): Fitter routing operations ending: elapsed time is 00:00:01
Info (170199): The Fitter performed an Auto Fit compilation.  Optimizations were skipped to reduce compilation time.
    Info (170201): Optimizations that may affect the design's routability were skipped
Info (11888): Total time spent on timing analysis during the Fitter is 0.23 seconds.
Info (334003): Started post-fitting delay annotation
Info (334004): Delay annotation completed successfully
Info (334003): Started post-fitting delay annotation
Info (334004): Delay annotation completed successfully
Info (11218): Fitter post-fit operations ending: elapsed time is 00:00:01
Warning (169177): 2 pins must meet Altera requirements for 3.3-, 3.0-, and 2.5-V interfaces. For more information, refer to AN 447: Interfacing Cyclone IV GX Devices with 3.3/3.0/2.5-V LVTTL/LVCMOS I/O Systems.
    Info (169178): Pin clk uses I/O standard 2.5 V at J7
    Info (169178): Pin rst uses I/O standard 2.5 V at J6
Info (144001): Generated suppressed messages file C:/altera/13.0sp1/az8/output_files/az8.fit.smsg
Info: Quartus II 64-Bit Fitter was successful. 0 errors, 6 warnings
    Info: Peak virtual memory: 4995 megabytes
    Info: Processing ended: Fri Aug 21 15:13:56 2026
    Info: Elapsed time: 00:00:08
    Info: Total CPU time (on all processors): 00:00:07


+----------------------------+
; Fitter Suppressed Messages ;
+----------------------------+
The suppressed messages can be found in C:/altera/13.0sp1/az8/output_files/az8.fit.smsg.


