TimeQuest Timing Analyzer report for az8
Fri Aug 21 15:14:03 2026
Quartus II 64-Bit Version 13.0.1 Build 232 06/12/2013 Service Pack 1 SJ Web Edition


---------------------
; Table of Contents ;
---------------------
  1. Legal Notice
  2. TimeQuest Timing Analyzer Summary
  3. Parallel Compilation
  4. Clocks
  5. Slow 1200mV 85C Model Fmax Summary
  6. Timing Closure Recommendations
  7. Slow 1200mV 85C Model Setup Summary
  8. Slow 1200mV 85C Model Hold Summary
  9. Slow 1200mV 85C Model Recovery Summary
 10. Slow 1200mV 85C Model Removal Summary
 11. Slow 1200mV 85C Model Minimum Pulse Width Summary
 12. Slow 1200mV 85C Model Setup: 'clk'
 13. Slow 1200mV 85C Model Hold: 'clk'
 14. Slow 1200mV 85C Model Minimum Pulse Width: 'clk'
 15. Setup Times
 16. Hold Times
 17. Clock to Output Times
 18. Minimum Clock to Output Times
 19. Slow 1200mV 85C Model Metastability Report
 20. Slow 1200mV 0C Model Fmax Summary
 21. Slow 1200mV 0C Model Setup Summary
 22. Slow 1200mV 0C Model Hold Summary
 23. Slow 1200mV 0C Model Recovery Summary
 24. Slow 1200mV 0C Model Removal Summary
 25. Slow 1200mV 0C Model Minimum Pulse Width Summary
 26. Slow 1200mV 0C Model Setup: 'clk'
 27. Slow 1200mV 0C Model Hold: 'clk'
 28. Slow 1200mV 0C Model Minimum Pulse Width: 'clk'
 29. Setup Times
 30. Hold Times
 31. Clock to Output Times
 32. Minimum Clock to Output Times
 33. Slow 1200mV 0C Model Metastability Report
 34. Fast 1200mV 0C Model Setup Summary
 35. Fast 1200mV 0C Model Hold Summary
 36. Fast 1200mV 0C Model Recovery Summary
 37. Fast 1200mV 0C Model Removal Summary
 38. Fast 1200mV 0C Model Minimum Pulse Width Summary
 39. Fast 1200mV 0C Model Setup: 'clk'
 40. Fast 1200mV 0C Model Hold: 'clk'
 41. Fast 1200mV 0C Model Minimum Pulse Width: 'clk'
 42. Setup Times
 43. Hold Times
 44. Clock to Output Times
 45. Minimum Clock to Output Times
 46. Fast 1200mV 0C Model Metastability Report
 47. Multicorner Timing Analysis Summary
 48. Setup Times
 49. Hold Times
 50. Clock to Output Times
 51. Minimum Clock to Output Times
 52. Board Trace Model Assignments
 53. Input Transition Times
 54. Signal Integrity Metrics (Slow 1200mv 0c Model)
 55. Signal Integrity Metrics (Slow 1200mv 85c Model)
 56. Signal Integrity Metrics (Fast 1200mv 0c Model)
 57. Setup Transfers
 58. Hold Transfers
 59. Report TCCS
 60. Report RSKM
 61. Unconstrained Paths
 62. TimeQuest Timing Analyzer Messages



----------------
; Legal Notice ;
----------------
Copyright (C) 1991-2013 Altera Corporation
Your use of Altera Corporation's design tools, logic functions 
and other software and tools, and its AMPP partner logic 
functions, and any output files from any of the foregoing 
(including device programming or simulation files), and any 
associated documentation or information are expressly subject 
to the terms and conditions of the Altera Program License 
Subscription Agreement, Altera MegaCore Function License 
Agreement, or other applicable license agreement, including, 
without limitation, that your use is for the sole purpose of 
programming logic devices manufactured by Altera and sold by 
Altera or its authorized distributors.  Please refer to the 
applicable agreement for further details.



+----------------------------------------------------------------------------------------+
; TimeQuest Timing Analyzer Summary                                                      ;
+--------------------+-------------------------------------------------------------------+
; Quartus II Version ; Version 13.0.1 Build 232 06/12/2013 Service Pack 1 SJ Web Edition ;
; Revision Name      ; az8                                                               ;
; Device Family      ; Cyclone IV GX                                                     ;
; Device Name        ; EP4CGX15BF14C6                                                    ;
; Timing Models      ; Final                                                             ;
; Delay Model        ; Combined                                                          ;
; Rise/Fall Delays   ; Enabled                                                           ;
+--------------------+-------------------------------------------------------------------+


Parallel compilation was disabled, but you have multiple processors available. Enable parallel compilation to reduce compilation time.
+-------------------------------------+
; Parallel Compilation                ;
+----------------------------+--------+
; Processors                 ; Number ;
+----------------------------+--------+
; Number detected on machine ; 16     ;
; Maximum allowed            ; 1      ;
+----------------------------+--------+


+---------------------------------------------------------------------------------------------------------------------------------------------------------------------------------+
; Clocks                                                                                                                                                                          ;
+------------+------+--------+------------+-------+-------+------------+-----------+-------------+-------+--------+-----------+------------+----------+--------+--------+---------+
; Clock Name ; Type ; Period ; Frequency  ; Rise  ; Fall  ; Duty Cycle ; Divide by ; Multiply by ; Phase ; Offset ; Edge List ; Edge Shift ; Inverted ; Master ; Source ; Targets ;
+------------+------+--------+------------+-------+-------+------------+-----------+-------------+-------+--------+-----------+------------+----------+--------+--------+---------+
; clk        ; Base ; 1.000  ; 1000.0 MHz ; 0.000 ; 0.500 ;            ;           ;             ;       ;        ;           ;            ;          ;        ;        ; { clk } ;
+------------+------+--------+------------+-------+-------+------------+-----------+-------------+-------+--------+-----------+------------+----------+--------+--------+---------+


+--------------------------------------------------+
; Slow 1200mV 85C Model Fmax Summary               ;
+------------+-----------------+------------+------+
; Fmax       ; Restricted Fmax ; Clock Name ; Note ;
+------------+-----------------+------------+------+
; 115.93 MHz ; 115.93 MHz      ; clk        ;      ;
+------------+-----------------+------------+------+
This panel reports FMAX for every clock in the design, regardless of the user-specified clock periods.  FMAX is only computed for paths where the source and destination registers or ports are driven by the same clock.  Paths of different clocks, including generated clocks, are ignored.  For paths between a clock and its inversion, FMAX is computed as if the rising and falling edges are scaled along with FMAX, such that the duty cycle (in terms of a percentage) is maintained. Altera recommends that you always use clock constraints and other slack reports for sign-off analysis.


----------------------------------
; Timing Closure Recommendations ;
----------------------------------
HTML report is unavailable in plain text report export.


+-------------------------------------+
; Slow 1200mV 85C Model Setup Summary ;
+-------+--------+--------------------+
; Clock ; Slack  ; End Point TNS      ;
+-------+--------+--------------------+
; clk   ; -7.626 ; -695.051           ;
+-------+--------+--------------------+


+------------------------------------+
; Slow 1200mV 85C Model Hold Summary ;
+-------+-------+--------------------+
; Clock ; Slack ; End Point TNS      ;
+-------+-------+--------------------+
; clk   ; 0.356 ; 0.000              ;
+-------+-------+--------------------+


------------------------------------------
; Slow 1200mV 85C Model Recovery Summary ;
------------------------------------------
No paths to report.


-----------------------------------------
; Slow 1200mV 85C Model Removal Summary ;
-----------------------------------------
No paths to report.


+---------------------------------------------------+
; Slow 1200mV 85C Model Minimum Pulse Width Summary ;
+-------+--------+----------------------------------+
; Clock ; Slack  ; End Point TNS                    ;
+-------+--------+----------------------------------+
; clk   ; -3.000 ; -205.000                         ;
+-------+--------+----------------------------------+


+-----------------------------------------------------------------------------------------------------------------------------------------+
; Slow 1200mV 85C Model Setup: 'clk'                                                                                                      ;
+--------+------------------------------+---------------------------+--------------+-------------+--------------+------------+------------+
; Slack  ; From Node                    ; To Node                   ; Launch Clock ; Latch Clock ; Relationship ; Clock Skew ; Data Delay ;
+--------+------------------------------+---------------------------+--------------+-------------+--------------+------------+------------+
; -7.626 ; ControlUnit:cu|state.CMUL1   ; final_overflow~reg0       ; clk          ; clk         ; 1.000        ; -0.057     ; 8.564      ;
; -7.515 ; ControlUnit:cu|state.CMUL2   ; final_overflow~reg0       ; clk          ; clk         ; 1.000        ; -0.057     ; 8.453      ;
; -7.328 ; ControlUnit:cu|state.CMUL3   ; final_overflow~reg0       ; clk          ; clk         ; 1.000        ; -0.057     ; 8.266      ;
; -7.176 ; ControlUnit:cu|state.CMUL1   ; Datapath:dp|negative_imag ; clk          ; clk         ; 1.000        ; -0.057     ; 8.114      ;
; -7.146 ; ControlUnit:cu|state.CMUL1   ; Datapath:dp|reg4[15]      ; clk          ; clk         ; 1.000        ; 0.293      ; 8.434      ;
; -7.140 ; ControlUnit:cu|state.CMUL4   ; final_overflow~reg0       ; clk          ; clk         ; 1.000        ; -0.057     ; 8.078      ;
; -7.103 ; ControlUnit:cu|state.CMAG2_2 ; final_overflow~reg0       ; clk          ; clk         ; 1.000        ; -0.057     ; 8.041      ;
; -7.065 ; ControlUnit:cu|state.CMUL2   ; Datapath:dp|negative_imag ; clk          ; clk         ; 1.000        ; -0.057     ; 8.003      ;
; -7.044 ; A_imag_reg[3]                ; final_overflow~reg0       ; clk          ; clk         ; 1.000        ; -0.057     ; 7.982      ;
; -7.035 ; ControlUnit:cu|state.CMUL2   ; Datapath:dp|reg4[15]      ; clk          ; clk         ; 1.000        ; 0.293      ; 8.323      ;
; -6.979 ; ControlUnit:cu|state.CONJ2   ; final_overflow~reg0       ; clk          ; clk         ; 1.000        ; -0.063     ; 7.911      ;
; -6.977 ; ControlUnit:cu|state.CMUL1   ; Datapath:dp|out_imag[13]  ; clk          ; clk         ; 1.000        ; 0.253      ; 8.225      ;
; -6.928 ; A_imag_reg[2]                ; final_overflow~reg0       ; clk          ; clk         ; 1.000        ; -0.063     ; 7.860      ;
; -6.910 ; ControlUnit:cu|state.CMUL1   ; Datapath:dp|out_imag[10]  ; clk          ; clk         ; 1.000        ; 0.253      ; 8.158      ;
; -6.908 ; ControlUnit:cu|state.CMUL1   ; Datapath:dp|reg1[12]      ; clk          ; clk         ; 1.000        ; 0.253      ; 8.156      ;
; -6.878 ; ControlUnit:cu|state.CMUL1   ; Datapath:dp|out_imag[8]   ; clk          ; clk         ; 1.000        ; 0.253      ; 8.126      ;
; -6.878 ; ControlUnit:cu|state.CMUL3   ; Datapath:dp|negative_imag ; clk          ; clk         ; 1.000        ; -0.057     ; 7.816      ;
; -6.876 ; ControlUnit:cu|state.CMUL1   ; Datapath:dp|reg1[9]       ; clk          ; clk         ; 1.000        ; 0.253      ; 8.124      ;
; -6.876 ; ControlUnit:cu|state.CMUL1   ; Datapath:dp|reg4[14]      ; clk          ; clk         ; 1.000        ; 0.294      ; 8.165      ;
; -6.868 ; ControlUnit:cu|state.CMUL1   ; Datapath:dp|reg1[14]      ; clk          ; clk         ; 1.000        ; 0.294      ; 8.157      ;
; -6.866 ; ControlUnit:cu|state.CMUL2   ; Datapath:dp|out_imag[13]  ; clk          ; clk         ; 1.000        ; 0.253      ; 8.114      ;
; -6.863 ; ControlUnit:cu|state.CMUL1   ; Datapath:dp|reg2[12]      ; clk          ; clk         ; 1.000        ; 0.305      ; 8.163      ;
; -6.854 ; ControlUnit:cu|state.CMUL1   ; Datapath:dp|reg1[10]      ; clk          ; clk         ; 1.000        ; 0.312      ; 8.161      ;
; -6.848 ; ControlUnit:cu|state.CMUL3   ; Datapath:dp|reg4[15]      ; clk          ; clk         ; 1.000        ; 0.293      ; 8.136      ;
; -6.838 ; ControlUnit:cu|state.CMUL1   ; Datapath:dp|reg2[13]      ; clk          ; clk         ; 1.000        ; 0.267      ; 8.100      ;
; -6.838 ; A_imag_reg[1]                ; final_overflow~reg0       ; clk          ; clk         ; 1.000        ; -0.057     ; 7.776      ;
; -6.832 ; ControlUnit:cu|state.CMUL1   ; Datapath:dp|out_imag[14]  ; clk          ; clk         ; 1.000        ; 0.253      ; 8.080      ;
; -6.828 ; ControlUnit:cu|state.CMUL1   ; Datapath:dp|out_imag[11]  ; clk          ; clk         ; 1.000        ; 0.253      ; 8.076      ;
; -6.826 ; ControlUnit:cu|state.CMUL1   ; Datapath:dp|reg3[14]      ; clk          ; clk         ; 1.000        ; 0.321      ; 8.142      ;
; -6.822 ; ControlUnit:cu|state.CMUL1   ; Datapath:dp|reg4[12]      ; clk          ; clk         ; 1.000        ; 0.276      ; 8.093      ;
; -6.820 ; ControlUnit:cu|state.CMUL1   ; Datapath:dp|out_imag[9]   ; clk          ; clk         ; 1.000        ; 0.253      ; 8.068      ;
; -6.817 ; ControlUnit:cu|state.CMUL1   ; Datapath:dp|reg2[15]      ; clk          ; clk         ; 1.000        ; 0.267      ; 8.079      ;
; -6.812 ; ControlUnit:cu|state.CMUL1   ; Datapath:dp|reg2[9]       ; clk          ; clk         ; 1.000        ; 0.305      ; 8.112      ;
; -6.811 ; ControlUnit:cu|state.CMUL1   ; Datapath:dp|reg1[13]      ; clk          ; clk         ; 1.000        ; 0.294      ; 8.100      ;
; -6.799 ; ControlUnit:cu|state.CMUL2   ; Datapath:dp|out_imag[10]  ; clk          ; clk         ; 1.000        ; 0.253      ; 8.047      ;
; -6.797 ; ControlUnit:cu|state.CMUL2   ; Datapath:dp|reg1[12]      ; clk          ; clk         ; 1.000        ; 0.253      ; 8.045      ;
; -6.792 ; ControlUnit:cu|state.CMUL1   ; Datapath:dp|reg1[15]      ; clk          ; clk         ; 1.000        ; 0.294      ; 8.081      ;
; -6.786 ; ControlUnit:cu|state.CMUL1   ; Datapath:dp|reg3[12]      ; clk          ; clk         ; 1.000        ; 0.300      ; 8.081      ;
; -6.772 ; ControlUnit:cu|state.CMUL1   ; Datapath:dp|reg3[10]      ; clk          ; clk         ; 1.000        ; 0.300      ; 8.067      ;
; -6.767 ; ControlUnit:cu|state.CMUL2   ; Datapath:dp|out_imag[8]   ; clk          ; clk         ; 1.000        ; 0.253      ; 8.015      ;
; -6.765 ; ControlUnit:cu|state.CMUL2   ; Datapath:dp|reg1[9]       ; clk          ; clk         ; 1.000        ; 0.253      ; 8.013      ;
; -6.765 ; ControlUnit:cu|state.CMUL2   ; Datapath:dp|reg4[14]      ; clk          ; clk         ; 1.000        ; 0.294      ; 8.054      ;
; -6.757 ; ControlUnit:cu|state.CMUL2   ; Datapath:dp|reg1[14]      ; clk          ; clk         ; 1.000        ; 0.294      ; 8.046      ;
; -6.752 ; ControlUnit:cu|state.CMUL2   ; Datapath:dp|reg2[12]      ; clk          ; clk         ; 1.000        ; 0.305      ; 8.052      ;
; -6.744 ; ControlUnit:cu|state.CMUL1   ; Datapath:dp|reg3[9]       ; clk          ; clk         ; 1.000        ; 0.284      ; 8.023      ;
; -6.743 ; ControlUnit:cu|state.CMUL2   ; Datapath:dp|reg1[10]      ; clk          ; clk         ; 1.000        ; 0.312      ; 8.050      ;
; -6.733 ; ControlUnit:cu|state.CMUL1   ; Datapath:dp|reg2[14]      ; clk          ; clk         ; 1.000        ; 0.321      ; 8.049      ;
; -6.727 ; ControlUnit:cu|state.CMUL2   ; Datapath:dp|reg2[13]      ; clk          ; clk         ; 1.000        ; 0.267      ; 7.989      ;
; -6.721 ; ControlUnit:cu|state.CMUL2   ; Datapath:dp|out_imag[14]  ; clk          ; clk         ; 1.000        ; 0.253      ; 7.969      ;
; -6.717 ; ControlUnit:cu|state.CMUL2   ; Datapath:dp|out_imag[11]  ; clk          ; clk         ; 1.000        ; 0.253      ; 7.965      ;
; -6.715 ; ControlUnit:cu|state.CMUL2   ; Datapath:dp|reg3[14]      ; clk          ; clk         ; 1.000        ; 0.321      ; 8.031      ;
; -6.711 ; ControlUnit:cu|state.CMUL2   ; Datapath:dp|reg4[12]      ; clk          ; clk         ; 1.000        ; 0.276      ; 7.982      ;
; -6.709 ; ControlUnit:cu|state.CMUL2   ; Datapath:dp|out_imag[9]   ; clk          ; clk         ; 1.000        ; 0.253      ; 7.957      ;
; -6.706 ; ControlUnit:cu|state.CMUL2   ; Datapath:dp|reg2[15]      ; clk          ; clk         ; 1.000        ; 0.267      ; 7.968      ;
; -6.701 ; ControlUnit:cu|state.CMUL2   ; Datapath:dp|reg2[9]       ; clk          ; clk         ; 1.000        ; 0.305      ; 8.001      ;
; -6.700 ; ControlUnit:cu|state.CMUL1   ; Datapath:dp|reg2[11]      ; clk          ; clk         ; 1.000        ; 0.267      ; 7.962      ;
; -6.700 ; ControlUnit:cu|state.CMUL2   ; Datapath:dp|reg1[13]      ; clk          ; clk         ; 1.000        ; 0.294      ; 7.989      ;
; -6.697 ; ControlUnit:cu|state.CMUL1   ; Datapath:dp|reg1[8]       ; clk          ; clk         ; 1.000        ; 0.253      ; 7.945      ;
; -6.690 ; ControlUnit:cu|state.CMUL4   ; Datapath:dp|negative_imag ; clk          ; clk         ; 1.000        ; -0.057     ; 7.628      ;
; -6.688 ; ControlUnit:cu|state.CMUL1   ; Datapath:dp|out_imag[12]  ; clk          ; clk         ; 1.000        ; 0.253      ; 7.936      ;
; -6.681 ; ControlUnit:cu|state.CMUL2   ; Datapath:dp|reg1[15]      ; clk          ; clk         ; 1.000        ; 0.294      ; 7.970      ;
; -6.679 ; ControlUnit:cu|state.CMUL3   ; Datapath:dp|out_imag[13]  ; clk          ; clk         ; 1.000        ; 0.253      ; 7.927      ;
; -6.677 ; ControlUnit:cu|state.CMUL1   ; Datapath:dp|out_imag[6]   ; clk          ; clk         ; 1.000        ; 0.253      ; 7.925      ;
; -6.675 ; ControlUnit:cu|state.CMUL2   ; Datapath:dp|reg3[12]      ; clk          ; clk         ; 1.000        ; 0.300      ; 7.970      ;
; -6.673 ; ControlUnit:cu|state.CMUL1   ; Datapath:dp|reg1[11]      ; clk          ; clk         ; 1.000        ; 0.294      ; 7.962      ;
; -6.667 ; ControlUnit:cu|state.CMUL1   ; Datapath:dp|reg4[6]       ; clk          ; clk         ; 1.000        ; 0.276      ; 7.938      ;
; -6.661 ; ControlUnit:cu|state.CMUL2   ; Datapath:dp|reg3[10]      ; clk          ; clk         ; 1.000        ; 0.300      ; 7.956      ;
; -6.660 ; ControlUnit:cu|state.CMUL4   ; Datapath:dp|reg4[15]      ; clk          ; clk         ; 1.000        ; 0.293      ; 7.948      ;
; -6.658 ; A_real_reg[5]                ; final_overflow~reg0       ; clk          ; clk         ; 1.000        ; -0.063     ; 7.590      ;
; -6.653 ; ControlUnit:cu|state.CMAG2_2 ; Datapath:dp|negative_imag ; clk          ; clk         ; 1.000        ; -0.057     ; 7.591      ;
; -6.649 ; ControlUnit:cu|state.CMUL1   ; Datapath:dp|reg2[6]       ; clk          ; clk         ; 1.000        ; 0.267      ; 7.911      ;
; -6.648 ; A_real_reg[1]                ; final_overflow~reg0       ; clk          ; clk         ; 1.000        ; -0.057     ; 7.586      ;
; -6.633 ; ControlUnit:cu|state.CMUL2   ; Datapath:dp|reg3[9]       ; clk          ; clk         ; 1.000        ; 0.284      ; 7.912      ;
; -6.623 ; ControlUnit:cu|state.CMAG2_2 ; Datapath:dp|reg4[15]      ; clk          ; clk         ; 1.000        ; 0.293      ; 7.911      ;
; -6.622 ; ControlUnit:cu|state.CMUL2   ; Datapath:dp|reg2[14]      ; clk          ; clk         ; 1.000        ; 0.321      ; 7.938      ;
; -6.618 ; ControlUnit:cu|state.CMUL1   ; Datapath:dp|reg3[15]      ; clk          ; clk         ; 1.000        ; 0.284      ; 7.897      ;
; -6.612 ; ControlUnit:cu|state.CMUL3   ; Datapath:dp|out_imag[10]  ; clk          ; clk         ; 1.000        ; 0.253      ; 7.860      ;
; -6.610 ; ControlUnit:cu|state.CMUL3   ; Datapath:dp|reg1[12]      ; clk          ; clk         ; 1.000        ; 0.253      ; 7.858      ;
; -6.594 ; A_imag_reg[3]                ; Datapath:dp|negative_imag ; clk          ; clk         ; 1.000        ; -0.057     ; 7.532      ;
; -6.589 ; ControlUnit:cu|state.CMUL2   ; Datapath:dp|reg2[11]      ; clk          ; clk         ; 1.000        ; 0.267      ; 7.851      ;
; -6.586 ; ControlUnit:cu|state.CMUL2   ; Datapath:dp|reg1[8]       ; clk          ; clk         ; 1.000        ; 0.253      ; 7.834      ;
; -6.580 ; ControlUnit:cu|state.CMUL3   ; Datapath:dp|out_imag[8]   ; clk          ; clk         ; 1.000        ; 0.253      ; 7.828      ;
; -6.578 ; ControlUnit:cu|state.CMUL3   ; Datapath:dp|reg1[9]       ; clk          ; clk         ; 1.000        ; 0.253      ; 7.826      ;
; -6.578 ; ControlUnit:cu|state.CMUL3   ; Datapath:dp|reg4[14]      ; clk          ; clk         ; 1.000        ; 0.294      ; 7.867      ;
; -6.577 ; ControlUnit:cu|state.CMUL2   ; Datapath:dp|out_imag[12]  ; clk          ; clk         ; 1.000        ; 0.253      ; 7.825      ;
; -6.570 ; ControlUnit:cu|state.CMUL3   ; Datapath:dp|reg1[14]      ; clk          ; clk         ; 1.000        ; 0.294      ; 7.859      ;
; -6.566 ; ControlUnit:cu|state.CMUL2   ; Datapath:dp|out_imag[6]   ; clk          ; clk         ; 1.000        ; 0.253      ; 7.814      ;
; -6.565 ; ControlUnit:cu|state.CMUL3   ; Datapath:dp|reg2[12]      ; clk          ; clk         ; 1.000        ; 0.305      ; 7.865      ;
; -6.564 ; A_imag_reg[3]                ; Datapath:dp|reg4[15]      ; clk          ; clk         ; 1.000        ; 0.293      ; 7.852      ;
; -6.562 ; ControlUnit:cu|state.CMUL2   ; Datapath:dp|reg1[11]      ; clk          ; clk         ; 1.000        ; 0.294      ; 7.851      ;
; -6.556 ; ControlUnit:cu|state.CMUL3   ; Datapath:dp|reg1[10]      ; clk          ; clk         ; 1.000        ; 0.312      ; 7.863      ;
; -6.556 ; ControlUnit:cu|state.CMUL2   ; Datapath:dp|reg4[6]       ; clk          ; clk         ; 1.000        ; 0.276      ; 7.827      ;
; -6.551 ; ControlUnit:cu|state.CMUL1   ; Datapath:dp|reg2[8]       ; clk          ; clk         ; 1.000        ; 0.267      ; 7.813      ;
; -6.544 ; B_real_reg[2]                ; final_overflow~reg0       ; clk          ; clk         ; 1.000        ; -0.057     ; 7.482      ;
; -6.540 ; ControlUnit:cu|state.CMUL3   ; Datapath:dp|reg2[13]      ; clk          ; clk         ; 1.000        ; 0.267      ; 7.802      ;
; -6.538 ; ControlUnit:cu|state.CMUL2   ; Datapath:dp|reg2[6]       ; clk          ; clk         ; 1.000        ; 0.267      ; 7.800      ;
; -6.534 ; ControlUnit:cu|state.CMUL3   ; Datapath:dp|out_imag[14]  ; clk          ; clk         ; 1.000        ; 0.253      ; 7.782      ;
; -6.530 ; B_real_reg[1]                ; final_overflow~reg0       ; clk          ; clk         ; 1.000        ; -0.057     ; 7.468      ;
; -6.530 ; ControlUnit:cu|state.CMUL3   ; Datapath:dp|out_imag[11]  ; clk          ; clk         ; 1.000        ; 0.253      ; 7.778      ;
; -6.529 ; ControlUnit:cu|state.CONJ2   ; Datapath:dp|negative_imag ; clk          ; clk         ; 1.000        ; -0.063     ; 7.461      ;
+--------+------------------------------+---------------------------+--------------+-------------+--------------+------------+------------+


+-------------------------------------------------------------------------------------------------------------------------------------------+
; Slow 1200mV 85C Model Hold: 'clk'                                                                                                         ;
+-------+------------------------------+------------------------------+--------------+-------------+--------------+------------+------------+
; Slack ; From Node                    ; To Node                      ; Launch Clock ; Latch Clock ; Relationship ; Clock Skew ; Data Delay ;
+-------+------------------------------+------------------------------+--------------+-------------+--------------+------------+------------+
; 0.356 ; start_alu                    ; start_alu                    ; clk          ; clk         ; 0.000        ; 0.064      ; 0.577      ;
; 0.356 ; ControlUnit:cu|state.IDLE    ; ControlUnit:cu|state.IDLE    ; clk          ; clk         ; 0.000        ; 0.064      ; 0.577      ;
; 0.356 ; pipe_state.EXECUTE           ; pipe_state.EXECUTE           ; clk          ; clk         ; 0.000        ; 0.064      ; 0.577      ;
; 0.356 ; pipe_state.STALL             ; pipe_state.STALL             ; clk          ; clk         ; 0.000        ; 0.064      ; 0.577      ;
; 0.356 ; done_all~reg0                ; done_all~reg0                ; clk          ; clk         ; 0.000        ; 0.064      ; 0.577      ;
; 0.358 ; pc[0]                        ; pc[0]                        ; clk          ; clk         ; 0.000        ; 0.065      ; 0.580      ;
; 0.372 ; pipe_state.STALL             ; done_all~reg0                ; clk          ; clk         ; 0.000        ; 0.064      ; 0.593      ;
; 0.374 ; pipe_state.FETCH             ; pipe_state.DECODE            ; clk          ; clk         ; 0.000        ; 0.064      ; 0.595      ;
; 0.375 ; pipe_state.EXECUTE           ; start_alu                    ; clk          ; clk         ; 0.000        ; 0.064      ; 0.596      ;
; 0.376 ; Datapath:dp|out_real[2]      ; final_out_real[2]~reg0       ; clk          ; clk         ; 0.000        ; 0.064      ; 0.597      ;
; 0.378 ; pipe_state.EXECUTE           ; pipe_state.UPDATE            ; clk          ; clk         ; 0.000        ; 0.064      ; 0.599      ;
; 0.379 ; Datapath:dp|out_real[1]      ; final_out_real[1]~reg0       ; clk          ; clk         ; 0.000        ; 0.064      ; 0.600      ;
; 0.390 ; Datapath:dp|out_real[5]      ; final_out_real[5]~reg0       ; clk          ; clk         ; 0.000        ; 0.064      ; 0.611      ;
; 0.391 ; Datapath:dp|out_real[6]      ; final_out_real[6]~reg0       ; clk          ; clk         ; 0.000        ; 0.064      ; 0.612      ;
; 0.405 ; pc[4]                        ; pc[4]                        ; clk          ; clk         ; 0.000        ; 0.064      ; 0.626      ;
; 0.509 ; Datapath:dp|out_imag[2]      ; final_out_imag[2]~reg0       ; clk          ; clk         ; 0.000        ; 0.064      ; 0.730      ;
; 0.519 ; Datapath:dp|out_real[3]      ; final_out_real[3]~reg0       ; clk          ; clk         ; 0.000        ; 0.064      ; 0.740      ;
; 0.520 ; Datapath:dp|out_imag[3]      ; final_out_imag[3]~reg0       ; clk          ; clk         ; 0.000        ; 0.064      ; 0.741      ;
; 0.527 ; ir[32]                       ; opcode_reg[0]                ; clk          ; clk         ; 0.000        ; 0.064      ; 0.748      ;
; 0.536 ; ControlUnit:cu|state.CMUL1   ; ControlUnit:cu|state.CMUL2   ; clk          ; clk         ; 0.000        ; 0.065      ; 0.758      ;
; 0.541 ; ir[33]                       ; opcode_reg[1]                ; clk          ; clk         ; 0.000        ; 0.064      ; 0.762      ;
; 0.549 ; ControlUnit:cu|state.CMAG2_3 ; ControlUnit:cu|state.CMAG2_4 ; clk          ; clk         ; 0.000        ; 0.064      ; 0.770      ;
; 0.556 ; ControlUnit:cu|state.CMUL2   ; ControlUnit:cu|state.CMUL3   ; clk          ; clk         ; 0.000        ; 0.065      ; 0.778      ;
; 0.581 ; pc[3]                        ; pc[3]                        ; clk          ; clk         ; 0.000        ; 0.064      ; 0.802      ;
; 0.589 ; pc[1]                        ; pc[1]                        ; clk          ; clk         ; 0.000        ; 0.064      ; 0.810      ;
; 0.600 ; pc[2]                        ; pc[2]                        ; clk          ; clk         ; 0.000        ; 0.064      ; 0.821      ;
; 0.632 ; opcode_reg[2]                ; ControlUnit:cu|state.CMAG2_1 ; clk          ; clk         ; 0.000        ; 0.064      ; 0.853      ;
; 0.636 ; opcode_reg[1]                ; ControlUnit:cu|state.CMAG2_1 ; clk          ; clk         ; 0.000        ; 0.064      ; 0.857      ;
; 0.648 ; opcode_reg[0]                ; ControlUnit:cu|state.CMAG2_1 ; clk          ; clk         ; 0.000        ; 0.064      ; 0.869      ;
; 0.674 ; pc[3]                        ; ir[24]                       ; clk          ; clk         ; 0.000        ; 0.064      ; 0.895      ;
; 0.675 ; Datapath:dp|out_imag[1]      ; final_out_imag[1]~reg0       ; clk          ; clk         ; 0.000        ; 0.064      ; 0.896      ;
; 0.682 ; ControlUnit:cu|state.IDLE    ; ControlUnit:cu|state.CMAG2_1 ; clk          ; clk         ; 0.000        ; 0.064      ; 0.903      ;
; 0.686 ; start_alu                    ; ControlUnit:cu|state.IDLE    ; clk          ; clk         ; 0.000        ; 0.064      ; 0.907      ;
; 0.690 ; ir[34]                       ; opcode_reg[2]                ; clk          ; clk         ; 0.000        ; 0.064      ; 0.911      ;
; 0.695 ; ControlUnit:cu|state.CMAG2_1 ; ControlUnit:cu|state.CMAG2_2 ; clk          ; clk         ; 0.000        ; 0.065      ; 0.917      ;
; 0.702 ; Datapath:dp|out_real[12]     ; final_out_real[12]~reg0      ; clk          ; clk         ; 0.000        ; 0.051      ; 0.910      ;
; 0.708 ; Datapath:dp|out_real[11]     ; final_out_real[11]~reg0      ; clk          ; clk         ; 0.000        ; -0.252     ; 0.613      ;
; 0.711 ; opcode_reg[0]                ; ControlUnit:cu|state.CMUL1   ; clk          ; clk         ; 0.000        ; 0.065      ; 0.933      ;
; 0.723 ; opcode_reg[0]                ; ControlUnit:cu|state.CADD1   ; clk          ; clk         ; 0.000        ; 0.066      ; 0.946      ;
; 0.726 ; opcode_reg[0]                ; ControlUnit:cu|state.CSUB1   ; clk          ; clk         ; 0.000        ; 0.066      ; 0.949      ;
; 0.727 ; opcode_reg[0]                ; ControlUnit:cu|state.CONJ1   ; clk          ; clk         ; 0.000        ; 0.066      ; 0.950      ;
; 0.743 ; pc[0]                        ; ir[24]                       ; clk          ; clk         ; 0.000        ; 0.065      ; 0.965      ;
; 0.789 ; pc[4]                        ; pipe_state.FETCH             ; clk          ; clk         ; 0.000        ; 0.064      ; 1.010      ;
; 0.789 ; ir[13]                       ; B_real_reg[5]                ; clk          ; clk         ; 0.000        ; 0.066      ; 1.012      ;
; 0.808 ; pc[4]                        ; ir[24]                       ; clk          ; clk         ; 0.000        ; 0.064      ; 1.029      ;
; 0.813 ; pc[4]                        ; ir[16]                       ; clk          ; clk         ; 0.000        ; 0.064      ; 1.034      ;
; 0.841 ; opcode_reg[2]                ; ControlUnit:cu|state.CMUL1   ; clk          ; clk         ; 0.000        ; 0.065      ; 1.063      ;
; 0.848 ; pc[0]                        ; ir[32]                       ; clk          ; clk         ; 0.000        ; 0.067      ; 1.072      ;
; 0.848 ; pc[0]                        ; ir[33]                       ; clk          ; clk         ; 0.000        ; 0.067      ; 1.072      ;
; 0.848 ; pc[0]                        ; ir[8]                        ; clk          ; clk         ; 0.000        ; 0.067      ; 1.072      ;
; 0.849 ; pc[0]                        ; ir[34]                       ; clk          ; clk         ; 0.000        ; 0.067      ; 1.073      ;
; 0.849 ; pc[0]                        ; ir[26]                       ; clk          ; clk         ; 0.000        ; 0.067      ; 1.073      ;
; 0.852 ; pc[4]                        ; ir[10]                       ; clk          ; clk         ; 0.000        ; 0.064      ; 1.073      ;
; 0.852 ; pc[0]                        ; ir[2]                        ; clk          ; clk         ; 0.000        ; 0.067      ; 1.076      ;
; 0.852 ; pc[0]                        ; ir[18]                       ; clk          ; clk         ; 0.000        ; 0.067      ; 1.076      ;
; 0.852 ; pc[0]                        ; ir[11]                       ; clk          ; clk         ; 0.000        ; 0.067      ; 1.076      ;
; 0.852 ; pc[0]                        ; ir[19]                       ; clk          ; clk         ; 0.000        ; 0.067      ; 1.076      ;
; 0.852 ; pc[0]                        ; ir[13]                       ; clk          ; clk         ; 0.000        ; 0.067      ; 1.076      ;
; 0.852 ; pc[0]                        ; ir[21]                       ; clk          ; clk         ; 0.000        ; 0.067      ; 1.076      ;
; 0.852 ; pc[0]                        ; ir[29]                       ; clk          ; clk         ; 0.000        ; 0.067      ; 1.076      ;
; 0.853 ; pc[4]                        ; ir[17]                       ; clk          ; clk         ; 0.000        ; 0.064      ; 1.074      ;
; 0.863 ; pc[1]                        ; pc[2]                        ; clk          ; clk         ; 0.000        ; 0.064      ; 1.084      ;
; 0.865 ; pc[1]                        ; pc[3]                        ; clk          ; clk         ; 0.000        ; 0.064      ; 1.086      ;
; 0.866 ; ControlUnit:cu|state.CMUL6   ; ControlUnit:cu|state.CMUL7   ; clk          ; clk         ; 0.000        ; 0.064      ; 1.087      ;
; 0.869 ; pc[3]                        ; pc[4]                        ; clk          ; clk         ; 0.000        ; 0.064      ; 1.090      ;
; 0.873 ; ControlUnit:cu|state.CSUB1   ; ControlUnit:cu|state.CSUB2   ; clk          ; clk         ; 0.000        ; 0.065      ; 1.095      ;
; 0.874 ; pc[2]                        ; pc[3]                        ; clk          ; clk         ; 0.000        ; 0.064      ; 1.095      ;
; 0.879 ; Datapath:dp|out_real[10]     ; final_out_real[10]~reg0      ; clk          ; clk         ; 0.000        ; 0.051      ; 1.087      ;
; 0.887 ; ir[26]                       ; A_real_reg[2]                ; clk          ; clk         ; 0.000        ; 0.065      ; 1.109      ;
; 0.889 ; ir[21]                       ; A_imag_reg[5]                ; clk          ; clk         ; 0.000        ; 0.065      ; 1.111      ;
; 0.890 ; opcode_reg[1]                ; ControlUnit:cu|state.IDLE    ; clk          ; clk         ; 0.000        ; 0.064      ; 1.111      ;
; 0.905 ; pc[0]                        ; pc[1]                        ; clk          ; clk         ; 0.000        ; 0.065      ; 1.127      ;
; 0.910 ; ir[27]                       ; A_real_reg[3]                ; clk          ; clk         ; 0.000        ; 0.067      ; 1.134      ;
; 0.910 ; opcode_reg[2]                ; ControlUnit:cu|state.IDLE    ; clk          ; clk         ; 0.000        ; 0.064      ; 1.131      ;
; 0.910 ; start_alu                    ; ControlUnit:cu|state.CMAG2_1 ; clk          ; clk         ; 0.000        ; 0.064      ; 1.131      ;
; 0.917 ; ir[19]                       ; A_imag_reg[3]                ; clk          ; clk         ; 0.000        ; 0.065      ; 1.139      ;
; 0.918 ; ir[10]                       ; B_real_reg[2]                ; clk          ; clk         ; 0.000        ; 0.067      ; 1.142      ;
; 0.923 ; pc[1]                        ; ir[27]                       ; clk          ; clk         ; 0.000        ; 0.064      ; 1.144      ;
; 0.943 ; opcode_reg[0]                ; ControlUnit:cu|state.IDLE    ; clk          ; clk         ; 0.000        ; 0.064      ; 1.164      ;
; 0.946 ; opcode_reg[1]                ; ControlUnit:cu|state.CONJ1   ; clk          ; clk         ; 0.000        ; 0.066      ; 1.169      ;
; 0.948 ; Datapath:dp|out_real[8]      ; final_out_real[8]~reg0       ; clk          ; clk         ; 0.000        ; 0.060      ; 1.165      ;
; 0.949 ; ControlUnit:cu|state.IDLE    ; ControlUnit:cu|state.CMUL1   ; clk          ; clk         ; 0.000        ; 0.065      ; 1.171      ;
; 0.951 ; A_real_reg[3]                ; Datapath:dp|out_real[3]      ; clk          ; clk         ; 0.000        ; 0.062      ; 1.170      ;
; 0.954 ; opcode_reg[1]                ; ControlUnit:cu|state.CSUB1   ; clk          ; clk         ; 0.000        ; 0.066      ; 1.177      ;
; 0.972 ; pc[3]                        ; ir[10]                       ; clk          ; clk         ; 0.000        ; 0.064      ; 1.193      ;
; 0.973 ; pc[3]                        ; ir[17]                       ; clk          ; clk         ; 0.000        ; 0.064      ; 1.194      ;
; 0.974 ; opcode_reg[2]                ; ControlUnit:cu|state.CSUB1   ; clk          ; clk         ; 0.000        ; 0.066      ; 1.197      ;
; 0.975 ; pc[1]                        ; pc[4]                        ; clk          ; clk         ; 0.000        ; 0.064      ; 1.196      ;
; 0.978 ; A_real_reg[2]                ; Datapath:dp|out_real[2]      ; clk          ; clk         ; 0.000        ; 0.062      ; 1.197      ;
; 0.978 ; pipe_state.DECODE            ; start_alu                    ; clk          ; clk         ; 0.000        ; 0.066      ; 1.201      ;
; 0.983 ; ControlUnit:cu|state.CMUL7   ; pipe_state.EXECUTE           ; clk          ; clk         ; 0.000        ; 0.062      ; 1.202      ;
; 0.984 ; pc[2]                        ; pc[4]                        ; clk          ; clk         ; 0.000        ; 0.064      ; 1.205      ;
; 0.993 ; opcode_reg[1]                ; ControlUnit:cu|state.CADD1   ; clk          ; clk         ; 0.000        ; 0.066      ; 1.216      ;
; 1.000 ; Datapath:dp|out_imag[14]     ; final_out_imag[14]~reg0      ; clk          ; clk         ; 0.000        ; -0.262     ; 0.895      ;
; 1.002 ; opcode_reg[2]                ; ControlUnit:cu|state.CONJ1   ; clk          ; clk         ; 0.000        ; 0.066      ; 1.225      ;
; 1.008 ; pipe_state.UPDATE            ; pipe_state.FETCH             ; clk          ; clk         ; 0.000        ; 0.062      ; 1.227      ;
; 1.010 ; opcode_reg[2]                ; ControlUnit:cu|state.CADD1   ; clk          ; clk         ; 0.000        ; 0.066      ; 1.233      ;
; 1.011 ; Datapath:dp|out_imag[5]      ; final_out_imag[5]~reg0       ; clk          ; clk         ; 0.000        ; -0.290     ; 0.878      ;
; 1.024 ; Datapath:dp|out_imag[13]     ; final_out_imag[13]~reg0      ; clk          ; clk         ; 0.000        ; -0.262     ; 0.919      ;
; 1.024 ; ir[33]                       ; pipe_state.EXECUTE           ; clk          ; clk         ; 0.000        ; 0.064      ; 1.245      ;
+-------+------------------------------+------------------------------+--------------+-------------+--------------+------------+------------+


+---------------------------------------------------------------------------------------------------------+
; Slow 1200mV 85C Model Minimum Pulse Width: 'clk'                                                        ;
+--------+--------------+----------------+------------+-------+------------+------------------------------+
; Slack  ; Actual Width ; Required Width ; Type       ; Clock ; Clock Edge ; Target                       ;
+--------+--------------+----------------+------------+-------+------------+------------------------------+
; -3.000 ; 1.000        ; 4.000          ; Port Rate  ; clk   ; Rise       ; clk                          ;
; -1.000 ; 1.000        ; 2.000          ; Min Period ; clk   ; Rise       ; A_imag_reg[0]                ;
; -1.000 ; 1.000        ; 2.000          ; Min Period ; clk   ; Rise       ; A_imag_reg[1]                ;
; -1.000 ; 1.000        ; 2.000          ; Min Period ; clk   ; Rise       ; A_imag_reg[2]                ;
; -1.000 ; 1.000        ; 2.000          ; Min Period ; clk   ; Rise       ; A_imag_reg[3]                ;
; -1.000 ; 1.000        ; 2.000          ; Min Period ; clk   ; Rise       ; A_imag_reg[5]                ;
; -1.000 ; 1.000        ; 2.000          ; Min Period ; clk   ; Rise       ; A_real_reg[0]                ;
; -1.000 ; 1.000        ; 2.000          ; Min Period ; clk   ; Rise       ; A_real_reg[1]                ;
; -1.000 ; 1.000        ; 2.000          ; Min Period ; clk   ; Rise       ; A_real_reg[2]                ;
; -1.000 ; 1.000        ; 2.000          ; Min Period ; clk   ; Rise       ; A_real_reg[3]                ;
; -1.000 ; 1.000        ; 2.000          ; Min Period ; clk   ; Rise       ; A_real_reg[5]                ;
; -1.000 ; 1.000        ; 2.000          ; Min Period ; clk   ; Rise       ; B_imag_reg[0]                ;
; -1.000 ; 1.000        ; 2.000          ; Min Period ; clk   ; Rise       ; B_imag_reg[2]                ;
; -1.000 ; 1.000        ; 2.000          ; Min Period ; clk   ; Rise       ; B_real_reg[0]                ;
; -1.000 ; 1.000        ; 2.000          ; Min Period ; clk   ; Rise       ; B_real_reg[1]                ;
; -1.000 ; 1.000        ; 2.000          ; Min Period ; clk   ; Rise       ; B_real_reg[2]                ;
; -1.000 ; 1.000        ; 2.000          ; Min Period ; clk   ; Rise       ; B_real_reg[3]                ;
; -1.000 ; 1.000        ; 2.000          ; Min Period ; clk   ; Rise       ; B_real_reg[5]                ;
; -1.000 ; 1.000        ; 2.000          ; Min Period ; clk   ; Rise       ; ControlUnit:cu|state.CADD1   ;
; -1.000 ; 1.000        ; 2.000          ; Min Period ; clk   ; Rise       ; ControlUnit:cu|state.CADD2   ;
; -1.000 ; 1.000        ; 2.000          ; Min Period ; clk   ; Rise       ; ControlUnit:cu|state.CMAG2_1 ;
; -1.000 ; 1.000        ; 2.000          ; Min Period ; clk   ; Rise       ; ControlUnit:cu|state.CMAG2_2 ;
; -1.000 ; 1.000        ; 2.000          ; Min Period ; clk   ; Rise       ; ControlUnit:cu|state.CMAG2_3 ;
; -1.000 ; 1.000        ; 2.000          ; Min Period ; clk   ; Rise       ; ControlUnit:cu|state.CMAG2_4 ;
; -1.000 ; 1.000        ; 2.000          ; Min Period ; clk   ; Rise       ; ControlUnit:cu|state.CMUL1   ;
; -1.000 ; 1.000        ; 2.000          ; Min Period ; clk   ; Rise       ; ControlUnit:cu|state.CMUL2   ;
; -1.000 ; 1.000        ; 2.000          ; Min Period ; clk   ; Rise       ; ControlUnit:cu|state.CMUL3   ;
; -1.000 ; 1.000        ; 2.000          ; Min Period ; clk   ; Rise       ; ControlUnit:cu|state.CMUL4   ;
; -1.000 ; 1.000        ; 2.000          ; Min Period ; clk   ; Rise       ; ControlUnit:cu|state.CMUL5   ;
; -1.000 ; 1.000        ; 2.000          ; Min Period ; clk   ; Rise       ; ControlUnit:cu|state.CMUL6   ;
; -1.000 ; 1.000        ; 2.000          ; Min Period ; clk   ; Rise       ; ControlUnit:cu|state.CMUL7   ;
; -1.000 ; 1.000        ; 2.000          ; Min Period ; clk   ; Rise       ; ControlUnit:cu|state.CONJ1   ;
; -1.000 ; 1.000        ; 2.000          ; Min Period ; clk   ; Rise       ; ControlUnit:cu|state.CONJ2   ;
; -1.000 ; 1.000        ; 2.000          ; Min Period ; clk   ; Rise       ; ControlUnit:cu|state.CSUB1   ;
; -1.000 ; 1.000        ; 2.000          ; Min Period ; clk   ; Rise       ; ControlUnit:cu|state.CSUB2   ;
; -1.000 ; 1.000        ; 2.000          ; Min Period ; clk   ; Rise       ; ControlUnit:cu|state.IDLE    ;
; -1.000 ; 1.000        ; 2.000          ; Min Period ; clk   ; Rise       ; Datapath:dp|negative_imag    ;
; -1.000 ; 1.000        ; 2.000          ; Min Period ; clk   ; Rise       ; Datapath:dp|negative_real    ;
; -1.000 ; 1.000        ; 2.000          ; Min Period ; clk   ; Rise       ; Datapath:dp|out_imag[0]      ;
; -1.000 ; 1.000        ; 2.000          ; Min Period ; clk   ; Rise       ; Datapath:dp|out_imag[10]     ;
; -1.000 ; 1.000        ; 2.000          ; Min Period ; clk   ; Rise       ; Datapath:dp|out_imag[11]     ;
; -1.000 ; 1.000        ; 2.000          ; Min Period ; clk   ; Rise       ; Datapath:dp|out_imag[12]     ;
; -1.000 ; 1.000        ; 2.000          ; Min Period ; clk   ; Rise       ; Datapath:dp|out_imag[13]     ;
; -1.000 ; 1.000        ; 2.000          ; Min Period ; clk   ; Rise       ; Datapath:dp|out_imag[14]     ;
; -1.000 ; 1.000        ; 2.000          ; Min Period ; clk   ; Rise       ; Datapath:dp|out_imag[1]      ;
; -1.000 ; 1.000        ; 2.000          ; Min Period ; clk   ; Rise       ; Datapath:dp|out_imag[2]      ;
; -1.000 ; 1.000        ; 2.000          ; Min Period ; clk   ; Rise       ; Datapath:dp|out_imag[3]      ;
; -1.000 ; 1.000        ; 2.000          ; Min Period ; clk   ; Rise       ; Datapath:dp|out_imag[4]      ;
; -1.000 ; 1.000        ; 2.000          ; Min Period ; clk   ; Rise       ; Datapath:dp|out_imag[5]      ;
; -1.000 ; 1.000        ; 2.000          ; Min Period ; clk   ; Rise       ; Datapath:dp|out_imag[6]      ;
; -1.000 ; 1.000        ; 2.000          ; Min Period ; clk   ; Rise       ; Datapath:dp|out_imag[7]      ;
; -1.000 ; 1.000        ; 2.000          ; Min Period ; clk   ; Rise       ; Datapath:dp|out_imag[8]      ;
; -1.000 ; 1.000        ; 2.000          ; Min Period ; clk   ; Rise       ; Datapath:dp|out_imag[9]      ;
; -1.000 ; 1.000        ; 2.000          ; Min Period ; clk   ; Rise       ; Datapath:dp|out_real[0]      ;
; -1.000 ; 1.000        ; 2.000          ; Min Period ; clk   ; Rise       ; Datapath:dp|out_real[10]     ;
; -1.000 ; 1.000        ; 2.000          ; Min Period ; clk   ; Rise       ; Datapath:dp|out_real[11]     ;
; -1.000 ; 1.000        ; 2.000          ; Min Period ; clk   ; Rise       ; Datapath:dp|out_real[12]     ;
; -1.000 ; 1.000        ; 2.000          ; Min Period ; clk   ; Rise       ; Datapath:dp|out_real[13]     ;
; -1.000 ; 1.000        ; 2.000          ; Min Period ; clk   ; Rise       ; Datapath:dp|out_real[14]     ;
; -1.000 ; 1.000        ; 2.000          ; Min Period ; clk   ; Rise       ; Datapath:dp|out_real[1]      ;
; -1.000 ; 1.000        ; 2.000          ; Min Period ; clk   ; Rise       ; Datapath:dp|out_real[2]      ;
; -1.000 ; 1.000        ; 2.000          ; Min Period ; clk   ; Rise       ; Datapath:dp|out_real[3]      ;
; -1.000 ; 1.000        ; 2.000          ; Min Period ; clk   ; Rise       ; Datapath:dp|out_real[4]      ;
; -1.000 ; 1.000        ; 2.000          ; Min Period ; clk   ; Rise       ; Datapath:dp|out_real[5]      ;
; -1.000 ; 1.000        ; 2.000          ; Min Period ; clk   ; Rise       ; Datapath:dp|out_real[6]      ;
; -1.000 ; 1.000        ; 2.000          ; Min Period ; clk   ; Rise       ; Datapath:dp|out_real[7]      ;
; -1.000 ; 1.000        ; 2.000          ; Min Period ; clk   ; Rise       ; Datapath:dp|out_real[8]      ;
; -1.000 ; 1.000        ; 2.000          ; Min Period ; clk   ; Rise       ; Datapath:dp|out_real[9]      ;
; -1.000 ; 1.000        ; 2.000          ; Min Period ; clk   ; Rise       ; Datapath:dp|reg1[0]          ;
; -1.000 ; 1.000        ; 2.000          ; Min Period ; clk   ; Rise       ; Datapath:dp|reg1[10]         ;
; -1.000 ; 1.000        ; 2.000          ; Min Period ; clk   ; Rise       ; Datapath:dp|reg1[11]         ;
; -1.000 ; 1.000        ; 2.000          ; Min Period ; clk   ; Rise       ; Datapath:dp|reg1[12]         ;
; -1.000 ; 1.000        ; 2.000          ; Min Period ; clk   ; Rise       ; Datapath:dp|reg1[13]         ;
; -1.000 ; 1.000        ; 2.000          ; Min Period ; clk   ; Rise       ; Datapath:dp|reg1[14]         ;
; -1.000 ; 1.000        ; 2.000          ; Min Period ; clk   ; Rise       ; Datapath:dp|reg1[15]         ;
; -1.000 ; 1.000        ; 2.000          ; Min Period ; clk   ; Rise       ; Datapath:dp|reg1[1]          ;
; -1.000 ; 1.000        ; 2.000          ; Min Period ; clk   ; Rise       ; Datapath:dp|reg1[2]          ;
; -1.000 ; 1.000        ; 2.000          ; Min Period ; clk   ; Rise       ; Datapath:dp|reg1[3]          ;
; -1.000 ; 1.000        ; 2.000          ; Min Period ; clk   ; Rise       ; Datapath:dp|reg1[4]          ;
; -1.000 ; 1.000        ; 2.000          ; Min Period ; clk   ; Rise       ; Datapath:dp|reg1[5]          ;
; -1.000 ; 1.000        ; 2.000          ; Min Period ; clk   ; Rise       ; Datapath:dp|reg1[6]          ;
; -1.000 ; 1.000        ; 2.000          ; Min Period ; clk   ; Rise       ; Datapath:dp|reg1[7]          ;
; -1.000 ; 1.000        ; 2.000          ; Min Period ; clk   ; Rise       ; Datapath:dp|reg1[8]          ;
; -1.000 ; 1.000        ; 2.000          ; Min Period ; clk   ; Rise       ; Datapath:dp|reg1[9]          ;
; -1.000 ; 1.000        ; 2.000          ; Min Period ; clk   ; Rise       ; Datapath:dp|reg2[0]          ;
; -1.000 ; 1.000        ; 2.000          ; Min Period ; clk   ; Rise       ; Datapath:dp|reg2[10]         ;
; -1.000 ; 1.000        ; 2.000          ; Min Period ; clk   ; Rise       ; Datapath:dp|reg2[11]         ;
; -1.000 ; 1.000        ; 2.000          ; Min Period ; clk   ; Rise       ; Datapath:dp|reg2[12]         ;
; -1.000 ; 1.000        ; 2.000          ; Min Period ; clk   ; Rise       ; Datapath:dp|reg2[13]         ;
; -1.000 ; 1.000        ; 2.000          ; Min Period ; clk   ; Rise       ; Datapath:dp|reg2[14]         ;
; -1.000 ; 1.000        ; 2.000          ; Min Period ; clk   ; Rise       ; Datapath:dp|reg2[15]         ;
; -1.000 ; 1.000        ; 2.000          ; Min Period ; clk   ; Rise       ; Datapath:dp|reg2[1]          ;
; -1.000 ; 1.000        ; 2.000          ; Min Period ; clk   ; Rise       ; Datapath:dp|reg2[2]          ;
; -1.000 ; 1.000        ; 2.000          ; Min Period ; clk   ; Rise       ; Datapath:dp|reg2[3]          ;
; -1.000 ; 1.000        ; 2.000          ; Min Period ; clk   ; Rise       ; Datapath:dp|reg2[4]          ;
; -1.000 ; 1.000        ; 2.000          ; Min Period ; clk   ; Rise       ; Datapath:dp|reg2[5]          ;
; -1.000 ; 1.000        ; 2.000          ; Min Period ; clk   ; Rise       ; Datapath:dp|reg2[6]          ;
; -1.000 ; 1.000        ; 2.000          ; Min Period ; clk   ; Rise       ; Datapath:dp|reg2[7]          ;
; -1.000 ; 1.000        ; 2.000          ; Min Period ; clk   ; Rise       ; Datapath:dp|reg2[8]          ;
; -1.000 ; 1.000        ; 2.000          ; Min Period ; clk   ; Rise       ; Datapath:dp|reg2[9]          ;
+--------+--------------+----------------+------------+-------+------------+------------------------------+


+-----------------------------------------------------------------------+
; Setup Times                                                           ;
+-----------+------------+-------+-------+------------+-----------------+
; Data Port ; Clock Port ; Rise  ; Fall  ; Clock Edge ; Clock Reference ;
+-----------+------------+-------+-------+------------+-----------------+
; rst       ; clk        ; 2.044 ; 2.138 ; Rise       ; clk             ;
+-----------+------------+-------+-------+------------+-----------------+


+-------------------------------------------------------------------------+
; Hold Times                                                              ;
+-----------+------------+--------+--------+------------+-----------------+
; Data Port ; Clock Port ; Rise   ; Fall   ; Clock Edge ; Clock Reference ;
+-----------+------------+--------+--------+------------+-----------------+
; rst       ; clk        ; -1.063 ; -1.140 ; Rise       ; clk             ;
+-----------+------------+--------+--------+------------+-----------------+


+---------------------------------------------------------------------------------+
; Clock to Output Times                                                           ;
+---------------------+------------+-------+-------+------------+-----------------+
; Data Port           ; Clock Port ; Rise  ; Fall  ; Clock Edge ; Clock Reference ;
+---------------------+------------+-------+-------+------------+-----------------+
; done_all            ; clk        ; 6.485 ; 6.494 ; Rise       ; clk             ;
; final_neg_imag      ; clk        ; 6.684 ; 6.691 ; Rise       ; clk             ;
; final_neg_real      ; clk        ; 6.371 ; 6.330 ; Rise       ; clk             ;
; final_out_imag[*]   ; clk        ; 7.596 ; 7.636 ; Rise       ; clk             ;
;  final_out_imag[0]  ; clk        ; 6.435 ; 6.424 ; Rise       ; clk             ;
;  final_out_imag[1]  ; clk        ; 6.226 ; 6.204 ; Rise       ; clk             ;
;  final_out_imag[2]  ; clk        ; 7.596 ; 7.636 ; Rise       ; clk             ;
;  final_out_imag[3]  ; clk        ; 6.215 ; 6.175 ; Rise       ; clk             ;
;  final_out_imag[4]  ; clk        ; 7.049 ; 7.066 ; Rise       ; clk             ;
;  final_out_imag[5]  ; clk        ; 6.442 ; 6.417 ; Rise       ; clk             ;
;  final_out_imag[6]  ; clk        ; 6.359 ; 6.301 ; Rise       ; clk             ;
;  final_out_imag[7]  ; clk        ; 6.918 ; 6.900 ; Rise       ; clk             ;
;  final_out_imag[8]  ; clk        ; 6.203 ; 6.136 ; Rise       ; clk             ;
;  final_out_imag[9]  ; clk        ; 6.122 ; 6.077 ; Rise       ; clk             ;
;  final_out_imag[10] ; clk        ; 6.027 ; 5.968 ; Rise       ; clk             ;
;  final_out_imag[11] ; clk        ; 6.665 ; 6.640 ; Rise       ; clk             ;
;  final_out_imag[12] ; clk        ; 6.616 ; 6.608 ; Rise       ; clk             ;
;  final_out_imag[13] ; clk        ; 7.166 ; 7.205 ; Rise       ; clk             ;
;  final_out_imag[14] ; clk        ; 6.665 ; 6.646 ; Rise       ; clk             ;
;  final_out_imag[15] ; clk        ; 7.052 ; 7.058 ; Rise       ; clk             ;
; final_out_real[*]   ; clk        ; 7.142 ; 7.132 ; Rise       ; clk             ;
;  final_out_real[0]  ; clk        ; 6.429 ; 6.397 ; Rise       ; clk             ;
;  final_out_real[1]  ; clk        ; 5.927 ; 5.867 ; Rise       ; clk             ;
;  final_out_real[2]  ; clk        ; 6.887 ; 6.874 ; Rise       ; clk             ;
;  final_out_real[3]  ; clk        ; 6.370 ; 6.336 ; Rise       ; clk             ;
;  final_out_real[4]  ; clk        ; 6.102 ; 6.057 ; Rise       ; clk             ;
;  final_out_real[5]  ; clk        ; 6.274 ; 6.209 ; Rise       ; clk             ;
;  final_out_real[6]  ; clk        ; 6.368 ; 6.335 ; Rise       ; clk             ;
;  final_out_real[7]  ; clk        ; 7.142 ; 7.132 ; Rise       ; clk             ;
;  final_out_real[8]  ; clk        ; 7.110 ; 7.070 ; Rise       ; clk             ;
;  final_out_real[9]  ; clk        ; 6.923 ; 6.893 ; Rise       ; clk             ;
;  final_out_real[10] ; clk        ; 6.650 ; 6.639 ; Rise       ; clk             ;
;  final_out_real[11] ; clk        ; 6.193 ; 6.126 ; Rise       ; clk             ;
;  final_out_real[12] ; clk        ; 6.662 ; 6.631 ; Rise       ; clk             ;
;  final_out_real[13] ; clk        ; 6.005 ; 5.948 ; Rise       ; clk             ;
;  final_out_real[14] ; clk        ; 6.855 ; 6.829 ; Rise       ; clk             ;
;  final_out_real[15] ; clk        ; 6.826 ; 6.832 ; Rise       ; clk             ;
; final_overflow      ; clk        ; 6.095 ; 6.038 ; Rise       ; clk             ;
; final_zero          ; clk        ; 6.107 ; 6.067 ; Rise       ; clk             ;
+---------------------+------------+-------+-------+------------+-----------------+


+---------------------------------------------------------------------------------+
; Minimum Clock to Output Times                                                   ;
+---------------------+------------+-------+-------+------------+-----------------+
; Data Port           ; Clock Port ; Rise  ; Fall  ; Clock Edge ; Clock Reference ;
+---------------------+------------+-------+-------+------------+-----------------+
; done_all            ; clk        ; 6.272 ; 6.278 ; Rise       ; clk             ;
; final_neg_imag      ; clk        ; 6.462 ; 6.466 ; Rise       ; clk             ;
; final_neg_real      ; clk        ; 6.162 ; 6.120 ; Rise       ; clk             ;
; final_out_imag[*]   ; clk        ; 5.836 ; 5.775 ; Rise       ; clk             ;
;  final_out_imag[0]  ; clk        ; 6.226 ; 6.212 ; Rise       ; clk             ;
;  final_out_imag[1]  ; clk        ; 6.022 ; 5.998 ; Rise       ; clk             ;
;  final_out_imag[2]  ; clk        ; 7.372 ; 7.408 ; Rise       ; clk             ;
;  final_out_imag[3]  ; clk        ; 6.012 ; 5.969 ; Rise       ; clk             ;
;  final_out_imag[4]  ; clk        ; 6.846 ; 6.861 ; Rise       ; clk             ;
;  final_out_imag[5]  ; clk        ; 6.224 ; 6.196 ; Rise       ; clk             ;
;  final_out_imag[6]  ; clk        ; 6.150 ; 6.091 ; Rise       ; clk             ;
;  final_out_imag[7]  ; clk        ; 6.690 ; 6.668 ; Rise       ; clk             ;
;  final_out_imag[8]  ; clk        ; 5.995 ; 5.927 ; Rise       ; clk             ;
;  final_out_imag[9]  ; clk        ; 5.924 ; 5.877 ; Rise       ; clk             ;
;  final_out_imag[10] ; clk        ; 5.836 ; 5.775 ; Rise       ; clk             ;
;  final_out_imag[11] ; clk        ; 6.445 ; 6.418 ; Rise       ; clk             ;
;  final_out_imag[12] ; clk        ; 6.397 ; 6.387 ; Rise       ; clk             ;
;  final_out_imag[13] ; clk        ; 6.952 ; 6.988 ; Rise       ; clk             ;
;  final_out_imag[14] ; clk        ; 6.447 ; 6.425 ; Rise       ; clk             ;
;  final_out_imag[15] ; clk        ; 6.844 ; 6.847 ; Rise       ; clk             ;
; final_out_real[*]   ; clk        ; 5.736 ; 5.674 ; Rise       ; clk             ;
;  final_out_real[0]  ; clk        ; 6.219 ; 6.184 ; Rise       ; clk             ;
;  final_out_real[1]  ; clk        ; 5.736 ; 5.674 ; Rise       ; clk             ;
;  final_out_real[2]  ; clk        ; 6.653 ; 6.636 ; Rise       ; clk             ;
;  final_out_real[3]  ; clk        ; 6.161 ; 6.126 ; Rise       ; clk             ;
;  final_out_real[4]  ; clk        ; 5.903 ; 5.857 ; Rise       ; clk             ;
;  final_out_real[5]  ; clk        ; 6.073 ; 6.006 ; Rise       ; clk             ;
;  final_out_real[6]  ; clk        ; 6.160 ; 6.125 ; Rise       ; clk             ;
;  final_out_real[7]  ; clk        ; 6.901 ; 6.887 ; Rise       ; clk             ;
;  final_out_real[8]  ; clk        ; 6.873 ; 6.831 ; Rise       ; clk             ;
;  final_out_real[9]  ; clk        ; 6.694 ; 6.662 ; Rise       ; clk             ;
;  final_out_real[10] ; clk        ; 6.433 ; 6.417 ; Rise       ; clk             ;
;  final_out_real[11] ; clk        ; 5.993 ; 5.925 ; Rise       ; clk             ;
;  final_out_real[12] ; clk        ; 6.441 ; 6.409 ; Rise       ; clk             ;
;  final_out_real[13] ; clk        ; 5.812 ; 5.754 ; Rise       ; clk             ;
;  final_out_real[14] ; clk        ; 6.630 ; 6.601 ; Rise       ; clk             ;
;  final_out_real[15] ; clk        ; 6.631 ; 6.636 ; Rise       ; clk             ;
; final_overflow      ; clk        ; 5.901 ; 5.843 ; Rise       ; clk             ;
; final_zero          ; clk        ; 5.909 ; 5.867 ; Rise       ; clk             ;
+---------------------+------------+-------+-------+------------+-----------------+


----------------------------------------------
; Slow 1200mV 85C Model Metastability Report ;
----------------------------------------------
No synchronizer chains to report.


+--------------------------------------------------+
; Slow 1200mV 0C Model Fmax Summary                ;
+------------+-----------------+------------+------+
; Fmax       ; Restricted Fmax ; Clock Name ; Note ;
+------------+-----------------+------------+------+
; 129.75 MHz ; 129.75 MHz      ; clk        ;      ;
+------------+-----------------+------------+------+
This panel reports FMAX for every clock in the design, regardless of the user-specified clock periods.  FMAX is only computed for paths where the source and destination registers or ports are driven by the same clock.  Paths of different clocks, including generated clocks, are ignored.  For paths between a clock and its inversion, FMAX is computed as if the rising and falling edges are scaled along with FMAX, such that the duty cycle (in terms of a percentage) is maintained. Altera recommends that you always use clock constraints and other slack reports for sign-off analysis.


+------------------------------------+
; Slow 1200mV 0C Model Setup Summary ;
+-------+--------+-------------------+
; Clock ; Slack  ; End Point TNS     ;
+-------+--------+-------------------+
; clk   ; -6.707 ; -603.387          ;
+-------+--------+-------------------+


+-----------------------------------+
; Slow 1200mV 0C Model Hold Summary ;
+-------+-------+-------------------+
; Clock ; Slack ; End Point TNS     ;
+-------+-------+-------------------+
; clk   ; 0.310 ; 0.000             ;
+-------+-------+-------------------+


-----------------------------------------
; Slow 1200mV 0C Model Recovery Summary ;
-----------------------------------------
No paths to report.


----------------------------------------
; Slow 1200mV 0C Model Removal Summary ;
----------------------------------------
No paths to report.


+--------------------------------------------------+
; Slow 1200mV 0C Model Minimum Pulse Width Summary ;
+-------+--------+---------------------------------+
; Clock ; Slack  ; End Point TNS                   ;
+-------+--------+---------------------------------+
; clk   ; -3.000 ; -205.000                        ;
+-------+--------+---------------------------------+


+-----------------------------------------------------------------------------------------------------------------------------------------+
; Slow 1200mV 0C Model Setup: 'clk'                                                                                                       ;
+--------+------------------------------+---------------------------+--------------+-------------+--------------+------------+------------+
; Slack  ; From Node                    ; To Node                   ; Launch Clock ; Latch Clock ; Relationship ; Clock Skew ; Data Delay ;
+--------+------------------------------+---------------------------+--------------+-------------+--------------+------------+------------+
; -6.707 ; ControlUnit:cu|state.CMUL1   ; final_overflow~reg0       ; clk          ; clk         ; 1.000        ; -0.051     ; 7.651      ;
; -6.608 ; ControlUnit:cu|state.CMUL2   ; final_overflow~reg0       ; clk          ; clk         ; 1.000        ; -0.051     ; 7.552      ;
; -6.442 ; ControlUnit:cu|state.CMUL3   ; final_overflow~reg0       ; clk          ; clk         ; 1.000        ; -0.051     ; 7.386      ;
; -6.299 ; ControlUnit:cu|state.CMUL1   ; Datapath:dp|negative_imag ; clk          ; clk         ; 1.000        ; -0.051     ; 7.243      ;
; -6.274 ; ControlUnit:cu|state.CMUL4   ; final_overflow~reg0       ; clk          ; clk         ; 1.000        ; -0.051     ; 7.218      ;
; -6.273 ; ControlUnit:cu|state.CMUL1   ; Datapath:dp|reg4[15]      ; clk          ; clk         ; 1.000        ; 0.268      ; 7.536      ;
; -6.271 ; ControlUnit:cu|state.CMAG2_2 ; final_overflow~reg0       ; clk          ; clk         ; 1.000        ; -0.051     ; 7.215      ;
; -6.200 ; ControlUnit:cu|state.CMUL2   ; Datapath:dp|negative_imag ; clk          ; clk         ; 1.000        ; -0.051     ; 7.144      ;
; -6.197 ; A_imag_reg[3]                ; final_overflow~reg0       ; clk          ; clk         ; 1.000        ; -0.051     ; 7.141      ;
; -6.174 ; ControlUnit:cu|state.CMUL2   ; Datapath:dp|reg4[15]      ; clk          ; clk         ; 1.000        ; 0.268      ; 7.437      ;
; -6.165 ; ControlUnit:cu|state.CMUL1   ; Datapath:dp|out_imag[13]  ; clk          ; clk         ; 1.000        ; 0.232      ; 7.392      ;
; -6.133 ; ControlUnit:cu|state.CONJ2   ; final_overflow~reg0       ; clk          ; clk         ; 1.000        ; -0.055     ; 7.073      ;
; -6.091 ; A_imag_reg[2]                ; final_overflow~reg0       ; clk          ; clk         ; 1.000        ; -0.055     ; 7.031      ;
; -6.087 ; ControlUnit:cu|state.CMUL1   ; Datapath:dp|reg1[9]       ; clk          ; clk         ; 1.000        ; 0.232      ; 7.314      ;
; -6.074 ; ControlUnit:cu|state.CMUL1   ; Datapath:dp|out_imag[10]  ; clk          ; clk         ; 1.000        ; 0.232      ; 7.301      ;
; -6.066 ; ControlUnit:cu|state.CMUL2   ; Datapath:dp|out_imag[13]  ; clk          ; clk         ; 1.000        ; 0.232      ; 7.293      ;
; -6.060 ; ControlUnit:cu|state.CMUL1   ; Datapath:dp|out_imag[8]   ; clk          ; clk         ; 1.000        ; 0.232      ; 7.287      ;
; -6.037 ; ControlUnit:cu|state.CMUL1   ; Datapath:dp|reg1[12]      ; clk          ; clk         ; 1.000        ; 0.232      ; 7.264      ;
; -6.037 ; ControlUnit:cu|state.CMUL1   ; Datapath:dp|reg2[13]      ; clk          ; clk         ; 1.000        ; 0.244      ; 7.276      ;
; -6.037 ; ControlUnit:cu|state.CMUL1   ; Datapath:dp|reg4[14]      ; clk          ; clk         ; 1.000        ; 0.268      ; 7.300      ;
; -6.037 ; ControlUnit:cu|state.CMUL1   ; Datapath:dp|out_imag[11]  ; clk          ; clk         ; 1.000        ; 0.232      ; 7.264      ;
; -6.034 ; ControlUnit:cu|state.CMUL3   ; Datapath:dp|negative_imag ; clk          ; clk         ; 1.000        ; -0.051     ; 6.978      ;
; -6.026 ; ControlUnit:cu|state.CMUL1   ; Datapath:dp|reg1[14]      ; clk          ; clk         ; 1.000        ; 0.269      ; 7.290      ;
; -6.023 ; ControlUnit:cu|state.CMUL1   ; Datapath:dp|out_imag[9]   ; clk          ; clk         ; 1.000        ; 0.232      ; 7.250      ;
; -6.020 ; ControlUnit:cu|state.CMUL1   ; Datapath:dp|reg1[10]      ; clk          ; clk         ; 1.000        ; 0.288      ; 7.303      ;
; -6.012 ; ControlUnit:cu|state.CMUL1   ; Datapath:dp|reg1[13]      ; clk          ; clk         ; 1.000        ; 0.269      ; 7.276      ;
; -6.010 ; ControlUnit:cu|state.CMUL1   ; Datapath:dp|reg2[9]       ; clk          ; clk         ; 1.000        ; 0.282      ; 7.287      ;
; -6.008 ; A_imag_reg[1]                ; final_overflow~reg0       ; clk          ; clk         ; 1.000        ; -0.051     ; 6.952      ;
; -6.008 ; ControlUnit:cu|state.CMUL3   ; Datapath:dp|reg4[15]      ; clk          ; clk         ; 1.000        ; 0.268      ; 7.271      ;
; -6.005 ; ControlUnit:cu|state.CMUL1   ; Datapath:dp|reg2[12]      ; clk          ; clk         ; 1.000        ; 0.282      ; 7.282      ;
; -5.988 ; ControlUnit:cu|state.CMUL2   ; Datapath:dp|reg1[9]       ; clk          ; clk         ; 1.000        ; 0.232      ; 7.215      ;
; -5.986 ; ControlUnit:cu|state.CMUL1   ; Datapath:dp|out_imag[14]  ; clk          ; clk         ; 1.000        ; 0.232      ; 7.213      ;
; -5.983 ; ControlUnit:cu|state.CMUL1   ; Datapath:dp|reg4[12]      ; clk          ; clk         ; 1.000        ; 0.252      ; 7.230      ;
; -5.982 ; ControlUnit:cu|state.CMUL1   ; Datapath:dp|reg2[15]      ; clk          ; clk         ; 1.000        ; 0.244      ; 7.221      ;
; -5.979 ; ControlUnit:cu|state.CMUL1   ; Datapath:dp|reg3[14]      ; clk          ; clk         ; 1.000        ; 0.295      ; 7.269      ;
; -5.975 ; ControlUnit:cu|state.CMUL2   ; Datapath:dp|out_imag[10]  ; clk          ; clk         ; 1.000        ; 0.232      ; 7.202      ;
; -5.961 ; ControlUnit:cu|state.CMUL2   ; Datapath:dp|out_imag[8]   ; clk          ; clk         ; 1.000        ; 0.232      ; 7.188      ;
; -5.959 ; ControlUnit:cu|state.CMUL1   ; Datapath:dp|reg3[9]       ; clk          ; clk         ; 1.000        ; 0.262      ; 7.216      ;
; -5.959 ; ControlUnit:cu|state.CMUL1   ; Datapath:dp|reg1[15]      ; clk          ; clk         ; 1.000        ; 0.269      ; 7.223      ;
; -5.949 ; ControlUnit:cu|state.CMUL1   ; Datapath:dp|reg3[10]      ; clk          ; clk         ; 1.000        ; 0.275      ; 7.219      ;
; -5.938 ; ControlUnit:cu|state.CMUL2   ; Datapath:dp|reg1[12]      ; clk          ; clk         ; 1.000        ; 0.232      ; 7.165      ;
; -5.938 ; ControlUnit:cu|state.CMUL2   ; Datapath:dp|reg2[13]      ; clk          ; clk         ; 1.000        ; 0.244      ; 7.177      ;
; -5.938 ; ControlUnit:cu|state.CMUL2   ; Datapath:dp|reg4[14]      ; clk          ; clk         ; 1.000        ; 0.268      ; 7.201      ;
; -5.938 ; ControlUnit:cu|state.CMUL2   ; Datapath:dp|out_imag[11]  ; clk          ; clk         ; 1.000        ; 0.232      ; 7.165      ;
; -5.937 ; ControlUnit:cu|state.CMUL1   ; Datapath:dp|reg3[12]      ; clk          ; clk         ; 1.000        ; 0.275      ; 7.207      ;
; -5.927 ; ControlUnit:cu|state.CMUL2   ; Datapath:dp|reg1[14]      ; clk          ; clk         ; 1.000        ; 0.269      ; 7.191      ;
; -5.924 ; ControlUnit:cu|state.CMUL2   ; Datapath:dp|out_imag[9]   ; clk          ; clk         ; 1.000        ; 0.232      ; 7.151      ;
; -5.921 ; ControlUnit:cu|state.CMUL2   ; Datapath:dp|reg1[10]      ; clk          ; clk         ; 1.000        ; 0.288      ; 7.204      ;
; -5.915 ; ControlUnit:cu|state.CMUL1   ; Datapath:dp|reg2[11]      ; clk          ; clk         ; 1.000        ; 0.244      ; 7.154      ;
; -5.913 ; ControlUnit:cu|state.CMUL2   ; Datapath:dp|reg1[13]      ; clk          ; clk         ; 1.000        ; 0.269      ; 7.177      ;
; -5.911 ; ControlUnit:cu|state.CMUL2   ; Datapath:dp|reg2[9]       ; clk          ; clk         ; 1.000        ; 0.282      ; 7.188      ;
; -5.908 ; ControlUnit:cu|state.CMUL1   ; Datapath:dp|reg2[14]      ; clk          ; clk         ; 1.000        ; 0.294      ; 7.197      ;
; -5.906 ; ControlUnit:cu|state.CMUL2   ; Datapath:dp|reg2[12]      ; clk          ; clk         ; 1.000        ; 0.282      ; 7.183      ;
; -5.900 ; ControlUnit:cu|state.CMUL3   ; Datapath:dp|out_imag[13]  ; clk          ; clk         ; 1.000        ; 0.232      ; 7.127      ;
; -5.896 ; A_real_reg[1]                ; final_overflow~reg0       ; clk          ; clk         ; 1.000        ; -0.051     ; 6.840      ;
; -5.890 ; ControlUnit:cu|state.CMUL1   ; Datapath:dp|reg1[11]      ; clk          ; clk         ; 1.000        ; 0.269      ; 7.154      ;
; -5.887 ; ControlUnit:cu|state.CMUL2   ; Datapath:dp|out_imag[14]  ; clk          ; clk         ; 1.000        ; 0.232      ; 7.114      ;
; -5.884 ; ControlUnit:cu|state.CMUL1   ; Datapath:dp|reg1[8]       ; clk          ; clk         ; 1.000        ; 0.232      ; 7.111      ;
; -5.884 ; ControlUnit:cu|state.CMUL2   ; Datapath:dp|reg4[12]      ; clk          ; clk         ; 1.000        ; 0.252      ; 7.131      ;
; -5.883 ; ControlUnit:cu|state.CMUL2   ; Datapath:dp|reg2[15]      ; clk          ; clk         ; 1.000        ; 0.244      ; 7.122      ;
; -5.880 ; ControlUnit:cu|state.CMUL2   ; Datapath:dp|reg3[14]      ; clk          ; clk         ; 1.000        ; 0.295      ; 7.170      ;
; -5.866 ; ControlUnit:cu|state.CMUL4   ; Datapath:dp|negative_imag ; clk          ; clk         ; 1.000        ; -0.051     ; 6.810      ;
; -5.863 ; ControlUnit:cu|state.CMUL1   ; Datapath:dp|out_imag[12]  ; clk          ; clk         ; 1.000        ; 0.232      ; 7.090      ;
; -5.863 ; ControlUnit:cu|state.CMAG2_2 ; Datapath:dp|negative_imag ; clk          ; clk         ; 1.000        ; -0.051     ; 6.807      ;
; -5.861 ; ControlUnit:cu|state.CMUL1   ; Datapath:dp|reg4[6]       ; clk          ; clk         ; 1.000        ; 0.252      ; 7.108      ;
; -5.860 ; ControlUnit:cu|state.CMUL2   ; Datapath:dp|reg3[9]       ; clk          ; clk         ; 1.000        ; 0.262      ; 7.117      ;
; -5.860 ; ControlUnit:cu|state.CMUL2   ; Datapath:dp|reg1[15]      ; clk          ; clk         ; 1.000        ; 0.269      ; 7.124      ;
; -5.859 ; ControlUnit:cu|state.CMUL1   ; Datapath:dp|out_imag[6]   ; clk          ; clk         ; 1.000        ; 0.232      ; 7.086      ;
; -5.856 ; A_real_reg[5]                ; final_overflow~reg0       ; clk          ; clk         ; 1.000        ; -0.055     ; 6.796      ;
; -5.850 ; ControlUnit:cu|state.CMUL1   ; Datapath:dp|reg2[6]       ; clk          ; clk         ; 1.000        ; 0.243      ; 7.088      ;
; -5.850 ; ControlUnit:cu|state.CMUL2   ; Datapath:dp|reg3[10]      ; clk          ; clk         ; 1.000        ; 0.275      ; 7.120      ;
; -5.840 ; ControlUnit:cu|state.CMUL4   ; Datapath:dp|reg4[15]      ; clk          ; clk         ; 1.000        ; 0.268      ; 7.103      ;
; -5.838 ; ControlUnit:cu|state.CMUL2   ; Datapath:dp|reg3[12]      ; clk          ; clk         ; 1.000        ; 0.275      ; 7.108      ;
; -5.837 ; ControlUnit:cu|state.CMAG2_2 ; Datapath:dp|reg4[15]      ; clk          ; clk         ; 1.000        ; 0.268      ; 7.100      ;
; -5.822 ; ControlUnit:cu|state.CMUL3   ; Datapath:dp|reg1[9]       ; clk          ; clk         ; 1.000        ; 0.232      ; 7.049      ;
; -5.816 ; ControlUnit:cu|state.CMUL2   ; Datapath:dp|reg2[11]      ; clk          ; clk         ; 1.000        ; 0.244      ; 7.055      ;
; -5.809 ; ControlUnit:cu|state.CMUL3   ; Datapath:dp|out_imag[10]  ; clk          ; clk         ; 1.000        ; 0.232      ; 7.036      ;
; -5.809 ; ControlUnit:cu|state.CMUL2   ; Datapath:dp|reg2[14]      ; clk          ; clk         ; 1.000        ; 0.294      ; 7.098      ;
; -5.805 ; ControlUnit:cu|state.CMUL1   ; Datapath:dp|reg3[15]      ; clk          ; clk         ; 1.000        ; 0.262      ; 7.062      ;
; -5.795 ; ControlUnit:cu|state.CMUL3   ; Datapath:dp|out_imag[8]   ; clk          ; clk         ; 1.000        ; 0.232      ; 7.022      ;
; -5.791 ; ControlUnit:cu|state.CMUL2   ; Datapath:dp|reg1[11]      ; clk          ; clk         ; 1.000        ; 0.269      ; 7.055      ;
; -5.789 ; A_imag_reg[3]                ; Datapath:dp|negative_imag ; clk          ; clk         ; 1.000        ; -0.051     ; 6.733      ;
; -5.785 ; ControlUnit:cu|state.CMUL2   ; Datapath:dp|reg1[8]       ; clk          ; clk         ; 1.000        ; 0.232      ; 7.012      ;
; -5.772 ; ControlUnit:cu|state.CMUL3   ; Datapath:dp|reg1[12]      ; clk          ; clk         ; 1.000        ; 0.232      ; 6.999      ;
; -5.772 ; ControlUnit:cu|state.CMUL3   ; Datapath:dp|reg2[13]      ; clk          ; clk         ; 1.000        ; 0.244      ; 7.011      ;
; -5.772 ; ControlUnit:cu|state.CMUL3   ; Datapath:dp|reg4[14]      ; clk          ; clk         ; 1.000        ; 0.268      ; 7.035      ;
; -5.772 ; ControlUnit:cu|state.CMUL3   ; Datapath:dp|out_imag[11]  ; clk          ; clk         ; 1.000        ; 0.232      ; 6.999      ;
; -5.764 ; ControlUnit:cu|state.CMUL2   ; Datapath:dp|out_imag[12]  ; clk          ; clk         ; 1.000        ; 0.232      ; 6.991      ;
; -5.763 ; A_imag_reg[3]                ; Datapath:dp|reg4[15]      ; clk          ; clk         ; 1.000        ; 0.268      ; 7.026      ;
; -5.762 ; ControlUnit:cu|state.CMUL2   ; Datapath:dp|reg4[6]       ; clk          ; clk         ; 1.000        ; 0.252      ; 7.009      ;
; -5.761 ; ControlUnit:cu|state.CMUL3   ; Datapath:dp|reg1[14]      ; clk          ; clk         ; 1.000        ; 0.269      ; 7.025      ;
; -5.760 ; ControlUnit:cu|state.CMUL2   ; Datapath:dp|out_imag[6]   ; clk          ; clk         ; 1.000        ; 0.232      ; 6.987      ;
; -5.758 ; ControlUnit:cu|state.CMUL3   ; Datapath:dp|out_imag[9]   ; clk          ; clk         ; 1.000        ; 0.232      ; 6.985      ;
; -5.755 ; ControlUnit:cu|state.CMUL3   ; Datapath:dp|reg1[10]      ; clk          ; clk         ; 1.000        ; 0.288      ; 7.038      ;
; -5.751 ; ControlUnit:cu|state.CMUL2   ; Datapath:dp|reg2[6]       ; clk          ; clk         ; 1.000        ; 0.243      ; 6.989      ;
; -5.749 ; A_imag_reg[5]                ; final_overflow~reg0       ; clk          ; clk         ; 1.000        ; -0.052     ; 6.692      ;
; -5.747 ; ControlUnit:cu|state.CMUL1   ; Datapath:dp|reg2[8]       ; clk          ; clk         ; 1.000        ; 0.243      ; 6.985      ;
; -5.747 ; ControlUnit:cu|state.CMUL3   ; Datapath:dp|reg1[13]      ; clk          ; clk         ; 1.000        ; 0.269      ; 7.011      ;
; -5.745 ; ControlUnit:cu|state.CMUL3   ; Datapath:dp|reg2[9]       ; clk          ; clk         ; 1.000        ; 0.282      ; 7.022      ;
; -5.740 ; ControlUnit:cu|state.CMUL3   ; Datapath:dp|reg2[12]      ; clk          ; clk         ; 1.000        ; 0.282      ; 7.017      ;
+--------+------------------------------+---------------------------+--------------+-------------+--------------+------------+------------+


+-------------------------------------------------------------------------------------------------------------------------------------------+
; Slow 1200mV 0C Model Hold: 'clk'                                                                                                          ;
+-------+------------------------------+------------------------------+--------------+-------------+--------------+------------+------------+
; Slack ; From Node                    ; To Node                      ; Launch Clock ; Latch Clock ; Relationship ; Clock Skew ; Data Delay ;
+-------+------------------------------+------------------------------+--------------+-------------+--------------+------------+------------+
; 0.310 ; start_alu                    ; start_alu                    ; clk          ; clk         ; 0.000        ; 0.057      ; 0.511      ;
; 0.310 ; ControlUnit:cu|state.IDLE    ; ControlUnit:cu|state.IDLE    ; clk          ; clk         ; 0.000        ; 0.057      ; 0.511      ;
; 0.310 ; pipe_state.EXECUTE           ; pipe_state.EXECUTE           ; clk          ; clk         ; 0.000        ; 0.057      ; 0.511      ;
; 0.310 ; pipe_state.STALL             ; pipe_state.STALL             ; clk          ; clk         ; 0.000        ; 0.057      ; 0.511      ;
; 0.310 ; done_all~reg0                ; done_all~reg0                ; clk          ; clk         ; 0.000        ; 0.057      ; 0.511      ;
; 0.318 ; pc[0]                        ; pc[0]                        ; clk          ; clk         ; 0.000        ; 0.057      ; 0.519      ;
; 0.332 ; pipe_state.FETCH             ; pipe_state.DECODE            ; clk          ; clk         ; 0.000        ; 0.057      ; 0.533      ;
; 0.334 ; pipe_state.EXECUTE           ; start_alu                    ; clk          ; clk         ; 0.000        ; 0.057      ; 0.535      ;
; 0.337 ; pipe_state.STALL             ; done_all~reg0                ; clk          ; clk         ; 0.000        ; 0.057      ; 0.538      ;
; 0.340 ; Datapath:dp|out_real[2]      ; final_out_real[2]~reg0       ; clk          ; clk         ; 0.000        ; 0.057      ; 0.541      ;
; 0.343 ; pipe_state.EXECUTE           ; pipe_state.UPDATE            ; clk          ; clk         ; 0.000        ; 0.057      ; 0.544      ;
; 0.343 ; Datapath:dp|out_real[1]      ; final_out_real[1]~reg0       ; clk          ; clk         ; 0.000        ; 0.057      ; 0.544      ;
; 0.352 ; Datapath:dp|out_real[5]      ; final_out_real[5]~reg0       ; clk          ; clk         ; 0.000        ; 0.057      ; 0.553      ;
; 0.353 ; Datapath:dp|out_real[6]      ; final_out_real[6]~reg0       ; clk          ; clk         ; 0.000        ; 0.057      ; 0.554      ;
; 0.360 ; pc[4]                        ; pc[4]                        ; clk          ; clk         ; 0.000        ; 0.057      ; 0.561      ;
; 0.467 ; Datapath:dp|out_imag[2]      ; final_out_imag[2]~reg0       ; clk          ; clk         ; 0.000        ; 0.056      ; 0.667      ;
; 0.469 ; Datapath:dp|out_real[3]      ; final_out_real[3]~reg0       ; clk          ; clk         ; 0.000        ; 0.057      ; 0.670      ;
; 0.482 ; Datapath:dp|out_imag[3]      ; final_out_imag[3]~reg0       ; clk          ; clk         ; 0.000        ; 0.056      ; 0.682      ;
; 0.485 ; ControlUnit:cu|state.CMUL1   ; ControlUnit:cu|state.CMUL2   ; clk          ; clk         ; 0.000        ; 0.057      ; 0.686      ;
; 0.486 ; ir[32]                       ; opcode_reg[0]                ; clk          ; clk         ; 0.000        ; 0.057      ; 0.687      ;
; 0.497 ; ControlUnit:cu|state.CMAG2_3 ; ControlUnit:cu|state.CMAG2_4 ; clk          ; clk         ; 0.000        ; 0.057      ; 0.698      ;
; 0.498 ; ir[33]                       ; opcode_reg[1]                ; clk          ; clk         ; 0.000        ; 0.057      ; 0.699      ;
; 0.505 ; ControlUnit:cu|state.CMUL2   ; ControlUnit:cu|state.CMUL3   ; clk          ; clk         ; 0.000        ; 0.057      ; 0.706      ;
; 0.524 ; pc[3]                        ; pc[3]                        ; clk          ; clk         ; 0.000        ; 0.057      ; 0.725      ;
; 0.532 ; pc[1]                        ; pc[1]                        ; clk          ; clk         ; 0.000        ; 0.057      ; 0.733      ;
; 0.541 ; pc[2]                        ; pc[2]                        ; clk          ; clk         ; 0.000        ; 0.057      ; 0.742      ;
; 0.567 ; opcode_reg[1]                ; ControlUnit:cu|state.CMAG2_1 ; clk          ; clk         ; 0.000        ; 0.057      ; 0.768      ;
; 0.573 ; opcode_reg[2]                ; ControlUnit:cu|state.CMAG2_1 ; clk          ; clk         ; 0.000        ; 0.057      ; 0.774      ;
; 0.587 ; opcode_reg[0]                ; ControlUnit:cu|state.CMAG2_1 ; clk          ; clk         ; 0.000        ; 0.057      ; 0.788      ;
; 0.607 ; pc[3]                        ; ir[24]                       ; clk          ; clk         ; 0.000        ; 0.057      ; 0.808      ;
; 0.608 ; ControlUnit:cu|state.IDLE    ; ControlUnit:cu|state.CMAG2_1 ; clk          ; clk         ; 0.000        ; 0.057      ; 0.809      ;
; 0.614 ; start_alu                    ; ControlUnit:cu|state.IDLE    ; clk          ; clk         ; 0.000        ; 0.057      ; 0.815      ;
; 0.617 ; Datapath:dp|out_imag[1]      ; final_out_imag[1]~reg0       ; clk          ; clk         ; 0.000        ; 0.056      ; 0.817      ;
; 0.632 ; ir[34]                       ; opcode_reg[2]                ; clk          ; clk         ; 0.000        ; 0.057      ; 0.833      ;
; 0.639 ; ControlUnit:cu|state.CMAG2_1 ; ControlUnit:cu|state.CMAG2_2 ; clk          ; clk         ; 0.000        ; 0.057      ; 0.840      ;
; 0.642 ; Datapath:dp|out_real[11]     ; final_out_real[11]~reg0      ; clk          ; clk         ; 0.000        ; -0.231     ; 0.555      ;
; 0.643 ; Datapath:dp|out_real[12]     ; final_out_real[12]~reg0      ; clk          ; clk         ; 0.000        ; 0.047      ; 0.834      ;
; 0.652 ; opcode_reg[0]                ; ControlUnit:cu|state.CMUL1   ; clk          ; clk         ; 0.000        ; 0.057      ; 0.853      ;
; 0.665 ; opcode_reg[0]                ; ControlUnit:cu|state.CADD1   ; clk          ; clk         ; 0.000        ; 0.058      ; 0.867      ;
; 0.674 ; opcode_reg[0]                ; ControlUnit:cu|state.CSUB1   ; clk          ; clk         ; 0.000        ; 0.058      ; 0.876      ;
; 0.675 ; opcode_reg[0]                ; ControlUnit:cu|state.CONJ1   ; clk          ; clk         ; 0.000        ; 0.058      ; 0.877      ;
; 0.680 ; pc[0]                        ; ir[24]                       ; clk          ; clk         ; 0.000        ; 0.057      ; 0.881      ;
; 0.727 ; pc[4]                        ; pipe_state.FETCH             ; clk          ; clk         ; 0.000        ; 0.057      ; 0.928      ;
; 0.729 ; ir[13]                       ; B_real_reg[5]                ; clk          ; clk         ; 0.000        ; 0.058      ; 0.931      ;
; 0.740 ; pc[4]                        ; ir[24]                       ; clk          ; clk         ; 0.000        ; 0.057      ; 0.941      ;
; 0.746 ; pc[4]                        ; ir[16]                       ; clk          ; clk         ; 0.000        ; 0.057      ; 0.947      ;
; 0.766 ; opcode_reg[2]                ; ControlUnit:cu|state.CMUL1   ; clk          ; clk         ; 0.000        ; 0.057      ; 0.967      ;
; 0.767 ; pc[1]                        ; pc[2]                        ; clk          ; clk         ; 0.000        ; 0.057      ; 0.968      ;
; 0.773 ; pc[3]                        ; pc[4]                        ; clk          ; clk         ; 0.000        ; 0.057      ; 0.974      ;
; 0.774 ; pc[1]                        ; pc[3]                        ; clk          ; clk         ; 0.000        ; 0.057      ; 0.975      ;
; 0.779 ; pc[0]                        ; ir[32]                       ; clk          ; clk         ; 0.000        ; 0.059      ; 0.982      ;
; 0.779 ; pc[0]                        ; ir[33]                       ; clk          ; clk         ; 0.000        ; 0.059      ; 0.982      ;
; 0.779 ; pc[0]                        ; ir[34]                       ; clk          ; clk         ; 0.000        ; 0.059      ; 0.982      ;
; 0.779 ; pc[0]                        ; ir[8]                        ; clk          ; clk         ; 0.000        ; 0.059      ; 0.982      ;
; 0.780 ; pc[0]                        ; ir[26]                       ; clk          ; clk         ; 0.000        ; 0.059      ; 0.983      ;
; 0.784 ; pc[4]                        ; ir[10]                       ; clk          ; clk         ; 0.000        ; 0.057      ; 0.985      ;
; 0.785 ; pc[4]                        ; ir[17]                       ; clk          ; clk         ; 0.000        ; 0.057      ; 0.986      ;
; 0.786 ; pc[2]                        ; pc[3]                        ; clk          ; clk         ; 0.000        ; 0.057      ; 0.987      ;
; 0.788 ; pc[0]                        ; ir[18]                       ; clk          ; clk         ; 0.000        ; 0.059      ; 0.991      ;
; 0.788 ; pc[0]                        ; ir[19]                       ; clk          ; clk         ; 0.000        ; 0.059      ; 0.991      ;
; 0.788 ; pc[0]                        ; ir[13]                       ; clk          ; clk         ; 0.000        ; 0.059      ; 0.991      ;
; 0.788 ; pc[0]                        ; ir[21]                       ; clk          ; clk         ; 0.000        ; 0.059      ; 0.991      ;
; 0.788 ; pc[0]                        ; ir[29]                       ; clk          ; clk         ; 0.000        ; 0.059      ; 0.991      ;
; 0.789 ; pc[0]                        ; ir[2]                        ; clk          ; clk         ; 0.000        ; 0.059      ; 0.992      ;
; 0.789 ; pc[0]                        ; ir[11]                       ; clk          ; clk         ; 0.000        ; 0.059      ; 0.992      ;
; 0.795 ; ControlUnit:cu|state.CMUL6   ; ControlUnit:cu|state.CMUL7   ; clk          ; clk         ; 0.000        ; 0.057      ; 0.996      ;
; 0.800 ; Datapath:dp|out_real[10]     ; final_out_real[10]~reg0      ; clk          ; clk         ; 0.000        ; 0.047      ; 0.991      ;
; 0.801 ; opcode_reg[1]                ; ControlUnit:cu|state.IDLE    ; clk          ; clk         ; 0.000        ; 0.057      ; 1.002      ;
; 0.803 ; ControlUnit:cu|state.CSUB1   ; ControlUnit:cu|state.CSUB2   ; clk          ; clk         ; 0.000        ; 0.058      ; 1.005      ;
; 0.812 ; ir[26]                       ; A_real_reg[2]                ; clk          ; clk         ; 0.000        ; 0.057      ; 1.013      ;
; 0.813 ; ir[21]                       ; A_imag_reg[5]                ; clk          ; clk         ; 0.000        ; 0.058      ; 1.015      ;
; 0.819 ; opcode_reg[2]                ; ControlUnit:cu|state.IDLE    ; clk          ; clk         ; 0.000        ; 0.057      ; 1.020      ;
; 0.822 ; start_alu                    ; ControlUnit:cu|state.CMAG2_1 ; clk          ; clk         ; 0.000        ; 0.057      ; 1.023      ;
; 0.834 ; pc[0]                        ; pc[1]                        ; clk          ; clk         ; 0.000        ; 0.057      ; 1.035      ;
; 0.835 ; pc[1]                        ; ir[27]                       ; clk          ; clk         ; 0.000        ; 0.057      ; 1.036      ;
; 0.835 ; ir[27]                       ; A_real_reg[3]                ; clk          ; clk         ; 0.000        ; 0.059      ; 1.038      ;
; 0.837 ; ir[19]                       ; A_imag_reg[3]                ; clk          ; clk         ; 0.000        ; 0.057      ; 1.038      ;
; 0.843 ; ir[10]                       ; B_real_reg[2]                ; clk          ; clk         ; 0.000        ; 0.059      ; 1.046      ;
; 0.849 ; ControlUnit:cu|state.IDLE    ; ControlUnit:cu|state.CMUL1   ; clk          ; clk         ; 0.000        ; 0.057      ; 1.050      ;
; 0.857 ; opcode_reg[0]                ; ControlUnit:cu|state.IDLE    ; clk          ; clk         ; 0.000        ; 0.057      ; 1.058      ;
; 0.863 ; pc[1]                        ; pc[4]                        ; clk          ; clk         ; 0.000        ; 0.057      ; 1.064      ;
; 0.868 ; A_real_reg[3]                ; Datapath:dp|out_real[3]      ; clk          ; clk         ; 0.000        ; 0.055      ; 1.067      ;
; 0.872 ; ControlUnit:cu|state.CMUL7   ; pipe_state.EXECUTE           ; clk          ; clk         ; 0.000        ; 0.055      ; 1.071      ;
; 0.873 ; Datapath:dp|out_real[8]      ; final_out_real[8]~reg0       ; clk          ; clk         ; 0.000        ; 0.054      ; 1.071      ;
; 0.873 ; opcode_reg[1]                ; ControlUnit:cu|state.CONJ1   ; clk          ; clk         ; 0.000        ; 0.058      ; 1.075      ;
; 0.875 ; pc[2]                        ; pc[4]                        ; clk          ; clk         ; 0.000        ; 0.057      ; 1.076      ;
; 0.879 ; pc[3]                        ; ir[10]                       ; clk          ; clk         ; 0.000        ; 0.057      ; 1.080      ;
; 0.880 ; opcode_reg[1]                ; ControlUnit:cu|state.CSUB1   ; clk          ; clk         ; 0.000        ; 0.058      ; 1.082      ;
; 0.880 ; pc[3]                        ; ir[17]                       ; clk          ; clk         ; 0.000        ; 0.057      ; 1.081      ;
; 0.893 ; opcode_reg[2]                ; ControlUnit:cu|state.CSUB1   ; clk          ; clk         ; 0.000        ; 0.058      ; 1.095      ;
; 0.896 ; A_real_reg[2]                ; Datapath:dp|out_real[2]      ; clk          ; clk         ; 0.000        ; 0.055      ; 1.095      ;
; 0.897 ; pipe_state.DECODE            ; start_alu                    ; clk          ; clk         ; 0.000        ; 0.059      ; 1.100      ;
; 0.914 ; Datapath:dp|out_imag[14]     ; final_out_imag[14]~reg0      ; clk          ; clk         ; 0.000        ; -0.239     ; 0.819      ;
; 0.914 ; opcode_reg[2]                ; ControlUnit:cu|state.CONJ1   ; clk          ; clk         ; 0.000        ; 0.058      ; 1.116      ;
; 0.915 ; opcode_reg[1]                ; ControlUnit:cu|state.CADD1   ; clk          ; clk         ; 0.000        ; 0.058      ; 1.117      ;
; 0.919 ; Datapath:dp|out_imag[5]      ; final_out_imag[5]~reg0       ; clk          ; clk         ; 0.000        ; -0.264     ; 0.799      ;
; 0.921 ; pipe_state.UPDATE            ; pipe_state.FETCH             ; clk          ; clk         ; 0.000        ; 0.055      ; 1.120      ;
; 0.926 ; opcode_reg[2]                ; ControlUnit:cu|state.CADD1   ; clk          ; clk         ; 0.000        ; 0.058      ; 1.128      ;
; 0.932 ; pc[1]                        ; ir[24]                       ; clk          ; clk         ; 0.000        ; 0.057      ; 1.133      ;
; 0.935 ; ir[33]                       ; pipe_state.EXECUTE           ; clk          ; clk         ; 0.000        ; 0.057      ; 1.136      ;
+-------+------------------------------+------------------------------+--------------+-------------+--------------+------------+------------+


+---------------------------------------------------------------------------------------------------------+
; Slow 1200mV 0C Model Minimum Pulse Width: 'clk'                                                         ;
+--------+--------------+----------------+------------+-------+------------+------------------------------+
; Slack  ; Actual Width ; Required Width ; Type       ; Clock ; Clock Edge ; Target                       ;
+--------+--------------+----------------+------------+-------+------------+------------------------------+
; -3.000 ; 1.000        ; 4.000          ; Port Rate  ; clk   ; Rise       ; clk                          ;
; -1.000 ; 1.000        ; 2.000          ; Min Period ; clk   ; Rise       ; A_imag_reg[0]                ;
; -1.000 ; 1.000        ; 2.000          ; Min Period ; clk   ; Rise       ; A_imag_reg[1]                ;
; -1.000 ; 1.000        ; 2.000          ; Min Period ; clk   ; Rise       ; A_imag_reg[2]                ;
; -1.000 ; 1.000        ; 2.000          ; Min Period ; clk   ; Rise       ; A_imag_reg[3]                ;
; -1.000 ; 1.000        ; 2.000          ; Min Period ; clk   ; Rise       ; A_imag_reg[5]                ;
; -1.000 ; 1.000        ; 2.000          ; Min Period ; clk   ; Rise       ; A_real_reg[0]                ;
; -1.000 ; 1.000        ; 2.000          ; Min Period ; clk   ; Rise       ; A_real_reg[1]                ;
; -1.000 ; 1.000        ; 2.000          ; Min Period ; clk   ; Rise       ; A_real_reg[2]                ;
; -1.000 ; 1.000        ; 2.000          ; Min Period ; clk   ; Rise       ; A_real_reg[3]                ;
; -1.000 ; 1.000        ; 2.000          ; Min Period ; clk   ; Rise       ; A_real_reg[5]                ;
; -1.000 ; 1.000        ; 2.000          ; Min Period ; clk   ; Rise       ; B_imag_reg[0]                ;
; -1.000 ; 1.000        ; 2.000          ; Min Period ; clk   ; Rise       ; B_imag_reg[2]                ;
; -1.000 ; 1.000        ; 2.000          ; Min Period ; clk   ; Rise       ; B_real_reg[0]                ;
; -1.000 ; 1.000        ; 2.000          ; Min Period ; clk   ; Rise       ; B_real_reg[1]                ;
; -1.000 ; 1.000        ; 2.000          ; Min Period ; clk   ; Rise       ; B_real_reg[2]                ;
; -1.000 ; 1.000        ; 2.000          ; Min Period ; clk   ; Rise       ; B_real_reg[3]                ;
; -1.000 ; 1.000        ; 2.000          ; Min Period ; clk   ; Rise       ; B_real_reg[5]                ;
; -1.000 ; 1.000        ; 2.000          ; Min Period ; clk   ; Rise       ; ControlUnit:cu|state.CADD1   ;
; -1.000 ; 1.000        ; 2.000          ; Min Period ; clk   ; Rise       ; ControlUnit:cu|state.CADD2   ;
; -1.000 ; 1.000        ; 2.000          ; Min Period ; clk   ; Rise       ; ControlUnit:cu|state.CMAG2_1 ;
; -1.000 ; 1.000        ; 2.000          ; Min Period ; clk   ; Rise       ; ControlUnit:cu|state.CMAG2_2 ;
; -1.000 ; 1.000        ; 2.000          ; Min Period ; clk   ; Rise       ; ControlUnit:cu|state.CMAG2_3 ;
; -1.000 ; 1.000        ; 2.000          ; Min Period ; clk   ; Rise       ; ControlUnit:cu|state.CMAG2_4 ;
; -1.000 ; 1.000        ; 2.000          ; Min Period ; clk   ; Rise       ; ControlUnit:cu|state.CMUL1   ;
; -1.000 ; 1.000        ; 2.000          ; Min Period ; clk   ; Rise       ; ControlUnit:cu|state.CMUL2   ;
; -1.000 ; 1.000        ; 2.000          ; Min Period ; clk   ; Rise       ; ControlUnit:cu|state.CMUL3   ;
; -1.000 ; 1.000        ; 2.000          ; Min Period ; clk   ; Rise       ; ControlUnit:cu|state.CMUL4   ;
; -1.000 ; 1.000        ; 2.000          ; Min Period ; clk   ; Rise       ; ControlUnit:cu|state.CMUL5   ;
; -1.000 ; 1.000        ; 2.000          ; Min Period ; clk   ; Rise       ; ControlUnit:cu|state.CMUL6   ;
; -1.000 ; 1.000        ; 2.000          ; Min Period ; clk   ; Rise       ; ControlUnit:cu|state.CMUL7   ;
; -1.000 ; 1.000        ; 2.000          ; Min Period ; clk   ; Rise       ; ControlUnit:cu|state.CONJ1   ;
; -1.000 ; 1.000        ; 2.000          ; Min Period ; clk   ; Rise       ; ControlUnit:cu|state.CONJ2   ;
; -1.000 ; 1.000        ; 2.000          ; Min Period ; clk   ; Rise       ; ControlUnit:cu|state.CSUB1   ;
; -1.000 ; 1.000        ; 2.000          ; Min Period ; clk   ; Rise       ; ControlUnit:cu|state.CSUB2   ;
; -1.000 ; 1.000        ; 2.000          ; Min Period ; clk   ; Rise       ; ControlUnit:cu|state.IDLE    ;
; -1.000 ; 1.000        ; 2.000          ; Min Period ; clk   ; Rise       ; Datapath:dp|negative_imag    ;
; -1.000 ; 1.000        ; 2.000          ; Min Period ; clk   ; Rise       ; Datapath:dp|negative_real    ;
; -1.000 ; 1.000        ; 2.000          ; Min Period ; clk   ; Rise       ; Datapath:dp|out_imag[0]      ;
; -1.000 ; 1.000        ; 2.000          ; Min Period ; clk   ; Rise       ; Datapath:dp|out_imag[10]     ;
; -1.000 ; 1.000        ; 2.000          ; Min Period ; clk   ; Rise       ; Datapath:dp|out_imag[11]     ;
; -1.000 ; 1.000        ; 2.000          ; Min Period ; clk   ; Rise       ; Datapath:dp|out_imag[12]     ;
; -1.000 ; 1.000        ; 2.000          ; Min Period ; clk   ; Rise       ; Datapath:dp|out_imag[13]     ;
; -1.000 ; 1.000        ; 2.000          ; Min Period ; clk   ; Rise       ; Datapath:dp|out_imag[14]     ;
; -1.000 ; 1.000        ; 2.000          ; Min Period ; clk   ; Rise       ; Datapath:dp|out_imag[1]      ;
; -1.000 ; 1.000        ; 2.000          ; Min Period ; clk   ; Rise       ; Datapath:dp|out_imag[2]      ;
; -1.000 ; 1.000        ; 2.000          ; Min Period ; clk   ; Rise       ; Datapath:dp|out_imag[3]      ;
; -1.000 ; 1.000        ; 2.000          ; Min Period ; clk   ; Rise       ; Datapath:dp|out_imag[4]      ;
; -1.000 ; 1.000        ; 2.000          ; Min Period ; clk   ; Rise       ; Datapath:dp|out_imag[5]      ;
; -1.000 ; 1.000        ; 2.000          ; Min Period ; clk   ; Rise       ; Datapath:dp|out_imag[6]      ;
; -1.000 ; 1.000        ; 2.000          ; Min Period ; clk   ; Rise       ; Datapath:dp|out_imag[7]      ;
; -1.000 ; 1.000        ; 2.000          ; Min Period ; clk   ; Rise       ; Datapath:dp|out_imag[8]      ;
; -1.000 ; 1.000        ; 2.000          ; Min Period ; clk   ; Rise       ; Datapath:dp|out_imag[9]      ;
; -1.000 ; 1.000        ; 2.000          ; Min Period ; clk   ; Rise       ; Datapath:dp|out_real[0]      ;
; -1.000 ; 1.000        ; 2.000          ; Min Period ; clk   ; Rise       ; Datapath:dp|out_real[10]     ;
; -1.000 ; 1.000        ; 2.000          ; Min Period ; clk   ; Rise       ; Datapath:dp|out_real[11]     ;
; -1.000 ; 1.000        ; 2.000          ; Min Period ; clk   ; Rise       ; Datapath:dp|out_real[12]     ;
; -1.000 ; 1.000        ; 2.000          ; Min Period ; clk   ; Rise       ; Datapath:dp|out_real[13]     ;
; -1.000 ; 1.000        ; 2.000          ; Min Period ; clk   ; Rise       ; Datapath:dp|out_real[14]     ;
; -1.000 ; 1.000        ; 2.000          ; Min Period ; clk   ; Rise       ; Datapath:dp|out_real[1]      ;
; -1.000 ; 1.000        ; 2.000          ; Min Period ; clk   ; Rise       ; Datapath:dp|out_real[2]      ;
; -1.000 ; 1.000        ; 2.000          ; Min Period ; clk   ; Rise       ; Datapath:dp|out_real[3]      ;
; -1.000 ; 1.000        ; 2.000          ; Min Period ; clk   ; Rise       ; Datapath:dp|out_real[4]      ;
; -1.000 ; 1.000        ; 2.000          ; Min Period ; clk   ; Rise       ; Datapath:dp|out_real[5]      ;
; -1.000 ; 1.000        ; 2.000          ; Min Period ; clk   ; Rise       ; Datapath:dp|out_real[6]      ;
; -1.000 ; 1.000        ; 2.000          ; Min Period ; clk   ; Rise       ; Datapath:dp|out_real[7]      ;
; -1.000 ; 1.000        ; 2.000          ; Min Period ; clk   ; Rise       ; Datapath:dp|out_real[8]      ;
; -1.000 ; 1.000        ; 2.000          ; Min Period ; clk   ; Rise       ; Datapath:dp|out_real[9]      ;
; -1.000 ; 1.000        ; 2.000          ; Min Period ; clk   ; Rise       ; Datapath:dp|reg1[0]          ;
; -1.000 ; 1.000        ; 2.000          ; Min Period ; clk   ; Rise       ; Datapath:dp|reg1[10]         ;
; -1.000 ; 1.000        ; 2.000          ; Min Period ; clk   ; Rise       ; Datapath:dp|reg1[11]         ;
; -1.000 ; 1.000        ; 2.000          ; Min Period ; clk   ; Rise       ; Datapath:dp|reg1[12]         ;
; -1.000 ; 1.000        ; 2.000          ; Min Period ; clk   ; Rise       ; Datapath:dp|reg1[13]         ;
; -1.000 ; 1.000        ; 2.000          ; Min Period ; clk   ; Rise       ; Datapath:dp|reg1[14]         ;
; -1.000 ; 1.000        ; 2.000          ; Min Period ; clk   ; Rise       ; Datapath:dp|reg1[15]         ;
; -1.000 ; 1.000        ; 2.000          ; Min Period ; clk   ; Rise       ; Datapath:dp|reg1[1]          ;
; -1.000 ; 1.000        ; 2.000          ; Min Period ; clk   ; Rise       ; Datapath:dp|reg1[2]          ;
; -1.000 ; 1.000        ; 2.000          ; Min Period ; clk   ; Rise       ; Datapath:dp|reg1[3]          ;
; -1.000 ; 1.000        ; 2.000          ; Min Period ; clk   ; Rise       ; Datapath:dp|reg1[4]          ;
; -1.000 ; 1.000        ; 2.000          ; Min Period ; clk   ; Rise       ; Datapath:dp|reg1[5]          ;
; -1.000 ; 1.000        ; 2.000          ; Min Period ; clk   ; Rise       ; Datapath:dp|reg1[6]          ;
; -1.000 ; 1.000        ; 2.000          ; Min Period ; clk   ; Rise       ; Datapath:dp|reg1[7]          ;
; -1.000 ; 1.000        ; 2.000          ; Min Period ; clk   ; Rise       ; Datapath:dp|reg1[8]          ;
; -1.000 ; 1.000        ; 2.000          ; Min Period ; clk   ; Rise       ; Datapath:dp|reg1[9]          ;
; -1.000 ; 1.000        ; 2.000          ; Min Period ; clk   ; Rise       ; Datapath:dp|reg2[0]          ;
; -1.000 ; 1.000        ; 2.000          ; Min Period ; clk   ; Rise       ; Datapath:dp|reg2[10]         ;
; -1.000 ; 1.000        ; 2.000          ; Min Period ; clk   ; Rise       ; Datapath:dp|reg2[11]         ;
; -1.000 ; 1.000        ; 2.000          ; Min Period ; clk   ; Rise       ; Datapath:dp|reg2[12]         ;
; -1.000 ; 1.000        ; 2.000          ; Min Period ; clk   ; Rise       ; Datapath:dp|reg2[13]         ;
; -1.000 ; 1.000        ; 2.000          ; Min Period ; clk   ; Rise       ; Datapath:dp|reg2[14]         ;
; -1.000 ; 1.000        ; 2.000          ; Min Period ; clk   ; Rise       ; Datapath:dp|reg2[15]         ;
; -1.000 ; 1.000        ; 2.000          ; Min Period ; clk   ; Rise       ; Datapath:dp|reg2[1]          ;
; -1.000 ; 1.000        ; 2.000          ; Min Period ; clk   ; Rise       ; Datapath:dp|reg2[2]          ;
; -1.000 ; 1.000        ; 2.000          ; Min Period ; clk   ; Rise       ; Datapath:dp|reg2[3]          ;
; -1.000 ; 1.000        ; 2.000          ; Min Period ; clk   ; Rise       ; Datapath:dp|reg2[4]          ;
; -1.000 ; 1.000        ; 2.000          ; Min Period ; clk   ; Rise       ; Datapath:dp|reg2[5]          ;
; -1.000 ; 1.000        ; 2.000          ; Min Period ; clk   ; Rise       ; Datapath:dp|reg2[6]          ;
; -1.000 ; 1.000        ; 2.000          ; Min Period ; clk   ; Rise       ; Datapath:dp|reg2[7]          ;
; -1.000 ; 1.000        ; 2.000          ; Min Period ; clk   ; Rise       ; Datapath:dp|reg2[8]          ;
; -1.000 ; 1.000        ; 2.000          ; Min Period ; clk   ; Rise       ; Datapath:dp|reg2[9]          ;
+--------+--------------+----------------+------------+-------+------------+------------------------------+


+-----------------------------------------------------------------------+
; Setup Times                                                           ;
+-----------+------------+-------+-------+------------+-----------------+
; Data Port ; Clock Port ; Rise  ; Fall  ; Clock Edge ; Clock Reference ;
+-----------+------------+-------+-------+------------+-----------------+
; rst       ; clk        ; 1.858 ; 2.002 ; Rise       ; clk             ;
+-----------+------------+-------+-------+------------+-----------------+


+-------------------------------------------------------------------------+
; Hold Times                                                              ;
+-----------+------------+--------+--------+------------+-----------------+
; Data Port ; Clock Port ; Rise   ; Fall   ; Clock Edge ; Clock Reference ;
+-----------+------------+--------+--------+------------+-----------------+
; rst       ; clk        ; -0.976 ; -1.076 ; Rise       ; clk             ;
+-----------+------------+--------+--------+------------+-----------------+


+---------------------------------------------------------------------------------+
; Clock to Output Times                                                           ;
+---------------------+------------+-------+-------+------------+-----------------+
; Data Port           ; Clock Port ; Rise  ; Fall  ; Clock Edge ; Clock Reference ;
+---------------------+------------+-------+-------+------------+-----------------+
; done_all            ; clk        ; 5.835 ; 5.778 ; Rise       ; clk             ;
; final_neg_imag      ; clk        ; 6.013 ; 5.952 ; Rise       ; clk             ;
; final_neg_real      ; clk        ; 5.723 ; 5.635 ; Rise       ; clk             ;
; final_out_imag[*]   ; clk        ; 6.785 ; 6.784 ; Rise       ; clk             ;
;  final_out_imag[0]  ; clk        ; 5.786 ; 5.732 ; Rise       ; clk             ;
;  final_out_imag[1]  ; clk        ; 5.572 ; 5.533 ; Rise       ; clk             ;
;  final_out_imag[2]  ; clk        ; 6.785 ; 6.784 ; Rise       ; clk             ;
;  final_out_imag[3]  ; clk        ; 5.561 ; 5.510 ; Rise       ; clk             ;
;  final_out_imag[4]  ; clk        ; 6.280 ; 6.274 ; Rise       ; clk             ;
;  final_out_imag[5]  ; clk        ; 5.775 ; 5.718 ; Rise       ; clk             ;
;  final_out_imag[6]  ; clk        ; 5.703 ; 5.621 ; Rise       ; clk             ;
;  final_out_imag[7]  ; clk        ; 6.234 ; 6.159 ; Rise       ; clk             ;
;  final_out_imag[8]  ; clk        ; 5.548 ; 5.481 ; Rise       ; clk             ;
;  final_out_imag[9]  ; clk        ; 5.499 ; 5.411 ; Rise       ; clk             ;
;  final_out_imag[10] ; clk        ; 5.418 ; 5.322 ; Rise       ; clk             ;
;  final_out_imag[11] ; clk        ; 6.000 ; 5.922 ; Rise       ; clk             ;
;  final_out_imag[12] ; clk        ; 5.957 ; 5.884 ; Rise       ; clk             ;
;  final_out_imag[13] ; clk        ; 6.396 ; 6.395 ; Rise       ; clk             ;
;  final_out_imag[14] ; clk        ; 6.001 ; 5.933 ; Rise       ; clk             ;
;  final_out_imag[15] ; clk        ; 6.293 ; 6.259 ; Rise       ; clk             ;
; final_out_real[*]   ; clk        ; 6.411 ; 6.366 ; Rise       ; clk             ;
;  final_out_real[0]  ; clk        ; 5.781 ; 5.697 ; Rise       ; clk             ;
;  final_out_real[1]  ; clk        ; 5.291 ; 5.236 ; Rise       ; clk             ;
;  final_out_real[2]  ; clk        ; 6.178 ; 6.140 ; Rise       ; clk             ;
;  final_out_real[3]  ; clk        ; 5.727 ; 5.643 ; Rise       ; clk             ;
;  final_out_real[4]  ; clk        ; 5.477 ; 5.393 ; Rise       ; clk             ;
;  final_out_real[5]  ; clk        ; 5.632 ; 5.535 ; Rise       ; clk             ;
;  final_out_real[6]  ; clk        ; 5.725 ; 5.643 ; Rise       ; clk             ;
;  final_out_real[7]  ; clk        ; 6.411 ; 6.366 ; Rise       ; clk             ;
;  final_out_real[8]  ; clk        ; 6.395 ; 6.318 ; Rise       ; clk             ;
;  final_out_real[9]  ; clk        ; 6.233 ; 6.151 ; Rise       ; clk             ;
;  final_out_real[10] ; clk        ; 5.986 ; 5.925 ; Rise       ; clk             ;
;  final_out_real[11] ; clk        ; 5.564 ; 5.456 ; Rise       ; clk             ;
;  final_out_real[12] ; clk        ; 5.991 ; 5.911 ; Rise       ; clk             ;
;  final_out_real[13] ; clk        ; 5.387 ; 5.301 ; Rise       ; clk             ;
;  final_out_real[14] ; clk        ; 6.170 ; 6.091 ; Rise       ; clk             ;
;  final_out_real[15] ; clk        ; 6.067 ; 6.065 ; Rise       ; clk             ;
; final_overflow      ; clk        ; 5.471 ; 5.388 ; Rise       ; clk             ;
; final_zero          ; clk        ; 5.481 ; 5.401 ; Rise       ; clk             ;
+---------------------+------------+-------+-------+------------+-----------------+


+---------------------------------------------------------------------------------+
; Minimum Clock to Output Times                                                   ;
+---------------------+------------+-------+-------+------------+-----------------+
; Data Port           ; Clock Port ; Rise  ; Fall  ; Clock Edge ; Clock Reference ;
+---------------------+------------+-------+-------+------------+-----------------+
; done_all            ; clk        ; 5.645 ; 5.586 ; Rise       ; clk             ;
; final_neg_imag      ; clk        ; 5.816 ; 5.754 ; Rise       ; clk             ;
; final_neg_real      ; clk        ; 5.537 ; 5.449 ; Rise       ; clk             ;
; final_out_imag[*]   ; clk        ; 5.245 ; 5.149 ; Rise       ; clk             ;
;  final_out_imag[0]  ; clk        ; 5.597 ; 5.541 ; Rise       ; clk             ;
;  final_out_imag[1]  ; clk        ; 5.387 ; 5.346 ; Rise       ; clk             ;
;  final_out_imag[2]  ; clk        ; 6.580 ; 6.578 ; Rise       ; clk             ;
;  final_out_imag[3]  ; clk        ; 5.376 ; 5.325 ; Rise       ; clk             ;
;  final_out_imag[4]  ; clk        ; 6.095 ; 6.089 ; Rise       ; clk             ;
;  final_out_imag[5]  ; clk        ; 5.580 ; 5.523 ; Rise       ; clk             ;
;  final_out_imag[6]  ; clk        ; 5.513 ; 5.431 ; Rise       ; clk             ;
;  final_out_imag[7]  ; clk        ; 6.028 ; 5.952 ; Rise       ; clk             ;
;  final_out_imag[8]  ; clk        ; 5.362 ; 5.295 ; Rise       ; clk             ;
;  final_out_imag[9]  ; clk        ; 5.322 ; 5.234 ; Rise       ; clk             ;
;  final_out_imag[10] ; clk        ; 5.245 ; 5.149 ; Rise       ; clk             ;
;  final_out_imag[11] ; clk        ; 5.803 ; 5.725 ; Rise       ; clk             ;
;  final_out_imag[12] ; clk        ; 5.762 ; 5.688 ; Rise       ; clk             ;
;  final_out_imag[13] ; clk        ; 6.206 ; 6.204 ; Rise       ; clk             ;
;  final_out_imag[14] ; clk        ; 5.804 ; 5.734 ; Rise       ; clk             ;
;  final_out_imag[15] ; clk        ; 6.108 ; 6.074 ; Rise       ; clk             ;
; final_out_real[*]   ; clk        ; 5.117 ; 5.061 ; Rise       ; clk             ;
;  final_out_real[0]  ; clk        ; 5.593 ; 5.509 ; Rise       ; clk             ;
;  final_out_real[1]  ; clk        ; 5.117 ; 5.061 ; Rise       ; clk             ;
;  final_out_real[2]  ; clk        ; 5.968 ; 5.928 ; Rise       ; clk             ;
;  final_out_real[3]  ; clk        ; 5.541 ; 5.457 ; Rise       ; clk             ;
;  final_out_real[4]  ; clk        ; 5.301 ; 5.216 ; Rise       ; clk             ;
;  final_out_real[5]  ; clk        ; 5.449 ; 5.352 ; Rise       ; clk             ;
;  final_out_real[6]  ; clk        ; 5.539 ; 5.457 ; Rise       ; clk             ;
;  final_out_real[7]  ; clk        ; 6.192 ; 6.147 ; Rise       ; clk             ;
;  final_out_real[8]  ; clk        ; 6.181 ; 6.103 ; Rise       ; clk             ;
;  final_out_real[9]  ; clk        ; 6.028 ; 5.945 ; Rise       ; clk             ;
;  final_out_real[10] ; clk        ; 5.788 ; 5.725 ; Rise       ; clk             ;
;  final_out_real[11] ; clk        ; 5.384 ; 5.276 ; Rise       ; clk             ;
;  final_out_real[12] ; clk        ; 5.794 ; 5.714 ; Rise       ; clk             ;
;  final_out_real[13] ; clk        ; 5.213 ; 5.126 ; Rise       ; clk             ;
;  final_out_real[14] ; clk        ; 5.966 ; 5.886 ; Rise       ; clk             ;
;  final_out_real[15] ; clk        ; 5.892 ; 5.888 ; Rise       ; clk             ;
; final_overflow      ; clk        ; 5.296 ; 5.212 ; Rise       ; clk             ;
; final_zero          ; clk        ; 5.306 ; 5.225 ; Rise       ; clk             ;
+---------------------+------------+-------+-------+------------+-----------------+


---------------------------------------------
; Slow 1200mV 0C Model Metastability Report ;
---------------------------------------------
No synchronizer chains to report.


+------------------------------------+
; Fast 1200mV 0C Model Setup Summary ;
+-------+--------+-------------------+
; Clock ; Slack  ; End Point TNS     ;
+-------+--------+-------------------+
; clk   ; -3.816 ; -310.222          ;
+-------+--------+-------------------+


+-----------------------------------+
; Fast 1200mV 0C Model Hold Summary ;
+-------+-------+-------------------+
; Clock ; Slack ; End Point TNS     ;
+-------+-------+-------------------+
; clk   ; 0.187 ; 0.000             ;
+-------+-------+-------------------+


-----------------------------------------
; Fast 1200mV 0C Model Recovery Summary ;
-----------------------------------------
No paths to report.


----------------------------------------
; Fast 1200mV 0C Model Removal Summary ;
----------------------------------------
No paths to report.


+--------------------------------------------------+
; Fast 1200mV 0C Model Minimum Pulse Width Summary ;
+-------+--------+---------------------------------+
; Clock ; Slack  ; End Point TNS                   ;
+-------+--------+---------------------------------+
; clk   ; -3.000 ; -212.991                        ;
+-------+--------+---------------------------------+


+-----------------------------------------------------------------------------------------------------------------------------------------+
; Fast 1200mV 0C Model Setup: 'clk'                                                                                                       ;
+--------+------------------------------+---------------------------+--------------+-------------+--------------+------------+------------+
; Slack  ; From Node                    ; To Node                   ; Launch Clock ; Latch Clock ; Relationship ; Clock Skew ; Data Delay ;
+--------+------------------------------+---------------------------+--------------+-------------+--------------+------------+------------+
; -3.816 ; ControlUnit:cu|state.CMUL1   ; final_overflow~reg0       ; clk          ; clk         ; 1.000        ; -0.034     ; 4.769      ;
; -3.752 ; ControlUnit:cu|state.CMUL2   ; final_overflow~reg0       ; clk          ; clk         ; 1.000        ; -0.034     ; 4.705      ;
; -3.653 ; ControlUnit:cu|state.CMUL3   ; final_overflow~reg0       ; clk          ; clk         ; 1.000        ; -0.034     ; 4.606      ;
; -3.580 ; ControlUnit:cu|state.CMUL1   ; Datapath:dp|negative_imag ; clk          ; clk         ; 1.000        ; -0.034     ; 4.533      ;
; -3.561 ; ControlUnit:cu|state.CMUL1   ; Datapath:dp|reg4[15]      ; clk          ; clk         ; 1.000        ; 0.157      ; 4.705      ;
; -3.546 ; ControlUnit:cu|state.CMUL4   ; final_overflow~reg0       ; clk          ; clk         ; 1.000        ; -0.034     ; 4.499      ;
; -3.516 ; ControlUnit:cu|state.CMUL2   ; Datapath:dp|negative_imag ; clk          ; clk         ; 1.000        ; -0.034     ; 4.469      ;
; -3.512 ; ControlUnit:cu|state.CMAG2_2 ; final_overflow~reg0       ; clk          ; clk         ; 1.000        ; -0.034     ; 4.465      ;
; -3.504 ; ControlUnit:cu|state.CMUL1   ; Datapath:dp|out_imag[13]  ; clk          ; clk         ; 1.000        ; 0.133      ; 4.624      ;
; -3.497 ; A_imag_reg[3]                ; final_overflow~reg0       ; clk          ; clk         ; 1.000        ; -0.034     ; 4.450      ;
; -3.497 ; ControlUnit:cu|state.CMUL2   ; Datapath:dp|reg4[15]      ; clk          ; clk         ; 1.000        ; 0.157      ; 4.641      ;
; -3.479 ; ControlUnit:cu|state.CONJ2   ; final_overflow~reg0       ; clk          ; clk         ; 1.000        ; -0.035     ; 4.431      ;
; -3.460 ; ControlUnit:cu|state.CMUL1   ; Datapath:dp|out_imag[10]  ; clk          ; clk         ; 1.000        ; 0.133      ; 4.580      ;
; -3.457 ; ControlUnit:cu|state.CMUL1   ; Datapath:dp|reg1[12]      ; clk          ; clk         ; 1.000        ; 0.137      ; 4.581      ;
; -3.445 ; ControlUnit:cu|state.CMUL1   ; Datapath:dp|out_imag[8]   ; clk          ; clk         ; 1.000        ; 0.133      ; 4.565      ;
; -3.444 ; A_imag_reg[2]                ; final_overflow~reg0       ; clk          ; clk         ; 1.000        ; -0.035     ; 4.396      ;
; -3.440 ; ControlUnit:cu|state.CMUL2   ; Datapath:dp|out_imag[13]  ; clk          ; clk         ; 1.000        ; 0.133      ; 4.560      ;
; -3.425 ; ControlUnit:cu|state.CMUL1   ; Datapath:dp|reg2[12]      ; clk          ; clk         ; 1.000        ; 0.162      ; 4.574      ;
; -3.423 ; ControlUnit:cu|state.CMUL1   ; Datapath:dp|reg4[14]      ; clk          ; clk         ; 1.000        ; 0.156      ; 4.566      ;
; -3.417 ; ControlUnit:cu|state.CMUL1   ; Datapath:dp|out_imag[14]  ; clk          ; clk         ; 1.000        ; 0.133      ; 4.537      ;
; -3.417 ; ControlUnit:cu|state.CMUL3   ; Datapath:dp|negative_imag ; clk          ; clk         ; 1.000        ; -0.034     ; 4.370      ;
; -3.415 ; ControlUnit:cu|state.CMUL1   ; Datapath:dp|reg1[14]      ; clk          ; clk         ; 1.000        ; 0.157      ; 4.559      ;
; -3.411 ; ControlUnit:cu|state.CMUL1   ; Datapath:dp|reg3[14]      ; clk          ; clk         ; 1.000        ; 0.170      ; 4.568      ;
; -3.408 ; ControlUnit:cu|state.CMUL1   ; Datapath:dp|reg1[9]       ; clk          ; clk         ; 1.000        ; 0.137      ; 4.532      ;
; -3.408 ; ControlUnit:cu|state.CMUL1   ; Datapath:dp|reg1[10]      ; clk          ; clk         ; 1.000        ; 0.166      ; 4.561      ;
; -3.398 ; ControlUnit:cu|state.CMUL3   ; Datapath:dp|reg4[15]      ; clk          ; clk         ; 1.000        ; 0.157      ; 4.542      ;
; -3.396 ; ControlUnit:cu|state.CMUL2   ; Datapath:dp|out_imag[10]  ; clk          ; clk         ; 1.000        ; 0.133      ; 4.516      ;
; -3.395 ; ControlUnit:cu|state.CMUL1   ; Datapath:dp|reg2[13]      ; clk          ; clk         ; 1.000        ; 0.144      ; 4.526      ;
; -3.393 ; ControlUnit:cu|state.CMUL1   ; Datapath:dp|out_imag[11]  ; clk          ; clk         ; 1.000        ; 0.133      ; 4.513      ;
; -3.393 ; ControlUnit:cu|state.CMUL2   ; Datapath:dp|reg1[12]      ; clk          ; clk         ; 1.000        ; 0.137      ; 4.517      ;
; -3.388 ; ControlUnit:cu|state.CMUL1   ; Datapath:dp|reg4[12]      ; clk          ; clk         ; 1.000        ; 0.150      ; 4.525      ;
; -3.387 ; ControlUnit:cu|state.CMUL1   ; Datapath:dp|reg2[9]       ; clk          ; clk         ; 1.000        ; 0.162      ; 4.536      ;
; -3.386 ; ControlUnit:cu|state.CMUL1   ; Datapath:dp|out_imag[9]   ; clk          ; clk         ; 1.000        ; 0.133      ; 4.506      ;
; -3.383 ; ControlUnit:cu|state.CMUL1   ; Datapath:dp|reg3[12]      ; clk          ; clk         ; 1.000        ; 0.162      ; 4.532      ;
; -3.383 ; ControlUnit:cu|state.CMUL1   ; Datapath:dp|reg1[13]      ; clk          ; clk         ; 1.000        ; 0.157      ; 4.527      ;
; -3.381 ; ControlUnit:cu|state.CMUL2   ; Datapath:dp|out_imag[8]   ; clk          ; clk         ; 1.000        ; 0.133      ; 4.501      ;
; -3.378 ; ControlUnit:cu|state.CMUL1   ; Datapath:dp|reg3[10]      ; clk          ; clk         ; 1.000        ; 0.162      ; 4.527      ;
; -3.373 ; A_imag_reg[1]                ; final_overflow~reg0       ; clk          ; clk         ; 1.000        ; -0.034     ; 4.326      ;
; -3.362 ; ControlUnit:cu|state.CMUL1   ; Datapath:dp|reg2[15]      ; clk          ; clk         ; 1.000        ; 0.144      ; 4.493      ;
; -3.361 ; ControlUnit:cu|state.CMUL2   ; Datapath:dp|reg2[12]      ; clk          ; clk         ; 1.000        ; 0.162      ; 4.510      ;
; -3.359 ; ControlUnit:cu|state.CMUL2   ; Datapath:dp|reg4[14]      ; clk          ; clk         ; 1.000        ; 0.156      ; 4.502      ;
; -3.357 ; ControlUnit:cu|state.CMUL1   ; Datapath:dp|reg2[14]      ; clk          ; clk         ; 1.000        ; 0.170      ; 4.514      ;
; -3.353 ; ControlUnit:cu|state.CMUL2   ; Datapath:dp|out_imag[14]  ; clk          ; clk         ; 1.000        ; 0.133      ; 4.473      ;
; -3.351 ; ControlUnit:cu|state.CMUL1   ; Datapath:dp|reg1[15]      ; clk          ; clk         ; 1.000        ; 0.157      ; 4.495      ;
; -3.351 ; ControlUnit:cu|state.CMUL2   ; Datapath:dp|reg1[14]      ; clk          ; clk         ; 1.000        ; 0.157      ; 4.495      ;
; -3.347 ; ControlUnit:cu|state.CMUL2   ; Datapath:dp|reg3[14]      ; clk          ; clk         ; 1.000        ; 0.170      ; 4.504      ;
; -3.344 ; ControlUnit:cu|state.CMUL2   ; Datapath:dp|reg1[9]       ; clk          ; clk         ; 1.000        ; 0.137      ; 4.468      ;
; -3.344 ; ControlUnit:cu|state.CMUL2   ; Datapath:dp|reg1[10]      ; clk          ; clk         ; 1.000        ; 0.166      ; 4.497      ;
; -3.342 ; A_real_reg[5]                ; final_overflow~reg0       ; clk          ; clk         ; 1.000        ; -0.035     ; 4.294      ;
; -3.341 ; ControlUnit:cu|state.CMUL3   ; Datapath:dp|out_imag[13]  ; clk          ; clk         ; 1.000        ; 0.133      ; 4.461      ;
; -3.339 ; ControlUnit:cu|state.CMUL1   ; Datapath:dp|reg1[8]       ; clk          ; clk         ; 1.000        ; 0.137      ; 4.463      ;
; -3.334 ; ControlUnit:cu|state.CMUL1   ; Datapath:dp|out_imag[12]  ; clk          ; clk         ; 1.000        ; 0.133      ; 4.454      ;
; -3.331 ; ControlUnit:cu|state.CMUL2   ; Datapath:dp|reg2[13]      ; clk          ; clk         ; 1.000        ; 0.144      ; 4.462      ;
; -3.329 ; ControlUnit:cu|state.CMUL2   ; Datapath:dp|out_imag[11]  ; clk          ; clk         ; 1.000        ; 0.133      ; 4.449      ;
; -3.324 ; ControlUnit:cu|state.CMUL2   ; Datapath:dp|reg4[12]      ; clk          ; clk         ; 1.000        ; 0.150      ; 4.461      ;
; -3.323 ; ControlUnit:cu|state.CMUL2   ; Datapath:dp|reg2[9]       ; clk          ; clk         ; 1.000        ; 0.162      ; 4.472      ;
; -3.322 ; ControlUnit:cu|state.CMUL2   ; Datapath:dp|out_imag[9]   ; clk          ; clk         ; 1.000        ; 0.133      ; 4.442      ;
; -3.319 ; ControlUnit:cu|state.CMUL2   ; Datapath:dp|reg3[12]      ; clk          ; clk         ; 1.000        ; 0.162      ; 4.468      ;
; -3.319 ; ControlUnit:cu|state.CMUL2   ; Datapath:dp|reg1[13]      ; clk          ; clk         ; 1.000        ; 0.157      ; 4.463      ;
; -3.314 ; ControlUnit:cu|state.CMUL2   ; Datapath:dp|reg3[10]      ; clk          ; clk         ; 1.000        ; 0.162      ; 4.463      ;
; -3.310 ; ControlUnit:cu|state.CMUL4   ; Datapath:dp|negative_imag ; clk          ; clk         ; 1.000        ; -0.034     ; 4.263      ;
; -3.300 ; ControlUnit:cu|state.CMUL1   ; Datapath:dp|reg3[9]       ; clk          ; clk         ; 1.000        ; 0.152      ; 4.439      ;
; -3.300 ; ControlUnit:cu|state.CMUL1   ; Datapath:dp|out_imag[6]   ; clk          ; clk         ; 1.000        ; 0.133      ; 4.420      ;
; -3.298 ; ControlUnit:cu|state.CMUL2   ; Datapath:dp|reg2[15]      ; clk          ; clk         ; 1.000        ; 0.144      ; 4.429      ;
; -3.297 ; ControlUnit:cu|state.CMUL3   ; Datapath:dp|out_imag[10]  ; clk          ; clk         ; 1.000        ; 0.133      ; 4.417      ;
; -3.294 ; ControlUnit:cu|state.CMUL3   ; Datapath:dp|reg1[12]      ; clk          ; clk         ; 1.000        ; 0.137      ; 4.418      ;
; -3.293 ; ControlUnit:cu|state.CMUL2   ; Datapath:dp|reg2[14]      ; clk          ; clk         ; 1.000        ; 0.170      ; 4.450      ;
; -3.291 ; ControlUnit:cu|state.CMUL4   ; Datapath:dp|reg4[15]      ; clk          ; clk         ; 1.000        ; 0.157      ; 4.435      ;
; -3.287 ; ControlUnit:cu|state.CMUL2   ; Datapath:dp|reg1[15]      ; clk          ; clk         ; 1.000        ; 0.157      ; 4.431      ;
; -3.284 ; ControlUnit:cu|state.CMUL1   ; Datapath:dp|reg2[11]      ; clk          ; clk         ; 1.000        ; 0.144      ; 4.415      ;
; -3.282 ; ControlUnit:cu|state.CMUL3   ; Datapath:dp|out_imag[8]   ; clk          ; clk         ; 1.000        ; 0.133      ; 4.402      ;
; -3.276 ; ControlUnit:cu|state.CMAG2_2 ; Datapath:dp|negative_imag ; clk          ; clk         ; 1.000        ; -0.034     ; 4.229      ;
; -3.275 ; ControlUnit:cu|state.CMUL1   ; Datapath:dp|reg4[6]       ; clk          ; clk         ; 1.000        ; 0.150      ; 4.412      ;
; -3.275 ; ControlUnit:cu|state.CMUL2   ; Datapath:dp|reg1[8]       ; clk          ; clk         ; 1.000        ; 0.137      ; 4.399      ;
; -3.272 ; ControlUnit:cu|state.CMUL1   ; Datapath:dp|reg1[11]      ; clk          ; clk         ; 1.000        ; 0.157      ; 4.416      ;
; -3.270 ; ControlUnit:cu|state.CMUL2   ; Datapath:dp|out_imag[12]  ; clk          ; clk         ; 1.000        ; 0.133      ; 4.390      ;
; -3.267 ; A_real_reg[1]                ; final_overflow~reg0       ; clk          ; clk         ; 1.000        ; -0.034     ; 4.220      ;
; -3.262 ; ControlUnit:cu|state.CMUL3   ; Datapath:dp|reg2[12]      ; clk          ; clk         ; 1.000        ; 0.162      ; 4.411      ;
; -3.261 ; A_imag_reg[3]                ; Datapath:dp|negative_imag ; clk          ; clk         ; 1.000        ; -0.034     ; 4.214      ;
; -3.260 ; ControlUnit:cu|state.CMUL3   ; Datapath:dp|reg4[14]      ; clk          ; clk         ; 1.000        ; 0.156      ; 4.403      ;
; -3.257 ; ControlUnit:cu|state.CMAG2_2 ; Datapath:dp|reg4[15]      ; clk          ; clk         ; 1.000        ; 0.157      ; 4.401      ;
; -3.254 ; ControlUnit:cu|state.CMUL3   ; Datapath:dp|out_imag[14]  ; clk          ; clk         ; 1.000        ; 0.133      ; 4.374      ;
; -3.253 ; ControlUnit:cu|state.CMUL1   ; Datapath:dp|reg3[15]      ; clk          ; clk         ; 1.000        ; 0.152      ; 4.392      ;
; -3.252 ; ControlUnit:cu|state.CMUL3   ; Datapath:dp|reg1[14]      ; clk          ; clk         ; 1.000        ; 0.157      ; 4.396      ;
; -3.248 ; ControlUnit:cu|state.CMUL3   ; Datapath:dp|reg3[14]      ; clk          ; clk         ; 1.000        ; 0.170      ; 4.405      ;
; -3.246 ; ControlUnit:cu|state.CMUL1   ; Datapath:dp|reg2[6]       ; clk          ; clk         ; 1.000        ; 0.143      ; 4.376      ;
; -3.245 ; ControlUnit:cu|state.CMUL3   ; Datapath:dp|reg1[9]       ; clk          ; clk         ; 1.000        ; 0.137      ; 4.369      ;
; -3.245 ; ControlUnit:cu|state.CMUL3   ; Datapath:dp|reg1[10]      ; clk          ; clk         ; 1.000        ; 0.166      ; 4.398      ;
; -3.243 ; ControlUnit:cu|state.CONJ2   ; Datapath:dp|negative_imag ; clk          ; clk         ; 1.000        ; -0.035     ; 4.195      ;
; -3.242 ; A_imag_reg[3]                ; Datapath:dp|reg4[15]      ; clk          ; clk         ; 1.000        ; 0.157      ; 4.386      ;
; -3.236 ; B_real_reg[1]                ; final_overflow~reg0       ; clk          ; clk         ; 1.000        ; -0.034     ; 4.189      ;
; -3.236 ; ControlUnit:cu|state.CMUL2   ; Datapath:dp|reg3[9]       ; clk          ; clk         ; 1.000        ; 0.152      ; 4.375      ;
; -3.236 ; ControlUnit:cu|state.CMUL2   ; Datapath:dp|out_imag[6]   ; clk          ; clk         ; 1.000        ; 0.133      ; 4.356      ;
; -3.234 ; ControlUnit:cu|state.CMUL4   ; Datapath:dp|out_imag[13]  ; clk          ; clk         ; 1.000        ; 0.133      ; 4.354      ;
; -3.232 ; ControlUnit:cu|state.CMUL3   ; Datapath:dp|reg2[13]      ; clk          ; clk         ; 1.000        ; 0.144      ; 4.363      ;
; -3.230 ; ControlUnit:cu|state.CMUL3   ; Datapath:dp|out_imag[11]  ; clk          ; clk         ; 1.000        ; 0.133      ; 4.350      ;
; -3.225 ; ControlUnit:cu|state.CMUL3   ; Datapath:dp|reg4[12]      ; clk          ; clk         ; 1.000        ; 0.150      ; 4.362      ;
; -3.224 ; ControlUnit:cu|state.CONJ2   ; Datapath:dp|reg4[15]      ; clk          ; clk         ; 1.000        ; 0.156      ; 4.367      ;
; -3.224 ; ControlUnit:cu|state.CMUL3   ; Datapath:dp|reg2[9]       ; clk          ; clk         ; 1.000        ; 0.162      ; 4.373      ;
; -3.223 ; ControlUnit:cu|state.CMUL3   ; Datapath:dp|out_imag[9]   ; clk          ; clk         ; 1.000        ; 0.133      ; 4.343      ;
+--------+------------------------------+---------------------------+--------------+-------------+--------------+------------+------------+


+-------------------------------------------------------------------------------------------------------------------------------------------+
; Fast 1200mV 0C Model Hold: 'clk'                                                                                                          ;
+-------+------------------------------+------------------------------+--------------+-------------+--------------+------------+------------+
; Slack ; From Node                    ; To Node                      ; Launch Clock ; Latch Clock ; Relationship ; Clock Skew ; Data Delay ;
+-------+------------------------------+------------------------------+--------------+-------------+--------------+------------+------------+
; 0.187 ; start_alu                    ; start_alu                    ; clk          ; clk         ; 0.000        ; 0.036      ; 0.307      ;
; 0.187 ; ControlUnit:cu|state.IDLE    ; ControlUnit:cu|state.IDLE    ; clk          ; clk         ; 0.000        ; 0.036      ; 0.307      ;
; 0.187 ; pipe_state.EXECUTE           ; pipe_state.EXECUTE           ; clk          ; clk         ; 0.000        ; 0.036      ; 0.307      ;
; 0.187 ; pipe_state.STALL             ; pipe_state.STALL             ; clk          ; clk         ; 0.000        ; 0.036      ; 0.307      ;
; 0.187 ; done_all~reg0                ; done_all~reg0                ; clk          ; clk         ; 0.000        ; 0.036      ; 0.307      ;
; 0.193 ; pc[0]                        ; pc[0]                        ; clk          ; clk         ; 0.000        ; 0.037      ; 0.314      ;
; 0.195 ; pipe_state.STALL             ; done_all~reg0                ; clk          ; clk         ; 0.000        ; 0.036      ; 0.315      ;
; 0.196 ; Datapath:dp|out_real[2]      ; final_out_real[2]~reg0       ; clk          ; clk         ; 0.000        ; 0.037      ; 0.317      ;
; 0.198 ; Datapath:dp|out_real[1]      ; final_out_real[1]~reg0       ; clk          ; clk         ; 0.000        ; 0.037      ; 0.319      ;
; 0.199 ; pipe_state.EXECUTE           ; pipe_state.UPDATE            ; clk          ; clk         ; 0.000        ; 0.036      ; 0.319      ;
; 0.201 ; pipe_state.FETCH             ; pipe_state.DECODE            ; clk          ; clk         ; 0.000        ; 0.036      ; 0.321      ;
; 0.203 ; Datapath:dp|out_real[5]      ; final_out_real[5]~reg0       ; clk          ; clk         ; 0.000        ; 0.037      ; 0.324      ;
; 0.203 ; pipe_state.EXECUTE           ; start_alu                    ; clk          ; clk         ; 0.000        ; 0.036      ; 0.323      ;
; 0.204 ; Datapath:dp|out_real[6]      ; final_out_real[6]~reg0       ; clk          ; clk         ; 0.000        ; 0.037      ; 0.325      ;
; 0.214 ; pc[4]                        ; pc[4]                        ; clk          ; clk         ; 0.000        ; 0.037      ; 0.335      ;
; 0.262 ; Datapath:dp|out_imag[2]      ; final_out_imag[2]~reg0       ; clk          ; clk         ; 0.000        ; 0.036      ; 0.382      ;
; 0.268 ; Datapath:dp|out_imag[3]      ; final_out_imag[3]~reg0       ; clk          ; clk         ; 0.000        ; 0.036      ; 0.388      ;
; 0.270 ; Datapath:dp|out_real[3]      ; final_out_real[3]~reg0       ; clk          ; clk         ; 0.000        ; 0.037      ; 0.391      ;
; 0.273 ; ir[32]                       ; opcode_reg[0]                ; clk          ; clk         ; 0.000        ; 0.037      ; 0.394      ;
; 0.278 ; ir[33]                       ; opcode_reg[1]                ; clk          ; clk         ; 0.000        ; 0.037      ; 0.399      ;
; 0.280 ; ControlUnit:cu|state.CMUL1   ; ControlUnit:cu|state.CMUL2   ; clk          ; clk         ; 0.000        ; 0.037      ; 0.401      ;
; 0.287 ; ControlUnit:cu|state.CMAG2_3 ; ControlUnit:cu|state.CMAG2_4 ; clk          ; clk         ; 0.000        ; 0.037      ; 0.408      ;
; 0.292 ; ControlUnit:cu|state.CMUL2   ; ControlUnit:cu|state.CMUL3   ; clk          ; clk         ; 0.000        ; 0.037      ; 0.413      ;
; 0.313 ; pc[3]                        ; pc[3]                        ; clk          ; clk         ; 0.000        ; 0.037      ; 0.434      ;
; 0.315 ; pc[1]                        ; pc[1]                        ; clk          ; clk         ; 0.000        ; 0.037      ; 0.436      ;
; 0.324 ; pc[2]                        ; pc[2]                        ; clk          ; clk         ; 0.000        ; 0.037      ; 0.445      ;
; 0.343 ; opcode_reg[0]                ; ControlUnit:cu|state.CMAG2_1 ; clk          ; clk         ; 0.000        ; 0.036      ; 0.463      ;
; 0.344 ; opcode_reg[2]                ; ControlUnit:cu|state.CMAG2_1 ; clk          ; clk         ; 0.000        ; 0.036      ; 0.464      ;
; 0.344 ; opcode_reg[1]                ; ControlUnit:cu|state.CMAG2_1 ; clk          ; clk         ; 0.000        ; 0.036      ; 0.464      ;
; 0.346 ; Datapath:dp|out_imag[1]      ; final_out_imag[1]~reg0       ; clk          ; clk         ; 0.000        ; 0.036      ; 0.466      ;
; 0.354 ; ir[34]                       ; opcode_reg[2]                ; clk          ; clk         ; 0.000        ; 0.037      ; 0.475      ;
; 0.354 ; pc[3]                        ; ir[24]                       ; clk          ; clk         ; 0.000        ; 0.036      ; 0.474      ;
; 0.356 ; ControlUnit:cu|state.CMAG2_1 ; ControlUnit:cu|state.CMAG2_2 ; clk          ; clk         ; 0.000        ; 0.037      ; 0.477      ;
; 0.366 ; Datapath:dp|out_real[12]     ; final_out_real[12]~reg0      ; clk          ; clk         ; 0.000        ; 0.029      ; 0.479      ;
; 0.373 ; start_alu                    ; ControlUnit:cu|state.IDLE    ; clk          ; clk         ; 0.000        ; 0.036      ; 0.493      ;
; 0.375 ; opcode_reg[0]                ; ControlUnit:cu|state.CMUL1   ; clk          ; clk         ; 0.000        ; 0.037      ; 0.496      ;
; 0.375 ; ControlUnit:cu|state.IDLE    ; ControlUnit:cu|state.CMAG2_1 ; clk          ; clk         ; 0.000        ; 0.036      ; 0.495      ;
; 0.379 ; Datapath:dp|out_real[11]     ; final_out_real[11]~reg0      ; clk          ; clk         ; 0.000        ; -0.136     ; 0.327      ;
; 0.380 ; opcode_reg[0]                ; ControlUnit:cu|state.CSUB1   ; clk          ; clk         ; 0.000        ; 0.037      ; 0.501      ;
; 0.381 ; opcode_reg[0]                ; ControlUnit:cu|state.CONJ1   ; clk          ; clk         ; 0.000        ; 0.037      ; 0.502      ;
; 0.384 ; opcode_reg[0]                ; ControlUnit:cu|state.CADD1   ; clk          ; clk         ; 0.000        ; 0.037      ; 0.505      ;
; 0.385 ; pc[0]                        ; ir[24]                       ; clk          ; clk         ; 0.000        ; 0.037      ; 0.506      ;
; 0.415 ; ir[13]                       ; B_real_reg[5]                ; clk          ; clk         ; 0.000        ; 0.038      ; 0.537      ;
; 0.421 ; pc[4]                        ; pipe_state.FETCH             ; clk          ; clk         ; 0.000        ; 0.036      ; 0.541      ;
; 0.429 ; pc[4]                        ; ir[24]                       ; clk          ; clk         ; 0.000        ; 0.036      ; 0.549      ;
; 0.435 ; pc[4]                        ; ir[16]                       ; clk          ; clk         ; 0.000        ; 0.036      ; 0.555      ;
; 0.445 ; opcode_reg[2]                ; ControlUnit:cu|state.CMUL1   ; clk          ; clk         ; 0.000        ; 0.037      ; 0.566      ;
; 0.449 ; ControlUnit:cu|state.CMUL6   ; ControlUnit:cu|state.CMUL7   ; clk          ; clk         ; 0.000        ; 0.037      ; 0.570      ;
; 0.453 ; Datapath:dp|out_real[10]     ; final_out_real[10]~reg0      ; clk          ; clk         ; 0.000        ; 0.029      ; 0.566      ;
; 0.454 ; ControlUnit:cu|state.CSUB1   ; ControlUnit:cu|state.CSUB2   ; clk          ; clk         ; 0.000        ; 0.037      ; 0.575      ;
; 0.458 ; pc[4]                        ; ir[17]                       ; clk          ; clk         ; 0.000        ; 0.036      ; 0.578      ;
; 0.458 ; pc[4]                        ; ir[10]                       ; clk          ; clk         ; 0.000        ; 0.036      ; 0.578      ;
; 0.459 ; pc[0]                        ; ir[33]                       ; clk          ; clk         ; 0.000        ; 0.039      ; 0.582      ;
; 0.459 ; pc[0]                        ; ir[34]                       ; clk          ; clk         ; 0.000        ; 0.039      ; 0.582      ;
; 0.459 ; pc[0]                        ; ir[8]                        ; clk          ; clk         ; 0.000        ; 0.039      ; 0.582      ;
; 0.459 ; pc[0]                        ; ir[19]                       ; clk          ; clk         ; 0.000        ; 0.039      ; 0.582      ;
; 0.459 ; pc[0]                        ; ir[21]                       ; clk          ; clk         ; 0.000        ; 0.039      ; 0.582      ;
; 0.459 ; pc[0]                        ; ir[29]                       ; clk          ; clk         ; 0.000        ; 0.039      ; 0.582      ;
; 0.460 ; pc[0]                        ; ir[2]                        ; clk          ; clk         ; 0.000        ; 0.039      ; 0.583      ;
; 0.460 ; pc[0]                        ; ir[18]                       ; clk          ; clk         ; 0.000        ; 0.039      ; 0.583      ;
; 0.460 ; pc[0]                        ; ir[11]                       ; clk          ; clk         ; 0.000        ; 0.039      ; 0.583      ;
; 0.460 ; pc[0]                        ; ir[13]                       ; clk          ; clk         ; 0.000        ; 0.039      ; 0.583      ;
; 0.463 ; pc[0]                        ; ir[32]                       ; clk          ; clk         ; 0.000        ; 0.039      ; 0.586      ;
; 0.464 ; pc[0]                        ; ir[26]                       ; clk          ; clk         ; 0.000        ; 0.039      ; 0.587      ;
; 0.466 ; ir[26]                       ; A_real_reg[2]                ; clk          ; clk         ; 0.000        ; 0.038      ; 0.588      ;
; 0.467 ; pc[1]                        ; pc[2]                        ; clk          ; clk         ; 0.000        ; 0.037      ; 0.588      ;
; 0.470 ; ir[21]                       ; A_imag_reg[5]                ; clk          ; clk         ; 0.000        ; 0.038      ; 0.592      ;
; 0.470 ; pc[1]                        ; pc[3]                        ; clk          ; clk         ; 0.000        ; 0.037      ; 0.591      ;
; 0.471 ; pc[3]                        ; pc[4]                        ; clk          ; clk         ; 0.000        ; 0.037      ; 0.592      ;
; 0.473 ; pc[2]                        ; pc[3]                        ; clk          ; clk         ; 0.000        ; 0.037      ; 0.594      ;
; 0.476 ; ir[27]                       ; A_real_reg[3]                ; clk          ; clk         ; 0.000        ; 0.039      ; 0.599      ;
; 0.479 ; ir[19]                       ; A_imag_reg[3]                ; clk          ; clk         ; 0.000        ; 0.038      ; 0.601      ;
; 0.480 ; pc[0]                        ; pc[1]                        ; clk          ; clk         ; 0.000        ; 0.038      ; 0.602      ;
; 0.481 ; ir[10]                       ; B_real_reg[2]                ; clk          ; clk         ; 0.000        ; 0.039      ; 0.604      ;
; 0.484 ; opcode_reg[1]                ; ControlUnit:cu|state.IDLE    ; clk          ; clk         ; 0.000        ; 0.036      ; 0.604      ;
; 0.488 ; start_alu                    ; ControlUnit:cu|state.CMAG2_1 ; clk          ; clk         ; 0.000        ; 0.036      ; 0.608      ;
; 0.495 ; pc[1]                        ; ir[27]                       ; clk          ; clk         ; 0.000        ; 0.036      ; 0.615      ;
; 0.498 ; opcode_reg[2]                ; ControlUnit:cu|state.IDLE    ; clk          ; clk         ; 0.000        ; 0.036      ; 0.618      ;
; 0.503 ; A_real_reg[3]                ; Datapath:dp|out_real[3]      ; clk          ; clk         ; 0.000        ; 0.035      ; 0.622      ;
; 0.503 ; opcode_reg[1]                ; ControlUnit:cu|state.CONJ1   ; clk          ; clk         ; 0.000        ; 0.037      ; 0.624      ;
; 0.503 ; opcode_reg[0]                ; ControlUnit:cu|state.IDLE    ; clk          ; clk         ; 0.000        ; 0.036      ; 0.623      ;
; 0.504 ; Datapath:dp|out_real[8]      ; final_out_real[8]~reg0       ; clk          ; clk         ; 0.000        ; 0.036      ; 0.624      ;
; 0.508 ; opcode_reg[1]                ; ControlUnit:cu|state.CSUB1   ; clk          ; clk         ; 0.000        ; 0.037      ; 0.629      ;
; 0.514 ; opcode_reg[2]                ; ControlUnit:cu|state.CSUB1   ; clk          ; clk         ; 0.000        ; 0.037      ; 0.635      ;
; 0.516 ; pc[3]                        ; ir[10]                       ; clk          ; clk         ; 0.000        ; 0.036      ; 0.636      ;
; 0.517 ; ControlUnit:cu|state.CMUL7   ; pipe_state.EXECUTE           ; clk          ; clk         ; 0.000        ; 0.035      ; 0.636      ;
; 0.518 ; pc[3]                        ; ir[17]                       ; clk          ; clk         ; 0.000        ; 0.036      ; 0.638      ;
; 0.522 ; A_real_reg[2]                ; Datapath:dp|out_real[2]      ; clk          ; clk         ; 0.000        ; 0.035      ; 0.641      ;
; 0.525 ; Datapath:dp|out_imag[14]     ; final_out_imag[14]~reg0      ; clk          ; clk         ; 0.000        ; -0.141     ; 0.468      ;
; 0.526 ; pipe_state.DECODE            ; start_alu                    ; clk          ; clk         ; 0.000        ; 0.038      ; 0.648      ;
; 0.526 ; ControlUnit:cu|state.IDLE    ; ControlUnit:cu|state.CMUL1   ; clk          ; clk         ; 0.000        ; 0.037      ; 0.647      ;
; 0.528 ; Datapath:dp|out_imag[5]      ; final_out_imag[5]~reg0       ; clk          ; clk         ; 0.000        ; -0.155     ; 0.457      ;
; 0.528 ; opcode_reg[1]                ; ControlUnit:cu|state.CADD1   ; clk          ; clk         ; 0.000        ; 0.037      ; 0.649      ;
; 0.531 ; opcode_reg[2]                ; ControlUnit:cu|state.CONJ1   ; clk          ; clk         ; 0.000        ; 0.037      ; 0.652      ;
; 0.533 ; pc[1]                        ; pc[4]                        ; clk          ; clk         ; 0.000        ; 0.037      ; 0.654      ;
; 0.534 ; opcode_reg[2]                ; ControlUnit:cu|state.CADD1   ; clk          ; clk         ; 0.000        ; 0.037      ; 0.655      ;
; 0.535 ; Datapath:dp|out_imag[13]     ; final_out_imag[13]~reg0      ; clk          ; clk         ; 0.000        ; -0.141     ; 0.478      ;
; 0.536 ; pc[2]                        ; pc[4]                        ; clk          ; clk         ; 0.000        ; 0.037      ; 0.657      ;
; 0.539 ; pipe_state.UPDATE            ; pipe_state.FETCH             ; clk          ; clk         ; 0.000        ; 0.034      ; 0.657      ;
; 0.540 ; ir[33]                       ; pipe_state.EXECUTE           ; clk          ; clk         ; 0.000        ; 0.037      ; 0.661      ;
+-------+------------------------------+------------------------------+--------------+-------------+--------------+------------+------------+


+---------------------------------------------------------------------------------------------------------+
; Fast 1200mV 0C Model Minimum Pulse Width: 'clk'                                                         ;
+--------+--------------+----------------+------------+-------+------------+------------------------------+
; Slack  ; Actual Width ; Required Width ; Type       ; Clock ; Clock Edge ; Target                       ;
+--------+--------------+----------------+------------+-------+------------+------------------------------+
; -3.000 ; 1.000        ; 4.000          ; Port Rate  ; clk   ; Rise       ; clk                          ;
; -1.000 ; 1.000        ; 2.000          ; Min Period ; clk   ; Rise       ; A_imag_reg[0]                ;
; -1.000 ; 1.000        ; 2.000          ; Min Period ; clk   ; Rise       ; A_imag_reg[1]                ;
; -1.000 ; 1.000        ; 2.000          ; Min Period ; clk   ; Rise       ; A_imag_reg[2]                ;
; -1.000 ; 1.000        ; 2.000          ; Min Period ; clk   ; Rise       ; A_imag_reg[3]                ;
; -1.000 ; 1.000        ; 2.000          ; Min Period ; clk   ; Rise       ; A_imag_reg[5]                ;
; -1.000 ; 1.000        ; 2.000          ; Min Period ; clk   ; Rise       ; A_real_reg[0]                ;
; -1.000 ; 1.000        ; 2.000          ; Min Period ; clk   ; Rise       ; A_real_reg[1]                ;
; -1.000 ; 1.000        ; 2.000          ; Min Period ; clk   ; Rise       ; A_real_reg[2]                ;
; -1.000 ; 1.000        ; 2.000          ; Min Period ; clk   ; Rise       ; A_real_reg[3]                ;
; -1.000 ; 1.000        ; 2.000          ; Min Period ; clk   ; Rise       ; A_real_reg[5]                ;
; -1.000 ; 1.000        ; 2.000          ; Min Period ; clk   ; Rise       ; B_imag_reg[0]                ;
; -1.000 ; 1.000        ; 2.000          ; Min Period ; clk   ; Rise       ; B_imag_reg[2]                ;
; -1.000 ; 1.000        ; 2.000          ; Min Period ; clk   ; Rise       ; B_real_reg[0]                ;
; -1.000 ; 1.000        ; 2.000          ; Min Period ; clk   ; Rise       ; B_real_reg[1]                ;
; -1.000 ; 1.000        ; 2.000          ; Min Period ; clk   ; Rise       ; B_real_reg[2]                ;
; -1.000 ; 1.000        ; 2.000          ; Min Period ; clk   ; Rise       ; B_real_reg[3]                ;
; -1.000 ; 1.000        ; 2.000          ; Min Period ; clk   ; Rise       ; B_real_reg[5]                ;
; -1.000 ; 1.000        ; 2.000          ; Min Period ; clk   ; Rise       ; ControlUnit:cu|state.CADD1   ;
; -1.000 ; 1.000        ; 2.000          ; Min Period ; clk   ; Rise       ; ControlUnit:cu|state.CADD2   ;
; -1.000 ; 1.000        ; 2.000          ; Min Period ; clk   ; Rise       ; ControlUnit:cu|state.CMAG2_1 ;
; -1.000 ; 1.000        ; 2.000          ; Min Period ; clk   ; Rise       ; ControlUnit:cu|state.CMAG2_2 ;
; -1.000 ; 1.000        ; 2.000          ; Min Period ; clk   ; Rise       ; ControlUnit:cu|state.CMAG2_3 ;
; -1.000 ; 1.000        ; 2.000          ; Min Period ; clk   ; Rise       ; ControlUnit:cu|state.CMAG2_4 ;
; -1.000 ; 1.000        ; 2.000          ; Min Period ; clk   ; Rise       ; ControlUnit:cu|state.CMUL1   ;
; -1.000 ; 1.000        ; 2.000          ; Min Period ; clk   ; Rise       ; ControlUnit:cu|state.CMUL2   ;
; -1.000 ; 1.000        ; 2.000          ; Min Period ; clk   ; Rise       ; ControlUnit:cu|state.CMUL3   ;
; -1.000 ; 1.000        ; 2.000          ; Min Period ; clk   ; Rise       ; ControlUnit:cu|state.CMUL4   ;
; -1.000 ; 1.000        ; 2.000          ; Min Period ; clk   ; Rise       ; ControlUnit:cu|state.CMUL5   ;
; -1.000 ; 1.000        ; 2.000          ; Min Period ; clk   ; Rise       ; ControlUnit:cu|state.CMUL6   ;
; -1.000 ; 1.000        ; 2.000          ; Min Period ; clk   ; Rise       ; ControlUnit:cu|state.CMUL7   ;
; -1.000 ; 1.000        ; 2.000          ; Min Period ; clk   ; Rise       ; ControlUnit:cu|state.CONJ1   ;
; -1.000 ; 1.000        ; 2.000          ; Min Period ; clk   ; Rise       ; ControlUnit:cu|state.CONJ2   ;
; -1.000 ; 1.000        ; 2.000          ; Min Period ; clk   ; Rise       ; ControlUnit:cu|state.CSUB1   ;
; -1.000 ; 1.000        ; 2.000          ; Min Period ; clk   ; Rise       ; ControlUnit:cu|state.CSUB2   ;
; -1.000 ; 1.000        ; 2.000          ; Min Period ; clk   ; Rise       ; ControlUnit:cu|state.IDLE    ;
; -1.000 ; 1.000        ; 2.000          ; Min Period ; clk   ; Rise       ; Datapath:dp|negative_imag    ;
; -1.000 ; 1.000        ; 2.000          ; Min Period ; clk   ; Rise       ; Datapath:dp|negative_real    ;
; -1.000 ; 1.000        ; 2.000          ; Min Period ; clk   ; Rise       ; Datapath:dp|out_imag[0]      ;
; -1.000 ; 1.000        ; 2.000          ; Min Period ; clk   ; Rise       ; Datapath:dp|out_imag[10]     ;
; -1.000 ; 1.000        ; 2.000          ; Min Period ; clk   ; Rise       ; Datapath:dp|out_imag[11]     ;
; -1.000 ; 1.000        ; 2.000          ; Min Period ; clk   ; Rise       ; Datapath:dp|out_imag[12]     ;
; -1.000 ; 1.000        ; 2.000          ; Min Period ; clk   ; Rise       ; Datapath:dp|out_imag[13]     ;
; -1.000 ; 1.000        ; 2.000          ; Min Period ; clk   ; Rise       ; Datapath:dp|out_imag[14]     ;
; -1.000 ; 1.000        ; 2.000          ; Min Period ; clk   ; Rise       ; Datapath:dp|out_imag[1]      ;
; -1.000 ; 1.000        ; 2.000          ; Min Period ; clk   ; Rise       ; Datapath:dp|out_imag[2]      ;
; -1.000 ; 1.000        ; 2.000          ; Min Period ; clk   ; Rise       ; Datapath:dp|out_imag[3]      ;
; -1.000 ; 1.000        ; 2.000          ; Min Period ; clk   ; Rise       ; Datapath:dp|out_imag[4]      ;
; -1.000 ; 1.000        ; 2.000          ; Min Period ; clk   ; Rise       ; Datapath:dp|out_imag[5]      ;
; -1.000 ; 1.000        ; 2.000          ; Min Period ; clk   ; Rise       ; Datapath:dp|out_imag[6]      ;
; -1.000 ; 1.000        ; 2.000          ; Min Period ; clk   ; Rise       ; Datapath:dp|out_imag[7]      ;
; -1.000 ; 1.000        ; 2.000          ; Min Period ; clk   ; Rise       ; Datapath:dp|out_imag[8]      ;
; -1.000 ; 1.000        ; 2.000          ; Min Period ; clk   ; Rise       ; Datapath:dp|out_imag[9]      ;
; -1.000 ; 1.000        ; 2.000          ; Min Period ; clk   ; Rise       ; Datapath:dp|out_real[0]      ;
; -1.000 ; 1.000        ; 2.000          ; Min Period ; clk   ; Rise       ; Datapath:dp|out_real[10]     ;
; -1.000 ; 1.000        ; 2.000          ; Min Period ; clk   ; Rise       ; Datapath:dp|out_real[11]     ;
; -1.000 ; 1.000        ; 2.000          ; Min Period ; clk   ; Rise       ; Datapath:dp|out_real[12]     ;
; -1.000 ; 1.000        ; 2.000          ; Min Period ; clk   ; Rise       ; Datapath:dp|out_real[13]     ;
; -1.000 ; 1.000        ; 2.000          ; Min Period ; clk   ; Rise       ; Datapath:dp|out_real[14]     ;
; -1.000 ; 1.000        ; 2.000          ; Min Period ; clk   ; Rise       ; Datapath:dp|out_real[1]      ;
; -1.000 ; 1.000        ; 2.000          ; Min Period ; clk   ; Rise       ; Datapath:dp|out_real[2]      ;
; -1.000 ; 1.000        ; 2.000          ; Min Period ; clk   ; Rise       ; Datapath:dp|out_real[3]      ;
; -1.000 ; 1.000        ; 2.000          ; Min Period ; clk   ; Rise       ; Datapath:dp|out_real[4]      ;
; -1.000 ; 1.000        ; 2.000          ; Min Period ; clk   ; Rise       ; Datapath:dp|out_real[5]      ;
; -1.000 ; 1.000        ; 2.000          ; Min Period ; clk   ; Rise       ; Datapath:dp|out_real[6]      ;
; -1.000 ; 1.000        ; 2.000          ; Min Period ; clk   ; Rise       ; Datapath:dp|out_real[7]      ;
; -1.000 ; 1.000        ; 2.000          ; Min Period ; clk   ; Rise       ; Datapath:dp|out_real[8]      ;
; -1.000 ; 1.000        ; 2.000          ; Min Period ; clk   ; Rise       ; Datapath:dp|out_real[9]      ;
; -1.000 ; 1.000        ; 2.000          ; Min Period ; clk   ; Rise       ; Datapath:dp|reg1[0]          ;
; -1.000 ; 1.000        ; 2.000          ; Min Period ; clk   ; Rise       ; Datapath:dp|reg1[10]         ;
; -1.000 ; 1.000        ; 2.000          ; Min Period ; clk   ; Rise       ; Datapath:dp|reg1[11]         ;
; -1.000 ; 1.000        ; 2.000          ; Min Period ; clk   ; Rise       ; Datapath:dp|reg1[12]         ;
; -1.000 ; 1.000        ; 2.000          ; Min Period ; clk   ; Rise       ; Datapath:dp|reg1[13]         ;
; -1.000 ; 1.000        ; 2.000          ; Min Period ; clk   ; Rise       ; Datapath:dp|reg1[14]         ;
; -1.000 ; 1.000        ; 2.000          ; Min Period ; clk   ; Rise       ; Datapath:dp|reg1[15]         ;
; -1.000 ; 1.000        ; 2.000          ; Min Period ; clk   ; Rise       ; Datapath:dp|reg1[1]          ;
; -1.000 ; 1.000        ; 2.000          ; Min Period ; clk   ; Rise       ; Datapath:dp|reg1[2]          ;
; -1.000 ; 1.000        ; 2.000          ; Min Period ; clk   ; Rise       ; Datapath:dp|reg1[3]          ;
; -1.000 ; 1.000        ; 2.000          ; Min Period ; clk   ; Rise       ; Datapath:dp|reg1[4]          ;
; -1.000 ; 1.000        ; 2.000          ; Min Period ; clk   ; Rise       ; Datapath:dp|reg1[5]          ;
; -1.000 ; 1.000        ; 2.000          ; Min Period ; clk   ; Rise       ; Datapath:dp|reg1[6]          ;
; -1.000 ; 1.000        ; 2.000          ; Min Period ; clk   ; Rise       ; Datapath:dp|reg1[7]          ;
; -1.000 ; 1.000        ; 2.000          ; Min Period ; clk   ; Rise       ; Datapath:dp|reg1[8]          ;
; -1.000 ; 1.000        ; 2.000          ; Min Period ; clk   ; Rise       ; Datapath:dp|reg1[9]          ;
; -1.000 ; 1.000        ; 2.000          ; Min Period ; clk   ; Rise       ; Datapath:dp|reg2[0]          ;
; -1.000 ; 1.000        ; 2.000          ; Min Period ; clk   ; Rise       ; Datapath:dp|reg2[10]         ;
; -1.000 ; 1.000        ; 2.000          ; Min Period ; clk   ; Rise       ; Datapath:dp|reg2[11]         ;
; -1.000 ; 1.000        ; 2.000          ; Min Period ; clk   ; Rise       ; Datapath:dp|reg2[12]         ;
; -1.000 ; 1.000        ; 2.000          ; Min Period ; clk   ; Rise       ; Datapath:dp|reg2[13]         ;
; -1.000 ; 1.000        ; 2.000          ; Min Period ; clk   ; Rise       ; Datapath:dp|reg2[14]         ;
; -1.000 ; 1.000        ; 2.000          ; Min Period ; clk   ; Rise       ; Datapath:dp|reg2[15]         ;
; -1.000 ; 1.000        ; 2.000          ; Min Period ; clk   ; Rise       ; Datapath:dp|reg2[1]          ;
; -1.000 ; 1.000        ; 2.000          ; Min Period ; clk   ; Rise       ; Datapath:dp|reg2[2]          ;
; -1.000 ; 1.000        ; 2.000          ; Min Period ; clk   ; Rise       ; Datapath:dp|reg2[3]          ;
; -1.000 ; 1.000        ; 2.000          ; Min Period ; clk   ; Rise       ; Datapath:dp|reg2[4]          ;
; -1.000 ; 1.000        ; 2.000          ; Min Period ; clk   ; Rise       ; Datapath:dp|reg2[5]          ;
; -1.000 ; 1.000        ; 2.000          ; Min Period ; clk   ; Rise       ; Datapath:dp|reg2[6]          ;
; -1.000 ; 1.000        ; 2.000          ; Min Period ; clk   ; Rise       ; Datapath:dp|reg2[7]          ;
; -1.000 ; 1.000        ; 2.000          ; Min Period ; clk   ; Rise       ; Datapath:dp|reg2[8]          ;
; -1.000 ; 1.000        ; 2.000          ; Min Period ; clk   ; Rise       ; Datapath:dp|reg2[9]          ;
+--------+--------------+----------------+------------+-------+------------+------------------------------+


+-----------------------------------------------------------------------+
; Setup Times                                                           ;
+-----------+------------+-------+-------+------------+-----------------+
; Data Port ; Clock Port ; Rise  ; Fall  ; Clock Edge ; Clock Reference ;
+-----------+------------+-------+-------+------------+-----------------+
; rst       ; clk        ; 1.249 ; 1.425 ; Rise       ; clk             ;
+-----------+------------+-------+-------+------------+-----------------+


+-------------------------------------------------------------------------+
; Hold Times                                                              ;
+-----------+------------+--------+--------+------------+-----------------+
; Data Port ; Clock Port ; Rise   ; Fall   ; Clock Edge ; Clock Reference ;
+-----------+------------+--------+--------+------------+-----------------+
; rst       ; clk        ; -0.639 ; -0.882 ; Rise       ; clk             ;
+-----------+------------+--------+--------+------------+-----------------+


+---------------------------------------------------------------------------------+
; Clock to Output Times                                                           ;
+---------------------+------------+-------+-------+------------+-----------------+
; Data Port           ; Clock Port ; Rise  ; Fall  ; Clock Edge ; Clock Reference ;
+---------------------+------------+-------+-------+------------+-----------------+
; done_all            ; clk        ; 3.850 ; 3.901 ; Rise       ; clk             ;
; final_neg_imag      ; clk        ; 3.954 ; 4.018 ; Rise       ; clk             ;
; final_neg_real      ; clk        ; 3.772 ; 3.800 ; Rise       ; clk             ;
; final_out_imag[*]   ; clk        ; 4.569 ; 4.695 ; Rise       ; clk             ;
;  final_out_imag[0]  ; clk        ; 3.764 ; 3.871 ; Rise       ; clk             ;
;  final_out_imag[1]  ; clk        ; 3.637 ; 3.706 ; Rise       ; clk             ;
;  final_out_imag[2]  ; clk        ; 4.569 ; 4.695 ; Rise       ; clk             ;
;  final_out_imag[3]  ; clk        ; 3.632 ; 3.700 ; Rise       ; clk             ;
;  final_out_imag[4]  ; clk        ; 4.258 ; 4.340 ; Rise       ; clk             ;
;  final_out_imag[5]  ; clk        ; 3.739 ; 3.823 ; Rise       ; clk             ;
;  final_out_imag[6]  ; clk        ; 3.710 ; 3.775 ; Rise       ; clk             ;
;  final_out_imag[7]  ; clk        ; 4.040 ; 4.172 ; Rise       ; clk             ;
;  final_out_imag[8]  ; clk        ; 3.617 ; 3.670 ; Rise       ; clk             ;
;  final_out_imag[9]  ; clk        ; 3.635 ; 3.647 ; Rise       ; clk             ;
;  final_out_imag[10] ; clk        ; 3.528 ; 3.584 ; Rise       ; clk             ;
;  final_out_imag[11] ; clk        ; 3.960 ; 4.013 ; Rise       ; clk             ;
;  final_out_imag[12] ; clk        ; 3.920 ; 3.976 ; Rise       ; clk             ;
;  final_out_imag[13] ; clk        ; 4.319 ; 4.416 ; Rise       ; clk             ;
;  final_out_imag[14] ; clk        ; 3.894 ; 4.012 ; Rise       ; clk             ;
;  final_out_imag[15] ; clk        ; 4.242 ; 4.317 ; Rise       ; clk             ;
; final_out_real[*]   ; clk        ; 4.155 ; 4.295 ; Rise       ; clk             ;
;  final_out_real[0]  ; clk        ; 3.814 ; 3.853 ; Rise       ; clk             ;
;  final_out_real[1]  ; clk        ; 3.468 ; 3.508 ; Rise       ; clk             ;
;  final_out_real[2]  ; clk        ; 4.020 ; 4.132 ; Rise       ; clk             ;
;  final_out_real[3]  ; clk        ; 3.782 ; 3.812 ; Rise       ; clk             ;
;  final_out_real[4]  ; clk        ; 3.624 ; 3.632 ; Rise       ; clk             ;
;  final_out_real[5]  ; clk        ; 3.658 ; 3.726 ; Rise       ; clk             ;
;  final_out_real[6]  ; clk        ; 3.785 ; 3.813 ; Rise       ; clk             ;
;  final_out_real[7]  ; clk        ; 4.154 ; 4.287 ; Rise       ; clk             ;
;  final_out_real[8]  ; clk        ; 4.155 ; 4.295 ; Rise       ; clk             ;
;  final_out_real[9]  ; clk        ; 4.110 ; 4.178 ; Rise       ; clk             ;
;  final_out_real[10] ; clk        ; 3.882 ; 4.002 ; Rise       ; clk             ;
;  final_out_real[11] ; clk        ; 3.598 ; 3.664 ; Rise       ; clk             ;
;  final_out_real[12] ; clk        ; 3.947 ; 4.004 ; Rise       ; clk             ;
;  final_out_real[13] ; clk        ; 3.504 ; 3.564 ; Rise       ; clk             ;
;  final_out_real[14] ; clk        ; 3.991 ; 4.114 ; Rise       ; clk             ;
;  final_out_real[15] ; clk        ; 4.124 ; 4.193 ; Rise       ; clk             ;
; final_overflow      ; clk        ; 3.577 ; 3.640 ; Rise       ; clk             ;
; final_zero          ; clk        ; 3.626 ; 3.638 ; Rise       ; clk             ;
+---------------------+------------+-------+-------+------------+-----------------+


+---------------------------------------------------------------------------------+
; Minimum Clock to Output Times                                                   ;
+---------------------+------------+-------+-------+------------+-----------------+
; Data Port           ; Clock Port ; Rise  ; Fall  ; Clock Edge ; Clock Reference ;
+---------------------+------------+-------+-------+------------+-----------------+
; done_all            ; clk        ; 3.724 ; 3.771 ; Rise       ; clk             ;
; final_neg_imag      ; clk        ; 3.823 ; 3.883 ; Rise       ; clk             ;
; final_neg_real      ; clk        ; 3.648 ; 3.673 ; Rise       ; clk             ;
; final_out_imag[*]   ; clk        ; 3.414 ; 3.467 ; Rise       ; clk             ;
;  final_out_imag[0]  ; clk        ; 3.640 ; 3.741 ; Rise       ; clk             ;
;  final_out_imag[1]  ; clk        ; 3.515 ; 3.581 ; Rise       ; clk             ;
;  final_out_imag[2]  ; clk        ; 4.436 ; 4.556 ; Rise       ; clk             ;
;  final_out_imag[3]  ; clk        ; 3.511 ; 3.575 ; Rise       ; clk             ;
;  final_out_imag[4]  ; clk        ; 4.137 ; 4.216 ; Rise       ; clk             ;
;  final_out_imag[5]  ; clk        ; 3.610 ; 3.691 ; Rise       ; clk             ;
;  final_out_imag[6]  ; clk        ; 3.586 ; 3.647 ; Rise       ; clk             ;
;  final_out_imag[7]  ; clk        ; 3.904 ; 4.031 ; Rise       ; clk             ;
;  final_out_imag[8]  ; clk        ; 3.493 ; 3.543 ; Rise       ; clk             ;
;  final_out_imag[9]  ; clk        ; 3.516 ; 3.526 ; Rise       ; clk             ;
;  final_out_imag[10] ; clk        ; 3.414 ; 3.467 ; Rise       ; clk             ;
;  final_out_imag[11] ; clk        ; 3.829 ; 3.878 ; Rise       ; clk             ;
;  final_out_imag[12] ; clk        ; 3.790 ; 3.842 ; Rise       ; clk             ;
;  final_out_imag[13] ; clk        ; 4.193 ; 4.285 ; Rise       ; clk             ;
;  final_out_imag[14] ; clk        ; 3.764 ; 3.877 ; Rise       ; clk             ;
;  final_out_imag[15] ; clk        ; 4.119 ; 4.191 ; Rise       ; clk             ;
; final_out_real[*]   ; clk        ; 3.353 ; 3.390 ; Rise       ; clk             ;
;  final_out_real[0]  ; clk        ; 3.689 ; 3.725 ; Rise       ; clk             ;
;  final_out_real[1]  ; clk        ; 3.353 ; 3.390 ; Rise       ; clk             ;
;  final_out_real[2]  ; clk        ; 3.881 ; 3.988 ; Rise       ; clk             ;
;  final_out_real[3]  ; clk        ; 3.658 ; 3.685 ; Rise       ; clk             ;
;  final_out_real[4]  ; clk        ; 3.506 ; 3.512 ; Rise       ; clk             ;
;  final_out_real[5]  ; clk        ; 3.538 ; 3.603 ; Rise       ; clk             ;
;  final_out_real[6]  ; clk        ; 3.661 ; 3.686 ; Rise       ; clk             ;
;  final_out_real[7]  ; clk        ; 4.011 ; 4.137 ; Rise       ; clk             ;
;  final_out_real[8]  ; clk        ; 4.013 ; 4.148 ; Rise       ; clk             ;
;  final_out_real[9]  ; clk        ; 3.974 ; 4.037 ; Rise       ; clk             ;
;  final_out_real[10] ; clk        ; 3.751 ; 3.866 ; Rise       ; clk             ;
;  final_out_real[11] ; clk        ; 3.479 ; 3.542 ; Rise       ; clk             ;
;  final_out_real[12] ; clk        ; 3.817 ; 3.869 ; Rise       ; clk             ;
;  final_out_real[13] ; clk        ; 3.388 ; 3.445 ; Rise       ; clk             ;
;  final_out_real[14] ; clk        ; 3.857 ; 3.975 ; Rise       ; clk             ;
;  final_out_real[15] ; clk        ; 4.008 ; 4.073 ; Rise       ; clk             ;
; final_overflow      ; clk        ; 3.460 ; 3.521 ; Rise       ; clk             ;
; final_zero          ; clk        ; 3.509 ; 3.518 ; Rise       ; clk             ;
+---------------------+------------+-------+-------+------------+-----------------+


---------------------------------------------
; Fast 1200mV 0C Model Metastability Report ;
---------------------------------------------
No synchronizer chains to report.


+--------------------------------------------------------------------------------+
; Multicorner Timing Analysis Summary                                            ;
+------------------+----------+-------+----------+---------+---------------------+
; Clock            ; Setup    ; Hold  ; Recovery ; Removal ; Minimum Pulse Width ;
+------------------+----------+-------+----------+---------+---------------------+
; Worst-case Slack ; -7.626   ; 0.187 ; N/A      ; N/A     ; -3.000              ;
;  clk             ; -7.626   ; 0.187 ; N/A      ; N/A     ; -3.000              ;
; Design-wide TNS  ; -695.051 ; 0.0   ; 0.0      ; 0.0     ; -212.991            ;
;  clk             ; -695.051 ; 0.000 ; N/A      ; N/A     ; -212.991            ;
+------------------+----------+-------+----------+---------+---------------------+


+-----------------------------------------------------------------------+
; Setup Times                                                           ;
+-----------+------------+-------+-------+------------+-----------------+
; Data Port ; Clock Port ; Rise  ; Fall  ; Clock Edge ; Clock Reference ;
+-----------+------------+-------+-------+------------+-----------------+
; rst       ; clk        ; 2.044 ; 2.138 ; Rise       ; clk             ;
+-----------+------------+-------+-------+------------+-----------------+


+-------------------------------------------------------------------------+
; Hold Times                                                              ;
+-----------+------------+--------+--------+------------+-----------------+
; Data Port ; Clock Port ; Rise   ; Fall   ; Clock Edge ; Clock Reference ;
+-----------+------------+--------+--------+------------+-----------------+
; rst       ; clk        ; -0.639 ; -0.882 ; Rise       ; clk             ;
+-----------+------------+--------+--------+------------+-----------------+


+---------------------------------------------------------------------------------+
; Clock to Output Times                                                           ;
+---------------------+------------+-------+-------+------------+-----------------+
; Data Port           ; Clock Port ; Rise  ; Fall  ; Clock Edge ; Clock Reference ;
+---------------------+------------+-------+-------+------------+-----------------+
; done_all            ; clk        ; 6.485 ; 6.494 ; Rise       ; clk             ;
; final_neg_imag      ; clk        ; 6.684 ; 6.691 ; Rise       ; clk             ;
; final_neg_real      ; clk        ; 6.371 ; 6.330 ; Rise       ; clk             ;
; final_out_imag[*]   ; clk        ; 7.596 ; 7.636 ; Rise       ; clk             ;
;  final_out_imag[0]  ; clk        ; 6.435 ; 6.424 ; Rise       ; clk             ;
;  final_out_imag[1]  ; clk        ; 6.226 ; 6.204 ; Rise       ; clk             ;
;  final_out_imag[2]  ; clk        ; 7.596 ; 7.636 ; Rise       ; clk             ;
;  final_out_imag[3]  ; clk        ; 6.215 ; 6.175 ; Rise       ; clk             ;
;  final_out_imag[4]  ; clk        ; 7.049 ; 7.066 ; Rise       ; clk             ;
;  final_out_imag[5]  ; clk        ; 6.442 ; 6.417 ; Rise       ; clk             ;
;  final_out_imag[6]  ; clk        ; 6.359 ; 6.301 ; Rise       ; clk             ;
;  final_out_imag[7]  ; clk        ; 6.918 ; 6.900 ; Rise       ; clk             ;
;  final_out_imag[8]  ; clk        ; 6.203 ; 6.136 ; Rise       ; clk             ;
;  final_out_imag[9]  ; clk        ; 6.122 ; 6.077 ; Rise       ; clk             ;
;  final_out_imag[10] ; clk        ; 6.027 ; 5.968 ; Rise       ; clk             ;
;  final_out_imag[11] ; clk        ; 6.665 ; 6.640 ; Rise       ; clk             ;
;  final_out_imag[12] ; clk        ; 6.616 ; 6.608 ; Rise       ; clk             ;
;  final_out_imag[13] ; clk        ; 7.166 ; 7.205 ; Rise       ; clk             ;
;  final_out_imag[14] ; clk        ; 6.665 ; 6.646 ; Rise       ; clk             ;
;  final_out_imag[15] ; clk        ; 7.052 ; 7.058 ; Rise       ; clk             ;
; final_out_real[*]   ; clk        ; 7.142 ; 7.132 ; Rise       ; clk             ;
;  final_out_real[0]  ; clk        ; 6.429 ; 6.397 ; Rise       ; clk             ;
;  final_out_real[1]  ; clk        ; 5.927 ; 5.867 ; Rise       ; clk             ;
;  final_out_real[2]  ; clk        ; 6.887 ; 6.874 ; Rise       ; clk             ;
;  final_out_real[3]  ; clk        ; 6.370 ; 6.336 ; Rise       ; clk             ;
;  final_out_real[4]  ; clk        ; 6.102 ; 6.057 ; Rise       ; clk             ;
;  final_out_real[5]  ; clk        ; 6.274 ; 6.209 ; Rise       ; clk             ;
;  final_out_real[6]  ; clk        ; 6.368 ; 6.335 ; Rise       ; clk             ;
;  final_out_real[7]  ; clk        ; 7.142 ; 7.132 ; Rise       ; clk             ;
;  final_out_real[8]  ; clk        ; 7.110 ; 7.070 ; Rise       ; clk             ;
;  final_out_real[9]  ; clk        ; 6.923 ; 6.893 ; Rise       ; clk             ;
;  final_out_real[10] ; clk        ; 6.650 ; 6.639 ; Rise       ; clk             ;
;  final_out_real[11] ; clk        ; 6.193 ; 6.126 ; Rise       ; clk             ;
;  final_out_real[12] ; clk        ; 6.662 ; 6.631 ; Rise       ; clk             ;
;  final_out_real[13] ; clk        ; 6.005 ; 5.948 ; Rise       ; clk             ;
;  final_out_real[14] ; clk        ; 6.855 ; 6.829 ; Rise       ; clk             ;
;  final_out_real[15] ; clk        ; 6.826 ; 6.832 ; Rise       ; clk             ;
; final_overflow      ; clk        ; 6.095 ; 6.038 ; Rise       ; clk             ;
; final_zero          ; clk        ; 6.107 ; 6.067 ; Rise       ; clk             ;
+---------------------+------------+-------+-------+------------+-----------------+


+---------------------------------------------------------------------------------+
; Minimum Clock to Output Times                                                   ;
+---------------------+------------+-------+-------+------------+-----------------+
; Data Port           ; Clock Port ; Rise  ; Fall  ; Clock Edge ; Clock Reference ;
+---------------------+------------+-------+-------+------------+-----------------+
; done_all            ; clk        ; 3.724 ; 3.771 ; Rise       ; clk             ;
; final_neg_imag      ; clk        ; 3.823 ; 3.883 ; Rise       ; clk             ;
; final_neg_real      ; clk        ; 3.648 ; 3.673 ; Rise       ; clk             ;
; final_out_imag[*]   ; clk        ; 3.414 ; 3.467 ; Rise       ; clk             ;
;  final_out_imag[0]  ; clk        ; 3.640 ; 3.741 ; Rise       ; clk             ;
;  final_out_imag[1]  ; clk        ; 3.515 ; 3.581 ; Rise       ; clk             ;
;  final_out_imag[2]  ; clk        ; 4.436 ; 4.556 ; Rise       ; clk             ;
;  final_out_imag[3]  ; clk        ; 3.511 ; 3.575 ; Rise       ; clk             ;
;  final_out_imag[4]  ; clk        ; 4.137 ; 4.216 ; Rise       ; clk             ;
;  final_out_imag[5]  ; clk        ; 3.610 ; 3.691 ; Rise       ; clk             ;
;  final_out_imag[6]  ; clk        ; 3.586 ; 3.647 ; Rise       ; clk             ;
;  final_out_imag[7]  ; clk        ; 3.904 ; 4.031 ; Rise       ; clk             ;
;  final_out_imag[8]  ; clk        ; 3.493 ; 3.543 ; Rise       ; clk             ;
;  final_out_imag[9]  ; clk        ; 3.516 ; 3.526 ; Rise       ; clk             ;
;  final_out_imag[10] ; clk        ; 3.414 ; 3.467 ; Rise       ; clk             ;
;  final_out_imag[11] ; clk        ; 3.829 ; 3.878 ; Rise       ; clk             ;
;  final_out_imag[12] ; clk        ; 3.790 ; 3.842 ; Rise       ; clk             ;
;  final_out_imag[13] ; clk        ; 4.193 ; 4.285 ; Rise       ; clk             ;
;  final_out_imag[14] ; clk        ; 3.764 ; 3.877 ; Rise       ; clk             ;
;  final_out_imag[15] ; clk        ; 4.119 ; 4.191 ; Rise       ; clk             ;
; final_out_real[*]   ; clk        ; 3.353 ; 3.390 ; Rise       ; clk             ;
;  final_out_real[0]  ; clk        ; 3.689 ; 3.725 ; Rise       ; clk             ;
;  final_out_real[1]  ; clk        ; 3.353 ; 3.390 ; Rise       ; clk             ;
;  final_out_real[2]  ; clk        ; 3.881 ; 3.988 ; Rise       ; clk             ;
;  final_out_real[3]  ; clk        ; 3.658 ; 3.685 ; Rise       ; clk             ;
;  final_out_real[4]  ; clk        ; 3.506 ; 3.512 ; Rise       ; clk             ;
;  final_out_real[5]  ; clk        ; 3.538 ; 3.603 ; Rise       ; clk             ;
;  final_out_real[6]  ; clk        ; 3.661 ; 3.686 ; Rise       ; clk             ;
;  final_out_real[7]  ; clk        ; 4.011 ; 4.137 ; Rise       ; clk             ;
;  final_out_real[8]  ; clk        ; 4.013 ; 4.148 ; Rise       ; clk             ;
;  final_out_real[9]  ; clk        ; 3.974 ; 4.037 ; Rise       ; clk             ;
;  final_out_real[10] ; clk        ; 3.751 ; 3.866 ; Rise       ; clk             ;
;  final_out_real[11] ; clk        ; 3.479 ; 3.542 ; Rise       ; clk             ;
;  final_out_real[12] ; clk        ; 3.817 ; 3.869 ; Rise       ; clk             ;
;  final_out_real[13] ; clk        ; 3.388 ; 3.445 ; Rise       ; clk             ;
;  final_out_real[14] ; clk        ; 3.857 ; 3.975 ; Rise       ; clk             ;
;  final_out_real[15] ; clk        ; 4.008 ; 4.073 ; Rise       ; clk             ;
; final_overflow      ; clk        ; 3.460 ; 3.521 ; Rise       ; clk             ;
; final_zero          ; clk        ; 3.509 ; 3.518 ; Rise       ; clk             ;
+---------------------+------------+-------+-------+------------+-----------------+


+-----------------------------------------------------------------------------------------------------------------------------------------------------------------------------------------------------------------------------------------------------------------------------------------------------------------------------------------------------------------------------------------------------------------------+
; Board Trace Model Assignments                                                                                                                                                                                                                                                                                                                                                                                         ;
+--------------------+--------------+-------------------+-------------------------+-------------------------+---------------+---------------------+----------------+------------------+--------+------------------+------------------------+------------------------+--------------+---------------+-----------------+-------+---------------------+--------------------+---------------+-----------------+-------------+
; Pin                ; I/O Standard ; Near Tline Length ; Near Tline L per Length ; Near Tline C per Length ; Near Series R ; Near Differential R ; Near Pull-up R ; Near Pull-down R ; Near C ; Far Tline Length ; Far Tline L per Length ; Far Tline C per Length ; Far Series R ; Far Pull-up R ; Far Pull-down R ; Far C ; Termination Voltage ; Far Differential R ; EBD File Name ; EBD Signal Name ; EBD Far-end ;
+--------------------+--------------+-------------------+-------------------------+-------------------------+---------------+---------------------+----------------+------------------+--------+------------------+------------------------+------------------------+--------------+---------------+-----------------+-------+---------------------+--------------------+---------------+-----------------+-------------+
; final_out_real[0]  ; 2.5 V        ; 0 in              ; 0 H/in                  ; 0 F/in                  ; short         ; -                   ; open           ; open             ; open   ; 0 in             ; 0 H/in                 ; 0 F/in                 ; short        ; open          ; open            ; open  ; 0 V                 ; -                  ; n/a           ; n/a             ; n/a         ;
; final_out_real[1]  ; 2.5 V        ; 0 in              ; 0 H/in                  ; 0 F/in                  ; short         ; -                   ; open           ; open             ; open   ; 0 in             ; 0 H/in                 ; 0 F/in                 ; short        ; open          ; open            ; open  ; 0 V                 ; -                  ; n/a           ; n/a             ; n/a         ;
; final_out_real[2]  ; 2.5 V        ; 0 in              ; 0 H/in                  ; 0 F/in                  ; short         ; -                   ; open           ; open             ; open   ; 0 in             ; 0 H/in                 ; 0 F/in                 ; short        ; open          ; open            ; open  ; 0 V                 ; -                  ; n/a           ; n/a             ; n/a         ;
; final_out_real[3]  ; 2.5 V        ; 0 in              ; 0 H/in                  ; 0 F/in                  ; short         ; -                   ; open           ; open             ; open   ; 0 in             ; 0 H/in                 ; 0 F/in                 ; short        ; open          ; open            ; open  ; 0 V                 ; -                  ; n/a           ; n/a             ; n/a         ;
; final_out_real[4]  ; 2.5 V        ; 0 in              ; 0 H/in                  ; 0 F/in                  ; short         ; -                   ; open           ; open             ; open   ; 0 in             ; 0 H/in                 ; 0 F/in                 ; short        ; open          ; open            ; open  ; 0 V                 ; -                  ; n/a           ; n/a             ; n/a         ;
; final_out_real[5]  ; 2.5 V        ; 0 in              ; 0 H/in                  ; 0 F/in                  ; short         ; -                   ; open           ; open             ; open   ; 0 in             ; 0 H/in                 ; 0 F/in                 ; short        ; open          ; open            ; open  ; 0 V                 ; -                  ; n/a           ; n/a             ; n/a         ;
; final_out_real[6]  ; 2.5 V        ; 0 in              ; 0 H/in                  ; 0 F/in                  ; short         ; -                   ; open           ; open             ; open   ; 0 in             ; 0 H/in                 ; 0 F/in                 ; short        ; open          ; open            ; open  ; 0 V                 ; -                  ; n/a           ; n/a             ; n/a         ;
; final_out_real[7]  ; 2.5 V        ; 0 in              ; 0 H/in                  ; 0 F/in                  ; short         ; -                   ; open           ; open             ; open   ; 0 in             ; 0 H/in                 ; 0 F/in                 ; short        ; open          ; open            ; open  ; 0 V                 ; -                  ; n/a           ; n/a             ; n/a         ;
; final_out_real[8]  ; 2.5 V        ; 0 in              ; 0 H/in                  ; 0 F/in                  ; short         ; -                   ; open           ; open             ; open   ; 0 in             ; 0 H/in                 ; 0 F/in                 ; short        ; open          ; open            ; open  ; 0 V                 ; -                  ; n/a           ; n/a             ; n/a         ;
; final_out_real[9]  ; 2.5 V        ; 0 in              ; 0 H/in                  ; 0 F/in                  ; short         ; -                   ; open           ; open             ; open   ; 0 in             ; 0 H/in                 ; 0 F/in                 ; short        ; open          ; open            ; open  ; 0 V                 ; -                  ; n/a           ; n/a             ; n/a         ;
; final_out_real[10] ; 2.5 V        ; 0 in              ; 0 H/in                  ; 0 F/in                  ; short         ; -                   ; open           ; open             ; open   ; 0 in             ; 0 H/in                 ; 0 F/in                 ; short        ; open          ; open            ; open  ; 0 V                 ; -                  ; n/a           ; n/a             ; n/a         ;
; final_out_real[11] ; 2.5 V        ; 0 in              ; 0 H/in                  ; 0 F/in                  ; short         ; -                   ; open           ; open             ; open   ; 0 in             ; 0 H/in                 ; 0 F/in                 ; short        ; open          ; open            ; open  ; 0 V                 ; -                  ; n/a           ; n/a             ; n/a         ;
; final_out_real[12] ; 2.5 V        ; 0 in              ; 0 H/in                  ; 0 F/in                  ; short         ; -                   ; open           ; open             ; open   ; 0 in             ; 0 H/in                 ; 0 F/in                 ; short        ; open          ; open            ; open  ; 0 V                 ; -                  ; n/a           ; n/a             ; n/a         ;
; final_out_real[13] ; 2.5 V        ; 0 in              ; 0 H/in                  ; 0 F/in                  ; short         ; -                   ; open           ; open             ; open   ; 0 in             ; 0 H/in                 ; 0 F/in                 ; short        ; open          ; open            ; open  ; 0 V                 ; -                  ; n/a           ; n/a             ; n/a         ;
; final_out_real[14] ; 2.5 V        ; 0 in              ; 0 H/in                  ; 0 F/in                  ; short         ; -                   ; open           ; open             ; open   ; 0 in             ; 0 H/in                 ; 0 F/in                 ; short        ; open          ; open            ; open  ; 0 V                 ; -                  ; n/a           ; n/a             ; n/a         ;
; final_out_real[15] ; 2.5 V        ; 0 in              ; 0 H/in                  ; 0 F/in                  ; short         ; -                   ; open           ; open             ; open   ; 0 in             ; 0 H/in                 ; 0 F/in                 ; short        ; open          ; open            ; open  ; 0 V                 ; -                  ; n/a           ; n/a             ; n/a         ;
; final_out_imag[0]  ; 2.5 V        ; 0 in              ; 0 H/in                  ; 0 F/in                  ; short         ; -                   ; open           ; open             ; open   ; 0 in             ; 0 H/in                 ; 0 F/in                 ; short        ; open          ; open            ; open  ; 0 V                 ; -                  ; n/a           ; n/a             ; n/a         ;
; final_out_imag[1]  ; 2.5 V        ; 0 in              ; 0 H/in                  ; 0 F/in                  ; short         ; -                   ; open           ; open             ; open   ; 0 in             ; 0 H/in                 ; 0 F/in                 ; short        ; open          ; open            ; open  ; 0 V                 ; -                  ; n/a           ; n/a             ; n/a         ;
; final_out_imag[2]  ; 2.5 V        ; 0 in              ; 0 H/in                  ; 0 F/in                  ; short         ; -                   ; open           ; open             ; open   ; 0 in             ; 0 H/in                 ; 0 F/in                 ; short        ; open          ; open            ; open  ; 0 V                 ; -                  ; n/a           ; n/a             ; n/a         ;
; final_out_imag[3]  ; 2.5 V        ; 0 in              ; 0 H/in                  ; 0 F/in                  ; short         ; -                   ; open           ; open             ; open   ; 0 in             ; 0 H/in                 ; 0 F/in                 ; short        ; open          ; open            ; open  ; 0 V                 ; -                  ; n/a           ; n/a             ; n/a         ;
; final_out_imag[4]  ; 2.5 V        ; 0 in              ; 0 H/in                  ; 0 F/in                  ; short         ; -                   ; open           ; open             ; open   ; 0 in             ; 0 H/in                 ; 0 F/in                 ; short        ; open          ; open            ; open  ; 0 V                 ; -                  ; n/a           ; n/a             ; n/a         ;
; final_out_imag[5]  ; 2.5 V        ; 0 in              ; 0 H/in                  ; 0 F/in                  ; short         ; -                   ; open           ; open             ; open   ; 0 in             ; 0 H/in                 ; 0 F/in                 ; short        ; open          ; open            ; open  ; 0 V                 ; -                  ; n/a           ; n/a             ; n/a         ;
; final_out_imag[6]  ; 2.5 V        ; 0 in              ; 0 H/in                  ; 0 F/in                  ; short         ; -                   ; open           ; open             ; open   ; 0 in             ; 0 H/in                 ; 0 F/in                 ; short        ; open          ; open            ; open  ; 0 V                 ; -                  ; n/a           ; n/a             ; n/a         ;
; final_out_imag[7]  ; 2.5 V        ; 0 in              ; 0 H/in                  ; 0 F/in                  ; short         ; -                   ; open           ; open             ; open   ; 0 in             ; 0 H/in                 ; 0 F/in                 ; short        ; open          ; open            ; open  ; 0 V                 ; -                  ; n/a           ; n/a             ; n/a         ;
; final_out_imag[8]  ; 2.5 V        ; 0 in              ; 0 H/in                  ; 0 F/in                  ; short         ; -                   ; open           ; open             ; open   ; 0 in             ; 0 H/in                 ; 0 F/in                 ; short        ; open          ; open            ; open  ; 0 V                 ; -                  ; n/a           ; n/a             ; n/a         ;
; final_out_imag[9]  ; 2.5 V        ; 0 in              ; 0 H/in                  ; 0 F/in                  ; short         ; -                   ; open           ; open             ; open   ; 0 in             ; 0 H/in                 ; 0 F/in                 ; short        ; open          ; open            ; open  ; 0 V                 ; -                  ; n/a           ; n/a             ; n/a         ;
; final_out_imag[10] ; 2.5 V        ; 0 in              ; 0 H/in                  ; 0 F/in                  ; short         ; -                   ; open           ; open             ; open   ; 0 in             ; 0 H/in                 ; 0 F/in                 ; short        ; open          ; open            ; open  ; 0 V                 ; -                  ; n/a           ; n/a             ; n/a         ;
; final_out_imag[11] ; 2.5 V        ; 0 in              ; 0 H/in                  ; 0 F/in                  ; short         ; -                   ; open           ; open             ; open   ; 0 in             ; 0 H/in                 ; 0 F/in                 ; short        ; open          ; open            ; open  ; 0 V                 ; -                  ; n/a           ; n/a             ; n/a         ;
; final_out_imag[12] ; 2.5 V        ; 0 in              ; 0 H/in                  ; 0 F/in                  ; short         ; -                   ; open           ; open             ; open   ; 0 in             ; 0 H/in                 ; 0 F/in                 ; short        ; open          ; open            ; open  ; 0 V                 ; -                  ; n/a           ; n/a             ; n/a         ;
; final_out_imag[13] ; 2.5 V        ; 0 in              ; 0 H/in                  ; 0 F/in                  ; short         ; -                   ; open           ; open             ; open   ; 0 in             ; 0 H/in                 ; 0 F/in                 ; short        ; open          ; open            ; open  ; 0 V                 ; -                  ; n/a           ; n/a             ; n/a         ;
; final_out_imag[14] ; 2.5 V        ; 0 in              ; 0 H/in                  ; 0 F/in                  ; short         ; -                   ; open           ; open             ; open   ; 0 in             ; 0 H/in                 ; 0 F/in                 ; short        ; open          ; open            ; open  ; 0 V                 ; -                  ; n/a           ; n/a             ; n/a         ;
; final_out_imag[15] ; 2.5 V        ; 0 in              ; 0 H/in                  ; 0 F/in                  ; short         ; -                   ; open           ; open             ; open   ; 0 in             ; 0 H/in                 ; 0 F/in                 ; short        ; open          ; open            ; open  ; 0 V                 ; -                  ; n/a           ; n/a             ; n/a         ;
; final_zero         ; 2.5 V        ; 0 in              ; 0 H/in                  ; 0 F/in                  ; short         ; -                   ; open           ; open             ; open   ; 0 in             ; 0 H/in                 ; 0 F/in                 ; short        ; open          ; open            ; open  ; 0 V                 ; -                  ; n/a           ; n/a             ; n/a         ;
; final_overflow     ; 2.5 V        ; 0 in              ; 0 H/in                  ; 0 F/in                  ; short         ; -                   ; open           ; open             ; open   ; 0 in             ; 0 H/in                 ; 0 F/in                 ; short        ; open          ; open            ; open  ; 0 V                 ; -                  ; n/a           ; n/a             ; n/a         ;
; final_neg_real     ; 2.5 V        ; 0 in              ; 0 H/in                  ; 0 F/in                  ; short         ; -                   ; open           ; open             ; open   ; 0 in             ; 0 H/in                 ; 0 F/in                 ; short        ; open          ; open            ; open  ; 0 V                 ; -                  ; n/a           ; n/a             ; n/a         ;
; final_neg_imag     ; 2.5 V        ; 0 in              ; 0 H/in                  ; 0 F/in                  ; short         ; -                   ; open           ; open             ; open   ; 0 in             ; 0 H/in                 ; 0 F/in                 ; short        ; open          ; open            ; open  ; 0 V                 ; -                  ; n/a           ; n/a             ; n/a         ;
; done_all           ; 2.5 V        ; 0 in              ; 0 H/in                  ; 0 F/in                  ; short         ; -                   ; open           ; open             ; open   ; 0 in             ; 0 H/in                 ; 0 F/in                 ; short        ; open          ; open            ; open  ; 0 V                 ; -                  ; n/a           ; n/a             ; n/a         ;
; ~ALTERA_NCEO~      ; 2.5 V        ; 0 in              ; 0 H/in                  ; 0 F/in                  ; short         ; -                   ; open           ; open             ; open   ; 0 in             ; 0 H/in                 ; 0 F/in                 ; short        ; open          ; open            ; open  ; 0 V                 ; -                  ; n/a           ; n/a             ; n/a         ;
; ~ALTERA_DCLK~      ; 2.5 V        ; 0 in              ; 0 H/in                  ; 0 F/in                  ; short         ; -                   ; open           ; open             ; open   ; 0 in             ; 0 H/in                 ; 0 F/in                 ; short        ; open          ; open            ; open  ; 0 V                 ; -                  ; n/a           ; n/a             ; n/a         ;
+--------------------+--------------+-------------------+-------------------------+-------------------------+---------------+---------------------+----------------+------------------+--------+------------------+------------------------+------------------------+--------------+---------------+-----------------+-------+---------------------+--------------------+---------------+-----------------+-------------+


+-------------------------------------------------------------------+
; Input Transition Times                                            ;
+----------------+--------------+-----------------+-----------------+
; Pin            ; I/O Standard ; 10-90 Rise Time ; 90-10 Fall Time ;
+----------------+--------------+-----------------+-----------------+
; clk            ; 2.5 V        ; 2000 ps         ; 2000 ps         ;
; rst            ; 2.5 V        ; 2000 ps         ; 2000 ps         ;
; ~ALTERA_DATA0~ ; 2.5 V        ; 2000 ps         ; 2000 ps         ;
; ~ALTERA_ASDO~  ; 2.5 V        ; 2000 ps         ; 2000 ps         ;
; ~ALTERA_NCSO~  ; 2.5 V        ; 2000 ps         ; 2000 ps         ;
+----------------+--------------+-----------------+-----------------+


+-------------------------------------------------------------------------------------------------------------------------------------------------------------------------------------------------------------------------------------------------------------------------------------------------------------------------------------------------------------------------------------------------------------------------------------------------------------------------------------------------------------------------------------------------------------------------------------------------------------------------------------------------------------------------------------------------+
; Signal Integrity Metrics (Slow 1200mv 0c Model)                                                                                                                                                                                                                                                                                                                                                                                                                                                                                                                                                                                                                                                 ;
+--------------------+--------------+---------------------+---------------------+------------------------------+------------------------------+---------------------+---------------------+--------------------------------------+--------------------------------------+-----------------------------+-----------------------------+----------------------------+----------------------------+-----------------------------+-----------------------------+--------------------+--------------------+-------------------------------------+-------------------------------------+----------------------------+----------------------------+---------------------------+---------------------------+
; Pin                ; I/O Standard ; Board Delay on Rise ; Board Delay on Fall ; Steady State Voh at FPGA Pin ; Steady State Vol at FPGA Pin ; Voh Max at FPGA Pin ; Vol Min at FPGA Pin ; Ringback Voltage on Rise at FPGA Pin ; Ringback Voltage on Fall at FPGA Pin ; 10-90 Rise Time at FPGA Pin ; 90-10 Fall Time at FPGA Pin ; Monotonic Rise at FPGA Pin ; Monotonic Fall at FPGA Pin ; Steady State Voh at Far-end ; Steady State Vol at Far-end ; Voh Max at Far-end ; Vol Min at Far-end ; Ringback Voltage on Rise at Far-end ; Ringback Voltage on Fall at Far-end ; 10-90 Rise Time at Far-end ; 90-10 Fall Time at Far-end ; Monotonic Rise at Far-end ; Monotonic Fall at Far-end ;
+--------------------+--------------+---------------------+---------------------+------------------------------+------------------------------+---------------------+---------------------+--------------------------------------+--------------------------------------+-----------------------------+-----------------------------+----------------------------+----------------------------+-----------------------------+-----------------------------+--------------------+--------------------+-------------------------------------+-------------------------------------+----------------------------+----------------------------+---------------------------+---------------------------+
; final_out_real[0]  ; 2.5 V        ; 0 s                 ; 0 s                 ; 2.32 V                       ; 5.16e-09 V                   ; 2.37 V              ; -0.00861 V          ; 0.168 V                              ; 0.038 V                              ; 6.79e-10 s                  ; 6.49e-10 s                  ; No                         ; Yes                        ; 2.32 V                      ; 5.16e-09 V                  ; 2.37 V             ; -0.00861 V         ; 0.168 V                             ; 0.038 V                             ; 6.79e-10 s                 ; 6.49e-10 s                 ; No                        ; Yes                       ;
; final_out_real[1]  ; 2.5 V        ; 0 s                 ; 0 s                 ; 2.32 V                       ; 7.29e-09 V                   ; 2.39 V              ; -0.00339 V          ; 0.206 V                              ; 0.007 V                              ; 2.77e-10 s                  ; 3.24e-10 s                  ; Yes                        ; Yes                        ; 2.32 V                      ; 7.29e-09 V                  ; 2.39 V             ; -0.00339 V         ; 0.206 V                             ; 0.007 V                             ; 2.77e-10 s                 ; 3.24e-10 s                 ; Yes                       ; Yes                       ;
; final_out_real[2]  ; 2.5 V        ; 0 s                 ; 0 s                 ; 2.32 V                       ; 5.16e-09 V                   ; 2.4 V               ; -0.00557 V          ; 0.238 V                              ; 0.014 V                              ; 2.9e-10 s                   ; 3.48e-10 s                  ; No                         ; Yes                        ; 2.32 V                      ; 5.16e-09 V                  ; 2.4 V              ; -0.00557 V         ; 0.238 V                             ; 0.014 V                             ; 2.9e-10 s                  ; 3.48e-10 s                 ; No                        ; Yes                       ;
; final_out_real[3]  ; 2.5 V        ; 0 s                 ; 0 s                 ; 2.32 V                       ; 5.16e-09 V                   ; 2.37 V              ; -0.00861 V          ; 0.168 V                              ; 0.038 V                              ; 6.79e-10 s                  ; 6.49e-10 s                  ; No                         ; Yes                        ; 2.32 V                      ; 5.16e-09 V                  ; 2.37 V             ; -0.00861 V         ; 0.168 V                             ; 0.038 V                             ; 6.79e-10 s                 ; 6.49e-10 s                 ; No                        ; Yes                       ;
; final_out_real[4]  ; 2.5 V        ; 0 s                 ; 0 s                 ; 2.32 V                       ; 5.16e-09 V                   ; 2.37 V              ; -0.00861 V          ; 0.168 V                              ; 0.038 V                              ; 6.79e-10 s                  ; 6.49e-10 s                  ; No                         ; Yes                        ; 2.32 V                      ; 5.16e-09 V                  ; 2.37 V             ; -0.00861 V         ; 0.168 V                             ; 0.038 V                             ; 6.79e-10 s                 ; 6.49e-10 s                 ; No                        ; Yes                       ;
; final_out_real[5]  ; 2.5 V        ; 0 s                 ; 0 s                 ; 2.32 V                       ; 7.29e-09 V                   ; 2.39 V              ; -0.00317 V          ; 0.179 V                              ; 0.007 V                              ; 4.7e-10 s                   ; 4.72e-10 s                  ; No                         ; Yes                        ; 2.32 V                      ; 7.29e-09 V                  ; 2.39 V             ; -0.00317 V         ; 0.179 V                             ; 0.007 V                             ; 4.7e-10 s                  ; 4.72e-10 s                 ; No                        ; Yes                       ;
; final_out_real[6]  ; 2.5 V        ; 0 s                 ; 0 s                 ; 2.32 V                       ; 5.16e-09 V                   ; 2.37 V              ; -0.00861 V          ; 0.168 V                              ; 0.038 V                              ; 6.79e-10 s                  ; 6.49e-10 s                  ; No                         ; Yes                        ; 2.32 V                      ; 5.16e-09 V                  ; 2.37 V             ; -0.00861 V         ; 0.168 V                             ; 0.038 V                             ; 6.79e-10 s                 ; 6.49e-10 s                 ; No                        ; Yes                       ;
; final_out_real[7]  ; 2.5 V        ; 0 s                 ; 0 s                 ; 2.32 V                       ; 7.29e-09 V                   ; 2.39 V              ; -0.00339 V          ; 0.206 V                              ; 0.007 V                              ; 2.77e-10 s                  ; 3.24e-10 s                  ; Yes                        ; Yes                        ; 2.32 V                      ; 7.29e-09 V                  ; 2.39 V             ; -0.00339 V         ; 0.206 V                             ; 0.007 V                             ; 2.77e-10 s                 ; 3.24e-10 s                 ; Yes                       ; Yes                       ;
; final_out_real[8]  ; 2.5 V        ; 0 s                 ; 0 s                 ; 2.32 V                       ; 7.29e-09 V                   ; 2.39 V              ; -0.00317 V          ; 0.179 V                              ; 0.007 V                              ; 4.7e-10 s                   ; 4.72e-10 s                  ; No                         ; Yes                        ; 2.32 V                      ; 7.29e-09 V                  ; 2.39 V             ; -0.00317 V         ; 0.179 V                             ; 0.007 V                             ; 4.7e-10 s                  ; 4.72e-10 s                 ; No                        ; Yes                       ;
; final_out_real[9]  ; 2.5 V        ; 0 s                 ; 0 s                 ; 2.32 V                       ; 5.16e-09 V                   ; 2.37 V              ; -0.00861 V          ; 0.168 V                              ; 0.038 V                              ; 6.79e-10 s                  ; 6.49e-10 s                  ; No                         ; Yes                        ; 2.32 V                      ; 5.16e-09 V                  ; 2.37 V             ; -0.00861 V         ; 0.168 V                             ; 0.038 V                             ; 6.79e-10 s                 ; 6.49e-10 s                 ; No                        ; Yes                       ;
; final_out_real[10] ; 2.5 V        ; 0 s                 ; 0 s                 ; 2.32 V                       ; 7.29e-09 V                   ; 2.39 V              ; -0.00317 V          ; 0.179 V                              ; 0.007 V                              ; 4.7e-10 s                   ; 4.72e-10 s                  ; No                         ; Yes                        ; 2.32 V                      ; 7.29e-09 V                  ; 2.39 V             ; -0.00317 V         ; 0.179 V                             ; 0.007 V                             ; 4.7e-10 s                  ; 4.72e-10 s                 ; No                        ; Yes                       ;
; final_out_real[11] ; 2.5 V        ; 0 s                 ; 0 s                 ; 2.32 V                       ; 7.29e-09 V                   ; 2.39 V              ; -0.00317 V          ; 0.179 V                              ; 0.007 V                              ; 4.7e-10 s                   ; 4.72e-10 s                  ; No                         ; Yes                        ; 2.32 V                      ; 7.29e-09 V                  ; 2.39 V             ; -0.00317 V         ; 0.179 V                             ; 0.007 V                             ; 4.7e-10 s                  ; 4.72e-10 s                 ; No                        ; Yes                       ;
; final_out_real[12] ; 2.5 V        ; 0 s                 ; 0 s                 ; 2.32 V                       ; 5.16e-09 V                   ; 2.37 V              ; -0.00861 V          ; 0.168 V                              ; 0.038 V                              ; 6.79e-10 s                  ; 6.49e-10 s                  ; No                         ; Yes                        ; 2.32 V                      ; 5.16e-09 V                  ; 2.37 V             ; -0.00861 V         ; 0.168 V                             ; 0.038 V                             ; 6.79e-10 s                 ; 6.49e-10 s                 ; No                        ; Yes                       ;
; final_out_real[13] ; 2.5 V        ; 0 s                 ; 0 s                 ; 2.32 V                       ; 7.29e-09 V                   ; 2.39 V              ; -0.00317 V          ; 0.179 V                              ; 0.007 V                              ; 4.7e-10 s                   ; 4.72e-10 s                  ; No                         ; Yes                        ; 2.32 V                      ; 7.29e-09 V                  ; 2.39 V             ; -0.00317 V         ; 0.179 V                             ; 0.007 V                             ; 4.7e-10 s                  ; 4.72e-10 s                 ; No                        ; Yes                       ;
; final_out_real[14] ; 2.5 V        ; 0 s                 ; 0 s                 ; 2.32 V                       ; 7.29e-09 V                   ; 2.39 V              ; -0.00317 V          ; 0.179 V                              ; 0.007 V                              ; 4.7e-10 s                   ; 4.72e-10 s                  ; No                         ; Yes                        ; 2.32 V                      ; 7.29e-09 V                  ; 2.39 V             ; -0.00317 V         ; 0.179 V                             ; 0.007 V                             ; 4.7e-10 s                  ; 4.72e-10 s                 ; No                        ; Yes                       ;
; final_out_real[15] ; 2.5 V        ; 0 s                 ; 0 s                 ; 2.32 V                       ; 7.29e-09 V                   ; 2.34 V              ; -0.00668 V          ; 0.218 V                              ; 0.076 V                              ; 1.92e-09 s                  ; 1.81e-09 s                  ; No                         ; Yes                        ; 2.32 V                      ; 7.29e-09 V                  ; 2.34 V             ; -0.00668 V         ; 0.218 V                             ; 0.076 V                             ; 1.92e-09 s                 ; 1.81e-09 s                 ; No                        ; Yes                       ;
; final_out_imag[0]  ; 2.5 V        ; 0 s                 ; 0 s                 ; 2.32 V                       ; 7.29e-09 V                   ; 2.39 V              ; -0.00317 V          ; 0.179 V                              ; 0.007 V                              ; 4.7e-10 s                   ; 4.72e-10 s                  ; No                         ; Yes                        ; 2.32 V                      ; 7.29e-09 V                  ; 2.39 V             ; -0.00317 V         ; 0.179 V                             ; 0.007 V                             ; 4.7e-10 s                  ; 4.72e-10 s                 ; No                        ; Yes                       ;
; final_out_imag[1]  ; 2.5 V        ; 0 s                 ; 0 s                 ; 2.32 V                       ; 7.29e-09 V                   ; 2.39 V              ; -0.00339 V          ; 0.206 V                              ; 0.007 V                              ; 2.77e-10 s                  ; 3.24e-10 s                  ; Yes                        ; Yes                        ; 2.32 V                      ; 7.29e-09 V                  ; 2.39 V             ; -0.00339 V         ; 0.206 V                             ; 0.007 V                             ; 2.77e-10 s                 ; 3.24e-10 s                 ; Yes                       ; Yes                       ;
; final_out_imag[2]  ; 2.5 V        ; 0 s                 ; 0 s                 ; 2.32 V                       ; 7.29e-09 V                   ; 2.34 V              ; -0.00668 V          ; 0.218 V                              ; 0.076 V                              ; 1.92e-09 s                  ; 1.81e-09 s                  ; No                         ; Yes                        ; 2.32 V                      ; 7.29e-09 V                  ; 2.34 V             ; -0.00668 V         ; 0.218 V                             ; 0.076 V                             ; 1.92e-09 s                 ; 1.81e-09 s                 ; No                        ; Yes                       ;
; final_out_imag[3]  ; 2.5 V        ; 0 s                 ; 0 s                 ; 2.32 V                       ; 7.29e-09 V                   ; 2.39 V              ; -0.00339 V          ; 0.206 V                              ; 0.007 V                              ; 2.77e-10 s                  ; 3.24e-10 s                  ; Yes                        ; Yes                        ; 2.32 V                      ; 7.29e-09 V                  ; 2.39 V             ; -0.00339 V         ; 0.206 V                             ; 0.007 V                             ; 2.77e-10 s                 ; 3.24e-10 s                 ; Yes                       ; Yes                       ;
; final_out_imag[4]  ; 2.5 V        ; 0 s                 ; 0 s                 ; 2.32 V                       ; 7.29e-09 V                   ; 2.34 V              ; -0.00668 V          ; 0.218 V                              ; 0.076 V                              ; 1.92e-09 s                  ; 1.81e-09 s                  ; No                         ; Yes                        ; 2.32 V                      ; 7.29e-09 V                  ; 2.34 V             ; -0.00668 V         ; 0.218 V                             ; 0.076 V                             ; 1.92e-09 s                 ; 1.81e-09 s                 ; No                        ; Yes                       ;
; final_out_imag[5]  ; 2.5 V        ; 0 s                 ; 0 s                 ; 2.32 V                       ; 5.16e-09 V                   ; 2.4 V               ; -0.00557 V          ; 0.238 V                              ; 0.014 V                              ; 2.9e-10 s                   ; 3.48e-10 s                  ; No                         ; Yes                        ; 2.32 V                      ; 5.16e-09 V                  ; 2.4 V              ; -0.00557 V         ; 0.238 V                             ; 0.014 V                             ; 2.9e-10 s                  ; 3.48e-10 s                 ; No                        ; Yes                       ;
; final_out_imag[6]  ; 2.5 V        ; 0 s                 ; 0 s                 ; 2.32 V                       ; 7.29e-09 V                   ; 2.39 V              ; -0.00339 V          ; 0.206 V                              ; 0.007 V                              ; 2.77e-10 s                  ; 3.24e-10 s                  ; Yes                        ; Yes                        ; 2.32 V                      ; 7.29e-09 V                  ; 2.39 V             ; -0.00339 V         ; 0.206 V                             ; 0.007 V                             ; 2.77e-10 s                 ; 3.24e-10 s                 ; Yes                       ; Yes                       ;
; final_out_imag[7]  ; 2.5 V        ; 0 s                 ; 0 s                 ; 2.32 V                       ; 7.29e-09 V                   ; 2.39 V              ; -0.00317 V          ; 0.179 V                              ; 0.007 V                              ; 4.7e-10 s                   ; 4.72e-10 s                  ; No                         ; Yes                        ; 2.32 V                      ; 7.29e-09 V                  ; 2.39 V             ; -0.00317 V         ; 0.179 V                             ; 0.007 V                             ; 4.7e-10 s                  ; 4.72e-10 s                 ; No                        ; Yes                       ;
; final_out_imag[8]  ; 2.5 V        ; 0 s                 ; 0 s                 ; 2.32 V                       ; 5.16e-09 V                   ; 2.4 V               ; -0.00557 V          ; 0.238 V                              ; 0.014 V                              ; 2.9e-10 s                   ; 3.48e-10 s                  ; No                         ; Yes                        ; 2.32 V                      ; 5.16e-09 V                  ; 2.4 V              ; -0.00557 V         ; 0.238 V                             ; 0.014 V                             ; 2.9e-10 s                  ; 3.48e-10 s                 ; No                        ; Yes                       ;
; final_out_imag[9]  ; 2.5 V        ; 0 s                 ; 0 s                 ; 2.32 V                       ; 5.16e-09 V                   ; 2.37 V              ; -0.00861 V          ; 0.168 V                              ; 0.038 V                              ; 6.79e-10 s                  ; 6.49e-10 s                  ; No                         ; Yes                        ; 2.32 V                      ; 5.16e-09 V                  ; 2.37 V             ; -0.00861 V         ; 0.168 V                             ; 0.038 V                             ; 6.79e-10 s                 ; 6.49e-10 s                 ; No                        ; Yes                       ;
; final_out_imag[10] ; 2.5 V        ; 0 s                 ; 0 s                 ; 2.32 V                       ; 7.29e-09 V                   ; 2.39 V              ; -0.00317 V          ; 0.179 V                              ; 0.007 V                              ; 4.7e-10 s                   ; 4.72e-10 s                  ; No                         ; Yes                        ; 2.32 V                      ; 7.29e-09 V                  ; 2.39 V             ; -0.00317 V         ; 0.179 V                             ; 0.007 V                             ; 4.7e-10 s                  ; 4.72e-10 s                 ; No                        ; Yes                       ;
; final_out_imag[11] ; 2.5 V        ; 0 s                 ; 0 s                 ; 2.32 V                       ; 5.16e-09 V                   ; 2.37 V              ; -0.00861 V          ; 0.168 V                              ; 0.038 V                              ; 6.79e-10 s                  ; 6.49e-10 s                  ; No                         ; Yes                        ; 2.32 V                      ; 5.16e-09 V                  ; 2.37 V             ; -0.00861 V         ; 0.168 V                             ; 0.038 V                             ; 6.79e-10 s                 ; 6.49e-10 s                 ; No                        ; Yes                       ;
; final_out_imag[12] ; 2.5 V        ; 0 s                 ; 0 s                 ; 2.32 V                       ; 5.16e-09 V                   ; 2.37 V              ; -0.00861 V          ; 0.168 V                              ; 0.038 V                              ; 6.79e-10 s                  ; 6.49e-10 s                  ; No                         ; Yes                        ; 2.32 V                      ; 5.16e-09 V                  ; 2.37 V             ; -0.00861 V         ; 0.168 V                             ; 0.038 V                             ; 6.79e-10 s                 ; 6.49e-10 s                 ; No                        ; Yes                       ;
; final_out_imag[13] ; 2.5 V        ; 0 s                 ; 0 s                 ; 2.32 V                       ; 5.16e-09 V                   ; 2.34 V              ; -0.00633 V          ; 0.232 V                              ; 0.083 V                              ; 1.94e-09 s                  ; 1.83e-09 s                  ; No                         ; Yes                        ; 2.32 V                      ; 5.16e-09 V                  ; 2.34 V             ; -0.00633 V         ; 0.232 V                             ; 0.083 V                             ; 1.94e-09 s                 ; 1.83e-09 s                 ; No                        ; Yes                       ;
; final_out_imag[14] ; 2.5 V        ; 0 s                 ; 0 s                 ; 2.32 V                       ; 7.29e-09 V                   ; 2.39 V              ; -0.00317 V          ; 0.179 V                              ; 0.007 V                              ; 4.7e-10 s                   ; 4.72e-10 s                  ; No                         ; Yes                        ; 2.32 V                      ; 7.29e-09 V                  ; 2.39 V             ; -0.00317 V         ; 0.179 V                             ; 0.007 V                             ; 4.7e-10 s                  ; 4.72e-10 s                 ; No                        ; Yes                       ;
; final_out_imag[15] ; 2.5 V        ; 0 s                 ; 0 s                 ; 2.32 V                       ; 5.16e-09 V                   ; 2.34 V              ; -0.00633 V          ; 0.232 V                              ; 0.083 V                              ; 1.94e-09 s                  ; 1.83e-09 s                  ; No                         ; Yes                        ; 2.32 V                      ; 5.16e-09 V                  ; 2.34 V             ; -0.00633 V         ; 0.232 V                             ; 0.083 V                             ; 1.94e-09 s                 ; 1.83e-09 s                 ; No                        ; Yes                       ;
; final_zero         ; 2.5 V        ; 0 s                 ; 0 s                 ; 2.32 V                       ; 5.16e-09 V                   ; 2.37 V              ; -0.00861 V          ; 0.168 V                              ; 0.038 V                              ; 6.79e-10 s                  ; 6.49e-10 s                  ; No                         ; Yes                        ; 2.32 V                      ; 5.16e-09 V                  ; 2.37 V             ; -0.00861 V         ; 0.168 V                             ; 0.038 V                             ; 6.79e-10 s                 ; 6.49e-10 s                 ; No                        ; Yes                       ;
; final_overflow     ; 2.5 V        ; 0 s                 ; 0 s                 ; 2.32 V                       ; 7.29e-09 V                   ; 2.39 V              ; -0.00317 V          ; 0.179 V                              ; 0.007 V                              ; 4.7e-10 s                   ; 4.72e-10 s                  ; No                         ; Yes                        ; 2.32 V                      ; 7.29e-09 V                  ; 2.39 V             ; -0.00317 V         ; 0.179 V                             ; 0.007 V                             ; 4.7e-10 s                  ; 4.72e-10 s                 ; No                        ; Yes                       ;
; final_neg_real     ; 2.5 V        ; 0 s                 ; 0 s                 ; 2.32 V                       ; 5.16e-09 V                   ; 2.37 V              ; -0.00861 V          ; 0.168 V                              ; 0.038 V                              ; 6.79e-10 s                  ; 6.49e-10 s                  ; No                         ; Yes                        ; 2.32 V                      ; 5.16e-09 V                  ; 2.37 V             ; -0.00861 V         ; 0.168 V                             ; 0.038 V                             ; 6.79e-10 s                 ; 6.49e-10 s                 ; No                        ; Yes                       ;
; final_neg_imag     ; 2.5 V        ; 0 s                 ; 0 s                 ; 2.32 V                       ; 5.16e-09 V                   ; 2.37 V              ; -0.00861 V          ; 0.168 V                              ; 0.038 V                              ; 6.79e-10 s                  ; 6.49e-10 s                  ; No                         ; Yes                        ; 2.32 V                      ; 5.16e-09 V                  ; 2.37 V             ; -0.00861 V         ; 0.168 V                             ; 0.038 V                             ; 6.79e-10 s                 ; 6.49e-10 s                 ; No                        ; Yes                       ;
; done_all           ; 2.5 V        ; 0 s                 ; 0 s                 ; 2.32 V                       ; 5.16e-09 V                   ; 2.37 V              ; -0.00861 V          ; 0.168 V                              ; 0.038 V                              ; 6.79e-10 s                  ; 6.49e-10 s                  ; No                         ; Yes                        ; 2.32 V                      ; 5.16e-09 V                  ; 2.37 V             ; -0.00861 V         ; 0.168 V                             ; 0.038 V                             ; 6.79e-10 s                 ; 6.49e-10 s                 ; No                        ; Yes                       ;
; ~ALTERA_NCEO~      ; 2.5 V        ; 0 s                 ; 0 s                 ; 2.32 V                       ; 4.76e-09 V                   ; 2.4 V               ; -0.034 V            ; 0.102 V                              ; 0.065 V                              ; 2.49e-10 s                  ; 3.49e-10 s                  ; Yes                        ; Yes                        ; 2.32 V                      ; 4.76e-09 V                  ; 2.4 V              ; -0.034 V           ; 0.102 V                             ; 0.065 V                             ; 2.49e-10 s                 ; 3.49e-10 s                 ; Yes                       ; Yes                       ;
; ~ALTERA_DCLK~      ; 2.5 V        ; 0 s                 ; 0 s                 ; 2.32 V                       ; 5.94e-09 V                   ; 2.39 V              ; -0.0344 V           ; 0.156 V                              ; 0.089 V                              ; 2.68e-10 s                  ; 2.6e-10 s                   ; Yes                        ; Yes                        ; 2.32 V                      ; 5.94e-09 V                  ; 2.39 V             ; -0.0344 V          ; 0.156 V                             ; 0.089 V                             ; 2.68e-10 s                 ; 2.6e-10 s                  ; Yes                       ; Yes                       ;
+--------------------+--------------+---------------------+---------------------+------------------------------+------------------------------+---------------------+---------------------+--------------------------------------+--------------------------------------+-----------------------------+-----------------------------+----------------------------+----------------------------+-----------------------------+-----------------------------+--------------------+--------------------+-------------------------------------+-------------------------------------+----------------------------+----------------------------+---------------------------+---------------------------+


+-------------------------------------------------------------------------------------------------------------------------------------------------------------------------------------------------------------------------------------------------------------------------------------------------------------------------------------------------------------------------------------------------------------------------------------------------------------------------------------------------------------------------------------------------------------------------------------------------------------------------------------------------------------------------------------------------+
; Signal Integrity Metrics (Slow 1200mv 85c Model)                                                                                                                                                                                                                                                                                                                                                                                                                                                                                                                                                                                                                                                ;
+--------------------+--------------+---------------------+---------------------+------------------------------+------------------------------+---------------------+---------------------+--------------------------------------+--------------------------------------+-----------------------------+-----------------------------+----------------------------+----------------------------+-----------------------------+-----------------------------+--------------------+--------------------+-------------------------------------+-------------------------------------+----------------------------+----------------------------+---------------------------+---------------------------+
; Pin                ; I/O Standard ; Board Delay on Rise ; Board Delay on Fall ; Steady State Voh at FPGA Pin ; Steady State Vol at FPGA Pin ; Voh Max at FPGA Pin ; Vol Min at FPGA Pin ; Ringback Voltage on Rise at FPGA Pin ; Ringback Voltage on Fall at FPGA Pin ; 10-90 Rise Time at FPGA Pin ; 90-10 Fall Time at FPGA Pin ; Monotonic Rise at FPGA Pin ; Monotonic Fall at FPGA Pin ; Steady State Voh at Far-end ; Steady State Vol at Far-end ; Voh Max at Far-end ; Vol Min at Far-end ; Ringback Voltage on Rise at Far-end ; Ringback Voltage on Fall at Far-end ; 10-90 Rise Time at Far-end ; 90-10 Fall Time at Far-end ; Monotonic Rise at Far-end ; Monotonic Fall at Far-end ;
+--------------------+--------------+---------------------+---------------------+------------------------------+------------------------------+---------------------+---------------------+--------------------------------------+--------------------------------------+-----------------------------+-----------------------------+----------------------------+----------------------------+-----------------------------+-----------------------------+--------------------+--------------------+-------------------------------------+-------------------------------------+----------------------------+----------------------------+---------------------------+---------------------------+
; final_out_real[0]  ; 2.5 V        ; 0 s                 ; 0 s                 ; 2.32 V                       ; 8.13e-07 V                   ; 2.35 V              ; -0.00662 V          ; 0.129 V                              ; 0.049 V                              ; 8.55e-10 s                  ; 8.01e-10 s                  ; No                         ; Yes                        ; 2.32 V                      ; 8.13e-07 V                  ; 2.35 V             ; -0.00662 V         ; 0.129 V                             ; 0.049 V                             ; 8.55e-10 s                 ; 8.01e-10 s                 ; No                        ; Yes                       ;
; final_out_real[1]  ; 2.5 V        ; 0 s                 ; 0 s                 ; 2.32 V                       ; 1.21e-06 V                   ; 2.37 V              ; -0.00606 V          ; 0.107 V                              ; 0.021 V                              ; 4.26e-10 s                  ; 4.03e-10 s                  ; Yes                        ; Yes                        ; 2.32 V                      ; 1.21e-06 V                  ; 2.37 V             ; -0.00606 V         ; 0.107 V                             ; 0.021 V                             ; 4.26e-10 s                 ; 4.03e-10 s                 ; Yes                       ; Yes                       ;
; final_out_real[2]  ; 2.5 V        ; 0 s                 ; 0 s                 ; 2.32 V                       ; 8.13e-07 V                   ; 2.36 V              ; -0.00623 V          ; 0.121 V                              ; 0.03 V                               ; 4.4e-10 s                   ; 4.28e-10 s                  ; Yes                        ; Yes                        ; 2.32 V                      ; 8.13e-07 V                  ; 2.36 V             ; -0.00623 V         ; 0.121 V                             ; 0.03 V                              ; 4.4e-10 s                  ; 4.28e-10 s                 ; Yes                       ; Yes                       ;
; final_out_real[3]  ; 2.5 V        ; 0 s                 ; 0 s                 ; 2.32 V                       ; 8.13e-07 V                   ; 2.35 V              ; -0.00662 V          ; 0.129 V                              ; 0.049 V                              ; 8.55e-10 s                  ; 8.01e-10 s                  ; No                         ; Yes                        ; 2.32 V                      ; 8.13e-07 V                  ; 2.35 V             ; -0.00662 V         ; 0.129 V                             ; 0.049 V                             ; 8.55e-10 s                 ; 8.01e-10 s                 ; No                        ; Yes                       ;
; final_out_real[4]  ; 2.5 V        ; 0 s                 ; 0 s                 ; 2.32 V                       ; 8.13e-07 V                   ; 2.35 V              ; -0.00662 V          ; 0.129 V                              ; 0.049 V                              ; 8.55e-10 s                  ; 8.01e-10 s                  ; No                         ; Yes                        ; 2.32 V                      ; 8.13e-07 V                  ; 2.35 V             ; -0.00662 V         ; 0.129 V                             ; 0.049 V                             ; 8.55e-10 s                 ; 8.01e-10 s                 ; No                        ; Yes                       ;
; final_out_real[5]  ; 2.5 V        ; 0 s                 ; 0 s                 ; 2.32 V                       ; 1.21e-06 V                   ; 2.36 V              ; -0.00833 V          ; 0.113 V                              ; 0.035 V                              ; 6.32e-10 s                  ; 5.89e-10 s                  ; No                         ; Yes                        ; 2.32 V                      ; 1.21e-06 V                  ; 2.36 V             ; -0.00833 V         ; 0.113 V                             ; 0.035 V                             ; 6.32e-10 s                 ; 5.89e-10 s                 ; No                        ; Yes                       ;
; final_out_real[6]  ; 2.5 V        ; 0 s                 ; 0 s                 ; 2.32 V                       ; 8.13e-07 V                   ; 2.35 V              ; -0.00662 V          ; 0.129 V                              ; 0.049 V                              ; 8.55e-10 s                  ; 8.01e-10 s                  ; No                         ; Yes                        ; 2.32 V                      ; 8.13e-07 V                  ; 2.35 V             ; -0.00662 V         ; 0.129 V                             ; 0.049 V                             ; 8.55e-10 s                 ; 8.01e-10 s                 ; No                        ; Yes                       ;
; final_out_real[7]  ; 2.5 V        ; 0 s                 ; 0 s                 ; 2.32 V                       ; 1.21e-06 V                   ; 2.37 V              ; -0.00606 V          ; 0.107 V                              ; 0.021 V                              ; 4.26e-10 s                  ; 4.03e-10 s                  ; Yes                        ; Yes                        ; 2.32 V                      ; 1.21e-06 V                  ; 2.37 V             ; -0.00606 V         ; 0.107 V                             ; 0.021 V                             ; 4.26e-10 s                 ; 4.03e-10 s                 ; Yes                       ; Yes                       ;
; final_out_real[8]  ; 2.5 V        ; 0 s                 ; 0 s                 ; 2.32 V                       ; 1.21e-06 V                   ; 2.36 V              ; -0.00833 V          ; 0.113 V                              ; 0.035 V                              ; 6.32e-10 s                  ; 5.89e-10 s                  ; No                         ; Yes                        ; 2.32 V                      ; 1.21e-06 V                  ; 2.36 V             ; -0.00833 V         ; 0.113 V                             ; 0.035 V                             ; 6.32e-10 s                 ; 5.89e-10 s                 ; No                        ; Yes                       ;
; final_out_real[9]  ; 2.5 V        ; 0 s                 ; 0 s                 ; 2.32 V                       ; 8.13e-07 V                   ; 2.35 V              ; -0.00662 V          ; 0.129 V                              ; 0.049 V                              ; 8.55e-10 s                  ; 8.01e-10 s                  ; No                         ; Yes                        ; 2.32 V                      ; 8.13e-07 V                  ; 2.35 V             ; -0.00662 V         ; 0.129 V                             ; 0.049 V                             ; 8.55e-10 s                 ; 8.01e-10 s                 ; No                        ; Yes                       ;
; final_out_real[10] ; 2.5 V        ; 0 s                 ; 0 s                 ; 2.32 V                       ; 1.21e-06 V                   ; 2.36 V              ; -0.00833 V          ; 0.113 V                              ; 0.035 V                              ; 6.32e-10 s                  ; 5.89e-10 s                  ; No                         ; Yes                        ; 2.32 V                      ; 1.21e-06 V                  ; 2.36 V             ; -0.00833 V         ; 0.113 V                             ; 0.035 V                             ; 6.32e-10 s                 ; 5.89e-10 s                 ; No                        ; Yes                       ;
; final_out_real[11] ; 2.5 V        ; 0 s                 ; 0 s                 ; 2.32 V                       ; 1.21e-06 V                   ; 2.36 V              ; -0.00833 V          ; 0.113 V                              ; 0.035 V                              ; 6.32e-10 s                  ; 5.89e-10 s                  ; No                         ; Yes                        ; 2.32 V                      ; 1.21e-06 V                  ; 2.36 V             ; -0.00833 V         ; 0.113 V                             ; 0.035 V                             ; 6.32e-10 s                 ; 5.89e-10 s                 ; No                        ; Yes                       ;
; final_out_real[12] ; 2.5 V        ; 0 s                 ; 0 s                 ; 2.32 V                       ; 8.13e-07 V                   ; 2.35 V              ; -0.00662 V          ; 0.129 V                              ; 0.049 V                              ; 8.55e-10 s                  ; 8.01e-10 s                  ; No                         ; Yes                        ; 2.32 V                      ; 8.13e-07 V                  ; 2.35 V             ; -0.00662 V         ; 0.129 V                             ; 0.049 V                             ; 8.55e-10 s                 ; 8.01e-10 s                 ; No                        ; Yes                       ;
; final_out_real[13] ; 2.5 V        ; 0 s                 ; 0 s                 ; 2.32 V                       ; 1.21e-06 V                   ; 2.36 V              ; -0.00833 V          ; 0.113 V                              ; 0.035 V                              ; 6.32e-10 s                  ; 5.89e-10 s                  ; No                         ; Yes                        ; 2.32 V                      ; 1.21e-06 V                  ; 2.36 V             ; -0.00833 V         ; 0.113 V                             ; 0.035 V                             ; 6.32e-10 s                 ; 5.89e-10 s                 ; No                        ; Yes                       ;
; final_out_real[14] ; 2.5 V        ; 0 s                 ; 0 s                 ; 2.32 V                       ; 1.21e-06 V                   ; 2.36 V              ; -0.00833 V          ; 0.113 V                              ; 0.035 V                              ; 6.32e-10 s                  ; 5.89e-10 s                  ; No                         ; Yes                        ; 2.32 V                      ; 1.21e-06 V                  ; 2.36 V             ; -0.00833 V         ; 0.113 V                             ; 0.035 V                             ; 6.32e-10 s                 ; 5.89e-10 s                 ; No                        ; Yes                       ;
; final_out_real[15] ; 2.5 V        ; 0 s                 ; 0 s                 ; 2.32 V                       ; 1.21e-06 V                   ; 2.33 V              ; -0.00286 V          ; 0.193 V                              ; 0.042 V                              ; 2.32e-09 s                  ; 2.21e-09 s                  ; Yes                        ; Yes                        ; 2.32 V                      ; 1.21e-06 V                  ; 2.33 V             ; -0.00286 V         ; 0.193 V                             ; 0.042 V                             ; 2.32e-09 s                 ; 2.21e-09 s                 ; Yes                       ; Yes                       ;
; final_out_imag[0]  ; 2.5 V        ; 0 s                 ; 0 s                 ; 2.32 V                       ; 1.21e-06 V                   ; 2.36 V              ; -0.00833 V          ; 0.113 V                              ; 0.035 V                              ; 6.32e-10 s                  ; 5.89e-10 s                  ; No                         ; Yes                        ; 2.32 V                      ; 1.21e-06 V                  ; 2.36 V             ; -0.00833 V         ; 0.113 V                             ; 0.035 V                             ; 6.32e-10 s                 ; 5.89e-10 s                 ; No                        ; Yes                       ;
; final_out_imag[1]  ; 2.5 V        ; 0 s                 ; 0 s                 ; 2.32 V                       ; 1.21e-06 V                   ; 2.37 V              ; -0.00606 V          ; 0.107 V                              ; 0.021 V                              ; 4.26e-10 s                  ; 4.03e-10 s                  ; Yes                        ; Yes                        ; 2.32 V                      ; 1.21e-06 V                  ; 2.37 V             ; -0.00606 V         ; 0.107 V                             ; 0.021 V                             ; 4.26e-10 s                 ; 4.03e-10 s                 ; Yes                       ; Yes                       ;
; final_out_imag[2]  ; 2.5 V        ; 0 s                 ; 0 s                 ; 2.32 V                       ; 1.21e-06 V                   ; 2.33 V              ; -0.00286 V          ; 0.193 V                              ; 0.042 V                              ; 2.32e-09 s                  ; 2.21e-09 s                  ; Yes                        ; Yes                        ; 2.32 V                      ; 1.21e-06 V                  ; 2.33 V             ; -0.00286 V         ; 0.193 V                             ; 0.042 V                             ; 2.32e-09 s                 ; 2.21e-09 s                 ; Yes                       ; Yes                       ;
; final_out_imag[3]  ; 2.5 V        ; 0 s                 ; 0 s                 ; 2.32 V                       ; 1.21e-06 V                   ; 2.37 V              ; -0.00606 V          ; 0.107 V                              ; 0.021 V                              ; 4.26e-10 s                  ; 4.03e-10 s                  ; Yes                        ; Yes                        ; 2.32 V                      ; 1.21e-06 V                  ; 2.37 V             ; -0.00606 V         ; 0.107 V                             ; 0.021 V                             ; 4.26e-10 s                 ; 4.03e-10 s                 ; Yes                       ; Yes                       ;
; final_out_imag[4]  ; 2.5 V        ; 0 s                 ; 0 s                 ; 2.32 V                       ; 1.21e-06 V                   ; 2.33 V              ; -0.00286 V          ; 0.193 V                              ; 0.042 V                              ; 2.32e-09 s                  ; 2.21e-09 s                  ; Yes                        ; Yes                        ; 2.32 V                      ; 1.21e-06 V                  ; 2.33 V             ; -0.00286 V         ; 0.193 V                             ; 0.042 V                             ; 2.32e-09 s                 ; 2.21e-09 s                 ; Yes                       ; Yes                       ;
; final_out_imag[5]  ; 2.5 V        ; 0 s                 ; 0 s                 ; 2.32 V                       ; 8.13e-07 V                   ; 2.36 V              ; -0.00623 V          ; 0.121 V                              ; 0.03 V                               ; 4.4e-10 s                   ; 4.28e-10 s                  ; Yes                        ; Yes                        ; 2.32 V                      ; 8.13e-07 V                  ; 2.36 V             ; -0.00623 V         ; 0.121 V                             ; 0.03 V                              ; 4.4e-10 s                  ; 4.28e-10 s                 ; Yes                       ; Yes                       ;
; final_out_imag[6]  ; 2.5 V        ; 0 s                 ; 0 s                 ; 2.32 V                       ; 1.21e-06 V                   ; 2.37 V              ; -0.00606 V          ; 0.107 V                              ; 0.021 V                              ; 4.26e-10 s                  ; 4.03e-10 s                  ; Yes                        ; Yes                        ; 2.32 V                      ; 1.21e-06 V                  ; 2.37 V             ; -0.00606 V         ; 0.107 V                             ; 0.021 V                             ; 4.26e-10 s                 ; 4.03e-10 s                 ; Yes                       ; Yes                       ;
; final_out_imag[7]  ; 2.5 V        ; 0 s                 ; 0 s                 ; 2.32 V                       ; 1.21e-06 V                   ; 2.36 V              ; -0.00833 V          ; 0.113 V                              ; 0.035 V                              ; 6.32e-10 s                  ; 5.89e-10 s                  ; No                         ; Yes                        ; 2.32 V                      ; 1.21e-06 V                  ; 2.36 V             ; -0.00833 V         ; 0.113 V                             ; 0.035 V                             ; 6.32e-10 s                 ; 5.89e-10 s                 ; No                        ; Yes                       ;
; final_out_imag[8]  ; 2.5 V        ; 0 s                 ; 0 s                 ; 2.32 V                       ; 8.13e-07 V                   ; 2.36 V              ; -0.00623 V          ; 0.121 V                              ; 0.03 V                               ; 4.4e-10 s                   ; 4.28e-10 s                  ; Yes                        ; Yes                        ; 2.32 V                      ; 8.13e-07 V                  ; 2.36 V             ; -0.00623 V         ; 0.121 V                             ; 0.03 V                              ; 4.4e-10 s                  ; 4.28e-10 s                 ; Yes                       ; Yes                       ;
; final_out_imag[9]  ; 2.5 V        ; 0 s                 ; 0 s                 ; 2.32 V                       ; 8.13e-07 V                   ; 2.35 V              ; -0.00662 V          ; 0.129 V                              ; 0.049 V                              ; 8.55e-10 s                  ; 8.01e-10 s                  ; No                         ; Yes                        ; 2.32 V                      ; 8.13e-07 V                  ; 2.35 V             ; -0.00662 V         ; 0.129 V                             ; 0.049 V                             ; 8.55e-10 s                 ; 8.01e-10 s                 ; No                        ; Yes                       ;
; final_out_imag[10] ; 2.5 V        ; 0 s                 ; 0 s                 ; 2.32 V                       ; 1.21e-06 V                   ; 2.36 V              ; -0.00833 V          ; 0.113 V                              ; 0.035 V                              ; 6.32e-10 s                  ; 5.89e-10 s                  ; No                         ; Yes                        ; 2.32 V                      ; 1.21e-06 V                  ; 2.36 V             ; -0.00833 V         ; 0.113 V                             ; 0.035 V                             ; 6.32e-10 s                 ; 5.89e-10 s                 ; No                        ; Yes                       ;
; final_out_imag[11] ; 2.5 V        ; 0 s                 ; 0 s                 ; 2.32 V                       ; 8.13e-07 V                   ; 2.35 V              ; -0.00662 V          ; 0.129 V                              ; 0.049 V                              ; 8.55e-10 s                  ; 8.01e-10 s                  ; No                         ; Yes                        ; 2.32 V                      ; 8.13e-07 V                  ; 2.35 V             ; -0.00662 V         ; 0.129 V                             ; 0.049 V                             ; 8.55e-10 s                 ; 8.01e-10 s                 ; No                        ; Yes                       ;
; final_out_imag[12] ; 2.5 V        ; 0 s                 ; 0 s                 ; 2.32 V                       ; 8.13e-07 V                   ; 2.35 V              ; -0.00662 V          ; 0.129 V                              ; 0.049 V                              ; 8.55e-10 s                  ; 8.01e-10 s                  ; No                         ; Yes                        ; 2.32 V                      ; 8.13e-07 V                  ; 2.35 V             ; -0.00662 V         ; 0.129 V                             ; 0.049 V                             ; 8.55e-10 s                 ; 8.01e-10 s                 ; No                        ; Yes                       ;
; final_out_imag[13] ; 2.5 V        ; 0 s                 ; 0 s                 ; 2.32 V                       ; 8.13e-07 V                   ; 2.33 V              ; -0.00252 V          ; 0.203 V                              ; 0.046 V                              ; 2.34e-09 s                  ; 2.24e-09 s                  ; Yes                        ; Yes                        ; 2.32 V                      ; 8.13e-07 V                  ; 2.33 V             ; -0.00252 V         ; 0.203 V                             ; 0.046 V                             ; 2.34e-09 s                 ; 2.24e-09 s                 ; Yes                       ; Yes                       ;
; final_out_imag[14] ; 2.5 V        ; 0 s                 ; 0 s                 ; 2.32 V                       ; 1.21e-06 V                   ; 2.36 V              ; -0.00833 V          ; 0.113 V                              ; 0.035 V                              ; 6.32e-10 s                  ; 5.89e-10 s                  ; No                         ; Yes                        ; 2.32 V                      ; 1.21e-06 V                  ; 2.36 V             ; -0.00833 V         ; 0.113 V                             ; 0.035 V                             ; 6.32e-10 s                 ; 5.89e-10 s                 ; No                        ; Yes                       ;
; final_out_imag[15] ; 2.5 V        ; 0 s                 ; 0 s                 ; 2.32 V                       ; 8.13e-07 V                   ; 2.33 V              ; -0.00252 V          ; 0.203 V                              ; 0.046 V                              ; 2.34e-09 s                  ; 2.24e-09 s                  ; Yes                        ; Yes                        ; 2.32 V                      ; 8.13e-07 V                  ; 2.33 V             ; -0.00252 V         ; 0.203 V                             ; 0.046 V                             ; 2.34e-09 s                 ; 2.24e-09 s                 ; Yes                       ; Yes                       ;
; final_zero         ; 2.5 V        ; 0 s                 ; 0 s                 ; 2.32 V                       ; 8.13e-07 V                   ; 2.35 V              ; -0.00662 V          ; 0.129 V                              ; 0.049 V                              ; 8.55e-10 s                  ; 8.01e-10 s                  ; No                         ; Yes                        ; 2.32 V                      ; 8.13e-07 V                  ; 2.35 V             ; -0.00662 V         ; 0.129 V                             ; 0.049 V                             ; 8.55e-10 s                 ; 8.01e-10 s                 ; No                        ; Yes                       ;
; final_overflow     ; 2.5 V        ; 0 s                 ; 0 s                 ; 2.32 V                       ; 1.21e-06 V                   ; 2.36 V              ; -0.00833 V          ; 0.113 V                              ; 0.035 V                              ; 6.32e-10 s                  ; 5.89e-10 s                  ; No                         ; Yes                        ; 2.32 V                      ; 1.21e-06 V                  ; 2.36 V             ; -0.00833 V         ; 0.113 V                             ; 0.035 V                             ; 6.32e-10 s                 ; 5.89e-10 s                 ; No                        ; Yes                       ;
; final_neg_real     ; 2.5 V        ; 0 s                 ; 0 s                 ; 2.32 V                       ; 8.13e-07 V                   ; 2.35 V              ; -0.00662 V          ; 0.129 V                              ; 0.049 V                              ; 8.55e-10 s                  ; 8.01e-10 s                  ; No                         ; Yes                        ; 2.32 V                      ; 8.13e-07 V                  ; 2.35 V             ; -0.00662 V         ; 0.129 V                             ; 0.049 V                             ; 8.55e-10 s                 ; 8.01e-10 s                 ; No                        ; Yes                       ;
; final_neg_imag     ; 2.5 V        ; 0 s                 ; 0 s                 ; 2.32 V                       ; 8.13e-07 V                   ; 2.35 V              ; -0.00662 V          ; 0.129 V                              ; 0.049 V                              ; 8.55e-10 s                  ; 8.01e-10 s                  ; No                         ; Yes                        ; 2.32 V                      ; 8.13e-07 V                  ; 2.35 V             ; -0.00662 V         ; 0.129 V                             ; 0.049 V                             ; 8.55e-10 s                 ; 8.01e-10 s                 ; No                        ; Yes                       ;
; done_all           ; 2.5 V        ; 0 s                 ; 0 s                 ; 2.32 V                       ; 8.13e-07 V                   ; 2.35 V              ; -0.00662 V          ; 0.129 V                              ; 0.049 V                              ; 8.55e-10 s                  ; 8.01e-10 s                  ; No                         ; Yes                        ; 2.32 V                      ; 8.13e-07 V                  ; 2.35 V             ; -0.00662 V         ; 0.129 V                             ; 0.049 V                             ; 8.55e-10 s                 ; 8.01e-10 s                 ; No                        ; Yes                       ;
; ~ALTERA_NCEO~      ; 2.5 V        ; 0 s                 ; 0 s                 ; 2.32 V                       ; 7.93e-07 V                   ; 2.37 V              ; -0.0278 V           ; 0.106 V                              ; 0.115 V                              ; 2.69e-10 s                  ; 4.05e-10 s                  ; Yes                        ; Yes                        ; 2.32 V                      ; 7.93e-07 V                  ; 2.37 V             ; -0.0278 V          ; 0.106 V                             ; 0.115 V                             ; 2.69e-10 s                 ; 4.05e-10 s                 ; Yes                       ; Yes                       ;
; ~ALTERA_DCLK~      ; 2.5 V        ; 0 s                 ; 0 s                 ; 2.32 V                       ; 9.76e-07 V                   ; 2.36 V              ; -0.00439 V          ; 0.088 V                              ; 0.007 V                              ; 4.05e-10 s                  ; 3.35e-10 s                  ; Yes                        ; Yes                        ; 2.32 V                      ; 9.76e-07 V                  ; 2.36 V             ; -0.00439 V         ; 0.088 V                             ; 0.007 V                             ; 4.05e-10 s                 ; 3.35e-10 s                 ; Yes                       ; Yes                       ;
+--------------------+--------------+---------------------+---------------------+------------------------------+------------------------------+---------------------+---------------------+--------------------------------------+--------------------------------------+-----------------------------+-----------------------------+----------------------------+----------------------------+-----------------------------+-----------------------------+--------------------+--------------------+-------------------------------------+-------------------------------------+----------------------------+----------------------------+---------------------------+---------------------------+


+-------------------------------------------------------------------------------------------------------------------------------------------------------------------------------------------------------------------------------------------------------------------------------------------------------------------------------------------------------------------------------------------------------------------------------------------------------------------------------------------------------------------------------------------------------------------------------------------------------------------------------------------------------------------------------------------------+
; Signal Integrity Metrics (Fast 1200mv 0c Model)                                                                                                                                                                                                                                                                                                                                                                                                                                                                                                                                                                                                                                                 ;
+--------------------+--------------+---------------------+---------------------+------------------------------+------------------------------+---------------------+---------------------+--------------------------------------+--------------------------------------+-----------------------------+-----------------------------+----------------------------+----------------------------+-----------------------------+-----------------------------+--------------------+--------------------+-------------------------------------+-------------------------------------+----------------------------+----------------------------+---------------------------+---------------------------+
; Pin                ; I/O Standard ; Board Delay on Rise ; Board Delay on Fall ; Steady State Voh at FPGA Pin ; Steady State Vol at FPGA Pin ; Voh Max at FPGA Pin ; Vol Min at FPGA Pin ; Ringback Voltage on Rise at FPGA Pin ; Ringback Voltage on Fall at FPGA Pin ; 10-90 Rise Time at FPGA Pin ; 90-10 Fall Time at FPGA Pin ; Monotonic Rise at FPGA Pin ; Monotonic Fall at FPGA Pin ; Steady State Voh at Far-end ; Steady State Vol at Far-end ; Voh Max at Far-end ; Vol Min at Far-end ; Ringback Voltage on Rise at Far-end ; Ringback Voltage on Fall at Far-end ; 10-90 Rise Time at Far-end ; 90-10 Fall Time at Far-end ; Monotonic Rise at Far-end ; Monotonic Fall at Far-end ;
+--------------------+--------------+---------------------+---------------------+------------------------------+------------------------------+---------------------+---------------------+--------------------------------------+--------------------------------------+-----------------------------+-----------------------------+----------------------------+----------------------------+-----------------------------+-----------------------------+--------------------+--------------------+-------------------------------------+-------------------------------------+----------------------------+----------------------------+---------------------------+---------------------------+
; final_out_real[0]  ; 2.5 V        ; 0 s                 ; 0 s                 ; 2.62 V                       ; 3.16e-08 V                   ; 2.71 V              ; -0.0171 V           ; 0.273 V                              ; 0.065 V                              ; 4.95e-10 s                  ; 5.37e-10 s                  ; No                         ; Yes                        ; 2.62 V                      ; 3.16e-08 V                  ; 2.71 V             ; -0.0171 V          ; 0.273 V                             ; 0.065 V                             ; 4.95e-10 s                 ; 5.37e-10 s                 ; No                        ; Yes                       ;
; final_out_real[1]  ; 2.5 V        ; 0 s                 ; 0 s                 ; 2.62 V                       ; 4.66e-08 V                   ; 2.73 V              ; -0.0205 V           ; 0.17 V                               ; 0.027 V                              ; 2.58e-10 s                  ; 2.57e-10 s                  ; Yes                        ; Yes                        ; 2.62 V                      ; 4.66e-08 V                  ; 2.73 V             ; -0.0205 V          ; 0.17 V                              ; 0.027 V                             ; 2.58e-10 s                 ; 2.57e-10 s                 ; Yes                       ; Yes                       ;
; final_out_real[2]  ; 2.5 V        ; 0 s                 ; 0 s                 ; 2.62 V                       ; 3.16e-08 V                   ; 2.72 V              ; -0.0199 V           ; 0.186 V                              ; 0.027 V                              ; 2.63e-10 s                  ; 2.76e-10 s                  ; Yes                        ; Yes                        ; 2.62 V                      ; 3.16e-08 V                  ; 2.72 V             ; -0.0199 V          ; 0.186 V                             ; 0.027 V                             ; 2.63e-10 s                 ; 2.76e-10 s                 ; Yes                       ; Yes                       ;
; final_out_real[3]  ; 2.5 V        ; 0 s                 ; 0 s                 ; 2.62 V                       ; 3.16e-08 V                   ; 2.71 V              ; -0.0171 V           ; 0.273 V                              ; 0.065 V                              ; 4.95e-10 s                  ; 5.37e-10 s                  ; No                         ; Yes                        ; 2.62 V                      ; 3.16e-08 V                  ; 2.71 V             ; -0.0171 V          ; 0.273 V                             ; 0.065 V                             ; 4.95e-10 s                 ; 5.37e-10 s                 ; No                        ; Yes                       ;
; final_out_real[4]  ; 2.5 V        ; 0 s                 ; 0 s                 ; 2.62 V                       ; 3.16e-08 V                   ; 2.71 V              ; -0.0171 V           ; 0.273 V                              ; 0.065 V                              ; 4.95e-10 s                  ; 5.37e-10 s                  ; No                         ; Yes                        ; 2.62 V                      ; 3.16e-08 V                  ; 2.71 V             ; -0.0171 V          ; 0.273 V                             ; 0.065 V                             ; 4.95e-10 s                 ; 5.37e-10 s                 ; No                        ; Yes                       ;
; final_out_real[5]  ; 2.5 V        ; 0 s                 ; 0 s                 ; 2.62 V                       ; 4.66e-08 V                   ; 2.72 V              ; -0.0215 V           ; 0.161 V                              ; 0.061 V                              ; 4.44e-10 s                  ; 4.06e-10 s                  ; No                         ; Yes                        ; 2.62 V                      ; 4.66e-08 V                  ; 2.72 V             ; -0.0215 V          ; 0.161 V                             ; 0.061 V                             ; 4.44e-10 s                 ; 4.06e-10 s                 ; No                        ; Yes                       ;
; final_out_real[6]  ; 2.5 V        ; 0 s                 ; 0 s                 ; 2.62 V                       ; 3.16e-08 V                   ; 2.71 V              ; -0.0171 V           ; 0.273 V                              ; 0.065 V                              ; 4.95e-10 s                  ; 5.37e-10 s                  ; No                         ; Yes                        ; 2.62 V                      ; 3.16e-08 V                  ; 2.71 V             ; -0.0171 V          ; 0.273 V                             ; 0.065 V                             ; 4.95e-10 s                 ; 5.37e-10 s                 ; No                        ; Yes                       ;
; final_out_real[7]  ; 2.5 V        ; 0 s                 ; 0 s                 ; 2.62 V                       ; 4.66e-08 V                   ; 2.73 V              ; -0.0205 V           ; 0.17 V                               ; 0.027 V                              ; 2.58e-10 s                  ; 2.57e-10 s                  ; Yes                        ; Yes                        ; 2.62 V                      ; 4.66e-08 V                  ; 2.73 V             ; -0.0205 V          ; 0.17 V                              ; 0.027 V                             ; 2.58e-10 s                 ; 2.57e-10 s                 ; Yes                       ; Yes                       ;
; final_out_real[8]  ; 2.5 V        ; 0 s                 ; 0 s                 ; 2.62 V                       ; 4.66e-08 V                   ; 2.72 V              ; -0.0215 V           ; 0.161 V                              ; 0.061 V                              ; 4.44e-10 s                  ; 4.06e-10 s                  ; No                         ; Yes                        ; 2.62 V                      ; 4.66e-08 V                  ; 2.72 V             ; -0.0215 V          ; 0.161 V                             ; 0.061 V                             ; 4.44e-10 s                 ; 4.06e-10 s                 ; No                        ; Yes                       ;
; final_out_real[9]  ; 2.5 V        ; 0 s                 ; 0 s                 ; 2.62 V                       ; 3.16e-08 V                   ; 2.71 V              ; -0.0171 V           ; 0.273 V                              ; 0.065 V                              ; 4.95e-10 s                  ; 5.37e-10 s                  ; No                         ; Yes                        ; 2.62 V                      ; 3.16e-08 V                  ; 2.71 V             ; -0.0171 V          ; 0.273 V                             ; 0.065 V                             ; 4.95e-10 s                 ; 5.37e-10 s                 ; No                        ; Yes                       ;
; final_out_real[10] ; 2.5 V        ; 0 s                 ; 0 s                 ; 2.62 V                       ; 4.66e-08 V                   ; 2.72 V              ; -0.0215 V           ; 0.161 V                              ; 0.061 V                              ; 4.44e-10 s                  ; 4.06e-10 s                  ; No                         ; Yes                        ; 2.62 V                      ; 4.66e-08 V                  ; 2.72 V             ; -0.0215 V          ; 0.161 V                             ; 0.061 V                             ; 4.44e-10 s                 ; 4.06e-10 s                 ; No                        ; Yes                       ;
; final_out_real[11] ; 2.5 V        ; 0 s                 ; 0 s                 ; 2.62 V                       ; 4.66e-08 V                   ; 2.72 V              ; -0.0215 V           ; 0.161 V                              ; 0.061 V                              ; 4.44e-10 s                  ; 4.06e-10 s                  ; No                         ; Yes                        ; 2.62 V                      ; 4.66e-08 V                  ; 2.72 V             ; -0.0215 V          ; 0.161 V                             ; 0.061 V                             ; 4.44e-10 s                 ; 4.06e-10 s                 ; No                        ; Yes                       ;
; final_out_real[12] ; 2.5 V        ; 0 s                 ; 0 s                 ; 2.62 V                       ; 3.16e-08 V                   ; 2.71 V              ; -0.0171 V           ; 0.273 V                              ; 0.065 V                              ; 4.95e-10 s                  ; 5.37e-10 s                  ; No                         ; Yes                        ; 2.62 V                      ; 3.16e-08 V                  ; 2.71 V             ; -0.0171 V          ; 0.273 V                             ; 0.065 V                             ; 4.95e-10 s                 ; 5.37e-10 s                 ; No                        ; Yes                       ;
; final_out_real[13] ; 2.5 V        ; 0 s                 ; 0 s                 ; 2.62 V                       ; 4.66e-08 V                   ; 2.72 V              ; -0.0215 V           ; 0.161 V                              ; 0.061 V                              ; 4.44e-10 s                  ; 4.06e-10 s                  ; No                         ; Yes                        ; 2.62 V                      ; 4.66e-08 V                  ; 2.72 V             ; -0.0215 V          ; 0.161 V                             ; 0.061 V                             ; 4.44e-10 s                 ; 4.06e-10 s                 ; No                        ; Yes                       ;
; final_out_real[14] ; 2.5 V        ; 0 s                 ; 0 s                 ; 2.62 V                       ; 4.66e-08 V                   ; 2.72 V              ; -0.0215 V           ; 0.161 V                              ; 0.061 V                              ; 4.44e-10 s                  ; 4.06e-10 s                  ; No                         ; Yes                        ; 2.62 V                      ; 4.66e-08 V                  ; 2.72 V             ; -0.0215 V          ; 0.161 V                             ; 0.061 V                             ; 4.44e-10 s                 ; 4.06e-10 s                 ; No                        ; Yes                       ;
; final_out_real[15] ; 2.5 V        ; 0 s                 ; 0 s                 ; 2.62 V                       ; 4.66e-08 V                   ; 2.65 V              ; -0.0115 V           ; 0.219 V                              ; 0.115 V                              ; 1.64e-09 s                  ; 1.57e-09 s                  ; No                         ; Yes                        ; 2.62 V                      ; 4.66e-08 V                  ; 2.65 V             ; -0.0115 V          ; 0.219 V                             ; 0.115 V                             ; 1.64e-09 s                 ; 1.57e-09 s                 ; No                        ; Yes                       ;
; final_out_imag[0]  ; 2.5 V        ; 0 s                 ; 0 s                 ; 2.62 V                       ; 4.66e-08 V                   ; 2.72 V              ; -0.0215 V           ; 0.161 V                              ; 0.061 V                              ; 4.44e-10 s                  ; 4.06e-10 s                  ; No                         ; Yes                        ; 2.62 V                      ; 4.66e-08 V                  ; 2.72 V             ; -0.0215 V          ; 0.161 V                             ; 0.061 V                             ; 4.44e-10 s                 ; 4.06e-10 s                 ; No                        ; Yes                       ;
; final_out_imag[1]  ; 2.5 V        ; 0 s                 ; 0 s                 ; 2.62 V                       ; 4.66e-08 V                   ; 2.73 V              ; -0.0205 V           ; 0.17 V                               ; 0.027 V                              ; 2.58e-10 s                  ; 2.57e-10 s                  ; Yes                        ; Yes                        ; 2.62 V                      ; 4.66e-08 V                  ; 2.73 V             ; -0.0205 V          ; 0.17 V                              ; 0.027 V                             ; 2.58e-10 s                 ; 2.57e-10 s                 ; Yes                       ; Yes                       ;
; final_out_imag[2]  ; 2.5 V        ; 0 s                 ; 0 s                 ; 2.62 V                       ; 4.66e-08 V                   ; 2.65 V              ; -0.0115 V           ; 0.219 V                              ; 0.115 V                              ; 1.64e-09 s                  ; 1.57e-09 s                  ; No                         ; Yes                        ; 2.62 V                      ; 4.66e-08 V                  ; 2.65 V             ; -0.0115 V          ; 0.219 V                             ; 0.115 V                             ; 1.64e-09 s                 ; 1.57e-09 s                 ; No                        ; Yes                       ;
; final_out_imag[3]  ; 2.5 V        ; 0 s                 ; 0 s                 ; 2.62 V                       ; 4.66e-08 V                   ; 2.73 V              ; -0.0205 V           ; 0.17 V                               ; 0.027 V                              ; 2.58e-10 s                  ; 2.57e-10 s                  ; Yes                        ; Yes                        ; 2.62 V                      ; 4.66e-08 V                  ; 2.73 V             ; -0.0205 V          ; 0.17 V                              ; 0.027 V                             ; 2.58e-10 s                 ; 2.57e-10 s                 ; Yes                       ; Yes                       ;
; final_out_imag[4]  ; 2.5 V        ; 0 s                 ; 0 s                 ; 2.62 V                       ; 4.66e-08 V                   ; 2.65 V              ; -0.0115 V           ; 0.219 V                              ; 0.115 V                              ; 1.64e-09 s                  ; 1.57e-09 s                  ; No                         ; Yes                        ; 2.62 V                      ; 4.66e-08 V                  ; 2.65 V             ; -0.0115 V          ; 0.219 V                             ; 0.115 V                             ; 1.64e-09 s                 ; 1.57e-09 s                 ; No                        ; Yes                       ;
; final_out_imag[5]  ; 2.5 V        ; 0 s                 ; 0 s                 ; 2.62 V                       ; 3.16e-08 V                   ; 2.72 V              ; -0.0199 V           ; 0.186 V                              ; 0.027 V                              ; 2.63e-10 s                  ; 2.76e-10 s                  ; Yes                        ; Yes                        ; 2.62 V                      ; 3.16e-08 V                  ; 2.72 V             ; -0.0199 V          ; 0.186 V                             ; 0.027 V                             ; 2.63e-10 s                 ; 2.76e-10 s                 ; Yes                       ; Yes                       ;
; final_out_imag[6]  ; 2.5 V        ; 0 s                 ; 0 s                 ; 2.62 V                       ; 4.66e-08 V                   ; 2.73 V              ; -0.0205 V           ; 0.17 V                               ; 0.027 V                              ; 2.58e-10 s                  ; 2.57e-10 s                  ; Yes                        ; Yes                        ; 2.62 V                      ; 4.66e-08 V                  ; 2.73 V             ; -0.0205 V          ; 0.17 V                              ; 0.027 V                             ; 2.58e-10 s                 ; 2.57e-10 s                 ; Yes                       ; Yes                       ;
; final_out_imag[7]  ; 2.5 V        ; 0 s                 ; 0 s                 ; 2.62 V                       ; 4.66e-08 V                   ; 2.72 V              ; -0.0215 V           ; 0.161 V                              ; 0.061 V                              ; 4.44e-10 s                  ; 4.06e-10 s                  ; No                         ; Yes                        ; 2.62 V                      ; 4.66e-08 V                  ; 2.72 V             ; -0.0215 V          ; 0.161 V                             ; 0.061 V                             ; 4.44e-10 s                 ; 4.06e-10 s                 ; No                        ; Yes                       ;
; final_out_imag[8]  ; 2.5 V        ; 0 s                 ; 0 s                 ; 2.62 V                       ; 3.16e-08 V                   ; 2.72 V              ; -0.0199 V           ; 0.186 V                              ; 0.027 V                              ; 2.63e-10 s                  ; 2.76e-10 s                  ; Yes                        ; Yes                        ; 2.62 V                      ; 3.16e-08 V                  ; 2.72 V             ; -0.0199 V          ; 0.186 V                             ; 0.027 V                             ; 2.63e-10 s                 ; 2.76e-10 s                 ; Yes                       ; Yes                       ;
; final_out_imag[9]  ; 2.5 V        ; 0 s                 ; 0 s                 ; 2.62 V                       ; 3.16e-08 V                   ; 2.71 V              ; -0.0171 V           ; 0.273 V                              ; 0.065 V                              ; 4.95e-10 s                  ; 5.37e-10 s                  ; No                         ; Yes                        ; 2.62 V                      ; 3.16e-08 V                  ; 2.71 V             ; -0.0171 V          ; 0.273 V                             ; 0.065 V                             ; 4.95e-10 s                 ; 5.37e-10 s                 ; No                        ; Yes                       ;
; final_out_imag[10] ; 2.5 V        ; 0 s                 ; 0 s                 ; 2.62 V                       ; 4.66e-08 V                   ; 2.72 V              ; -0.0215 V           ; 0.161 V                              ; 0.061 V                              ; 4.44e-10 s                  ; 4.06e-10 s                  ; No                         ; Yes                        ; 2.62 V                      ; 4.66e-08 V                  ; 2.72 V             ; -0.0215 V          ; 0.161 V                             ; 0.061 V                             ; 4.44e-10 s                 ; 4.06e-10 s                 ; No                        ; Yes                       ;
; final_out_imag[11] ; 2.5 V        ; 0 s                 ; 0 s                 ; 2.62 V                       ; 3.16e-08 V                   ; 2.71 V              ; -0.0171 V           ; 0.273 V                              ; 0.065 V                              ; 4.95e-10 s                  ; 5.37e-10 s                  ; No                         ; Yes                        ; 2.62 V                      ; 3.16e-08 V                  ; 2.71 V             ; -0.0171 V          ; 0.273 V                             ; 0.065 V                             ; 4.95e-10 s                 ; 5.37e-10 s                 ; No                        ; Yes                       ;
; final_out_imag[12] ; 2.5 V        ; 0 s                 ; 0 s                 ; 2.62 V                       ; 3.16e-08 V                   ; 2.71 V              ; -0.0171 V           ; 0.273 V                              ; 0.065 V                              ; 4.95e-10 s                  ; 5.37e-10 s                  ; No                         ; Yes                        ; 2.62 V                      ; 3.16e-08 V                  ; 2.71 V             ; -0.0171 V          ; 0.273 V                             ; 0.065 V                             ; 4.95e-10 s                 ; 5.37e-10 s                 ; No                        ; Yes                       ;
; final_out_imag[13] ; 2.5 V        ; 0 s                 ; 0 s                 ; 2.62 V                       ; 3.16e-08 V                   ; 2.65 V              ; -0.0109 V           ; 0.234 V                              ; 0.125 V                              ; 1.64e-09 s                  ; 1.59e-09 s                  ; No                         ; Yes                        ; 2.62 V                      ; 3.16e-08 V                  ; 2.65 V             ; -0.0109 V          ; 0.234 V                             ; 0.125 V                             ; 1.64e-09 s                 ; 1.59e-09 s                 ; No                        ; Yes                       ;
; final_out_imag[14] ; 2.5 V        ; 0 s                 ; 0 s                 ; 2.62 V                       ; 4.66e-08 V                   ; 2.72 V              ; -0.0215 V           ; 0.161 V                              ; 0.061 V                              ; 4.44e-10 s                  ; 4.06e-10 s                  ; No                         ; Yes                        ; 2.62 V                      ; 4.66e-08 V                  ; 2.72 V             ; -0.0215 V          ; 0.161 V                             ; 0.061 V                             ; 4.44e-10 s                 ; 4.06e-10 s                 ; No                        ; Yes                       ;
; final_out_imag[15] ; 2.5 V        ; 0 s                 ; 0 s                 ; 2.62 V                       ; 3.16e-08 V                   ; 2.65 V              ; -0.0109 V           ; 0.234 V                              ; 0.125 V                              ; 1.64e-09 s                  ; 1.59e-09 s                  ; No                         ; Yes                        ; 2.62 V                      ; 3.16e-08 V                  ; 2.65 V             ; -0.0109 V          ; 0.234 V                             ; 0.125 V                             ; 1.64e-09 s                 ; 1.59e-09 s                 ; No                        ; Yes                       ;
; final_zero         ; 2.5 V        ; 0 s                 ; 0 s                 ; 2.62 V                       ; 3.16e-08 V                   ; 2.71 V              ; -0.0171 V           ; 0.273 V                              ; 0.065 V                              ; 4.95e-10 s                  ; 5.37e-10 s                  ; No                         ; Yes                        ; 2.62 V                      ; 3.16e-08 V                  ; 2.71 V             ; -0.0171 V          ; 0.273 V                             ; 0.065 V                             ; 4.95e-10 s                 ; 5.37e-10 s                 ; No                        ; Yes                       ;
; final_overflow     ; 2.5 V        ; 0 s                 ; 0 s                 ; 2.62 V                       ; 4.66e-08 V                   ; 2.72 V              ; -0.0215 V           ; 0.161 V                              ; 0.061 V                              ; 4.44e-10 s                  ; 4.06e-10 s                  ; No                         ; Yes                        ; 2.62 V                      ; 4.66e-08 V                  ; 2.72 V             ; -0.0215 V          ; 0.161 V                             ; 0.061 V                             ; 4.44e-10 s                 ; 4.06e-10 s                 ; No                        ; Yes                       ;
; final_neg_real     ; 2.5 V        ; 0 s                 ; 0 s                 ; 2.62 V                       ; 3.16e-08 V                   ; 2.71 V              ; -0.0171 V           ; 0.273 V                              ; 0.065 V                              ; 4.95e-10 s                  ; 5.37e-10 s                  ; No                         ; Yes                        ; 2.62 V                      ; 3.16e-08 V                  ; 2.71 V             ; -0.0171 V          ; 0.273 V                             ; 0.065 V                             ; 4.95e-10 s                 ; 5.37e-10 s                 ; No                        ; Yes                       ;
; final_neg_imag     ; 2.5 V        ; 0 s                 ; 0 s                 ; 2.62 V                       ; 3.16e-08 V                   ; 2.71 V              ; -0.0171 V           ; 0.273 V                              ; 0.065 V                              ; 4.95e-10 s                  ; 5.37e-10 s                  ; No                         ; Yes                        ; 2.62 V                      ; 3.16e-08 V                  ; 2.71 V             ; -0.0171 V          ; 0.273 V                             ; 0.065 V                             ; 4.95e-10 s                 ; 5.37e-10 s                 ; No                        ; Yes                       ;
; done_all           ; 2.5 V        ; 0 s                 ; 0 s                 ; 2.62 V                       ; 3.16e-08 V                   ; 2.71 V              ; -0.0171 V           ; 0.273 V                              ; 0.065 V                              ; 4.95e-10 s                  ; 5.37e-10 s                  ; No                         ; Yes                        ; 2.62 V                      ; 3.16e-08 V                  ; 2.71 V             ; -0.0171 V          ; 0.273 V                             ; 0.065 V                             ; 4.95e-10 s                 ; 5.37e-10 s                 ; No                        ; Yes                       ;
; ~ALTERA_NCEO~      ; 2.5 V        ; 0 s                 ; 0 s                 ; 2.62 V                       ; 3.06e-08 V                   ; 2.86 V              ; -0.0341 V           ; 0.364 V                              ; 0.046 V                              ; 1.17e-10 s                  ; 2.6e-10 s                   ; No                         ; Yes                        ; 2.62 V                      ; 3.06e-08 V                  ; 2.86 V             ; -0.0341 V          ; 0.364 V                             ; 0.046 V                             ; 1.17e-10 s                 ; 2.6e-10 s                  ; No                        ; Yes                       ;
; ~ALTERA_DCLK~      ; 2.5 V        ; 0 s                 ; 0 s                 ; 2.62 V                       ; 3.81e-08 V                   ; 2.72 V              ; -0.0542 V           ; 0.144 V                              ; 0.087 V                              ; 2.55e-10 s                  ; 2.14e-10 s                  ; Yes                        ; Yes                        ; 2.62 V                      ; 3.81e-08 V                  ; 2.72 V             ; -0.0542 V          ; 0.144 V                             ; 0.087 V                             ; 2.55e-10 s                 ; 2.14e-10 s                 ; Yes                       ; Yes                       ;
+--------------------+--------------+---------------------+---------------------+------------------------------+------------------------------+---------------------+---------------------+--------------------------------------+--------------------------------------+-----------------------------+-----------------------------+----------------------------+----------------------------+-----------------------------+-----------------------------+--------------------+--------------------+-------------------------------------+-------------------------------------+----------------------------+----------------------------+---------------------------+---------------------------+


+-------------------------------------------------------------------+
; Setup Transfers                                                   ;
+------------+----------+----------+----------+----------+----------+
; From Clock ; To Clock ; RR Paths ; FR Paths ; RF Paths ; FF Paths ;
+------------+----------+----------+----------+----------+----------+
; clk        ; clk      ; 920048   ; 0        ; 0        ; 0        ;
+------------+----------+----------+----------+----------+----------+
Entries labeled "false path" only account for clock-to-clock false paths and not path-based false paths. As a result, actual path counts may be lower than reported.


+-------------------------------------------------------------------+
; Hold Transfers                                                    ;
+------------+----------+----------+----------+----------+----------+
; From Clock ; To Clock ; RR Paths ; FR Paths ; RF Paths ; FF Paths ;
+------------+----------+----------+----------+----------+----------+
; clk        ; clk      ; 920048   ; 0        ; 0        ; 0        ;
+------------+----------+----------+----------+----------+----------+
Entries labeled "false path" only account for clock-to-clock false paths and not path-based false paths. As a result, actual path counts may be lower than reported.


---------------
; Report TCCS ;
---------------
No dedicated SERDES Transmitter circuitry present in device or used in design


---------------
; Report RSKM ;
---------------
No dedicated SERDES Receiver circuitry present in device or used in design


+------------------------------------------------+
; Unconstrained Paths                            ;
+---------------------------------+-------+------+
; Property                        ; Setup ; Hold ;
+---------------------------------+-------+------+
; Illegal Clocks                  ; 0     ; 0    ;
; Unconstrained Clocks            ; 0     ; 0    ;
; Unconstrained Input Ports       ; 1     ; 1    ;
; Unconstrained Input Port Paths  ; 202   ; 202  ;
; Unconstrained Output Ports      ; 37    ; 37   ;
; Unconstrained Output Port Paths ; 37    ; 37   ;
+---------------------------------+-------+------+


+------------------------------------+
; TimeQuest Timing Analyzer Messages ;
+------------------------------------+
Info: *******************************************************************
Info: Running Quartus II 64-Bit TimeQuest Timing Analyzer
    Info: Version 13.0.1 Build 232 06/12/2013 Service Pack 1 SJ Web Edition
    Info: Processing started: Fri Aug 21 15:14:00 2026
Info: Command: quartus_sta az8 -c az8
Info: qsta_default_script.tcl version: #1
Warning (20028): Parallel compilation is not licensed and has been disabled
Info (21076): High junction temperature operating condition is not set. Assuming a default value of '85'.
Info (21076): Low junction temperature operating condition is not set. Assuming a default value of '0'.
Critical Warning (332012): Synopsys Design Constraints File file not found: 'az8.sdc'. A Synopsys Design Constraints File is required by the TimeQuest Timing Analyzer to get proper timing constraints. Without it, the Compiler will not properly optimize the design.
Info (332142): No user constrained base clocks found in the design. Calling "derive_clocks -period 1.0"
Info (332105): Deriving Clocks
    Info (332105): create_clock -period 1.000 -name clk clk
Info (332143): No user constrained clock uncertainty found in the design. Calling "derive_clock_uncertainty"
Info (332123): Deriving Clock Uncertainty. Please refer to report_sdc in TimeQuest to see clock uncertainties.
Info: Found TIMEQUEST_REPORT_SCRIPT_INCLUDE_DEFAULT_ANALYSIS = ON
Info: Analyzing Slow 1200mV 85C Model
Critical Warning (332148): Timing requirements not met
    Info (11105): For recommendations on closing timing, run Report Timing Closure Recommendations in the TimeQuest Timing Analyzer.
Info (332146): Worst-case setup slack is -7.626
    Info (332119):     Slack End Point TNS Clock 
    Info (332119): ========= ============= =====================
    Info (332119):    -7.626      -695.051 clk 
Info (332146): Worst-case hold slack is 0.356
    Info (332119):     Slack End Point TNS Clock 
    Info (332119): ========= ============= =====================
    Info (332119):     0.356         0.000 clk 
Info (332140): No Recovery paths to report
Info (332140): No Removal paths to report
Info (332146): Worst-case minimum pulse width slack is -3.000
    Info (332119):     Slack End Point TNS Clock 
    Info (332119): ========= ============= =====================
    Info (332119):    -3.000      -205.000 clk 
Info: Analyzing Slow 1200mV 0C Model
Info (334003): Started post-fitting delay annotation
Info (334004): Delay annotation completed successfully
Info (332123): Deriving Clock Uncertainty. Please refer to report_sdc in TimeQuest to see clock uncertainties.
Critical Warning (332148): Timing requirements not met
    Info (11105): For recommendations on closing timing, run Report Timing Closure Recommendations in the TimeQuest Timing Analyzer.
Info (332146): Worst-case setup slack is -6.707
    Info (332119):     Slack End Point TNS Clock 
    Info (332119): ========= ============= =====================
    Info (332119):    -6.707      -603.387 clk 
Info (332146): Worst-case hold slack is 0.310
    Info (332119):     Slack End Point TNS Clock 
    Info (332119): ========= ============= =====================
    Info (332119):     0.310         0.000 clk 
Info (332140): No Recovery paths to report
Info (332140): No Removal paths to report
Info (332146): Worst-case minimum pulse width slack is -3.000
    Info (332119):     Slack End Point TNS Clock 
    Info (332119): ========= ============= =====================
    Info (332119):    -3.000      -205.000 clk 
Info: Analyzing Fast 1200mV 0C Model
Info (332123): Deriving Clock Uncertainty. Please refer to report_sdc in TimeQuest to see clock uncertainties.
Critical Warning (332148): Timing requirements not met
    Info (11105): For recommendations on closing timing, run Report Timing Closure Recommendations in the TimeQuest Timing Analyzer.
Info (332146): Worst-case setup slack is -3.816
    Info (332119):     Slack End Point TNS Clock 
    Info (332119): ========= ============= =====================
    Info (332119):    -3.816      -310.222 clk 
Info (332146): Worst-case hold slack is 0.187
    Info (332119):     Slack End Point TNS Clock 
    Info (332119): ========= ============= =====================
    Info (332119):     0.187         0.000 clk 
Info (332140): No Recovery paths to report
Info (332140): No Removal paths to report
Info (332146): Worst-case minimum pulse width slack is -3.000
    Info (332119):     Slack End Point TNS Clock 
    Info (332119): ========= ============= =====================
    Info (332119):    -3.000      -212.991 clk 
Info (332102): Design is not fully constrained for setup requirements
Info (332102): Design is not fully constrained for hold requirements
Info: Quartus II 64-Bit TimeQuest Timing Analyzer was successful. 0 errors, 5 warnings
    Info: Peak virtual memory: 4631 megabytes
    Info: Processing ended: Fri Aug 21 15:14:03 2026
    Info: Elapsed time: 00:00:03
    Info: Total CPU time (on all processors): 00:00:03


